/* Auto-generated: WenQuanYi Micro Hei texts, 4-bit gray, 2px/byte */
#ifndef _GUI_TEXT_H
#define _GUI_TEXT_H
#include <stdint.h>

static const uint8_t gui_txt_btn1_bits[1740] = {
  0x00,0x00,0x00,0x00,0x00,0x00,0x00,0x00,0x00,0x00,0x00,0x00,0x00,0x00,0x00,0x00,0x00,0x00,0x00,0x00,0x00,0x00,0x00,0x00,
  0x00,0x00,0x00,0x00,0x00,0x00,0x00,0x00,0x00,0x00,0x00,0x00,0x00,0x00,0x00,0x00,0x00,0x00,0x00,0x00,0x00,0x00,0x00,0x00,
  0x00,0x00,0x00,0x00,0x00,0x00,0x00,0x00,0x00,0x00,0x00,0x00,0x00,0x00,0x00,0x00,0x00,0x00,0x00,0x00,0x00,0x00,0x00,0x00,
  0x00,0x00,0x00,0x00,0x00,0x00,0x00,0x00,0x00,0x00,0x00,0x00,0x00,0x00,0x00,0x00,0x00,0x00,0x00,0x00,0x00,0x00,0x00,0x00,
  0x00,0x00,0x00,0x00,0x00,0x00,0x00,0x00,0x00,0x00,0x00,0x00,0x00,0x00,0x00,0x00,0x00,0x00,0x00,0x00,0x00,0x00,0x00,0x00,
  0x95,0x00,0x00,0x00,0x00,0x00,0x06,0x94,0x00,0x00,0x00,0x00,0x00,0x09,0x91,0x00,0x00,0x04,0x96,0x00,0x00,0x99,0x00,0x00,
  0x00,0x00,0x00,0x00,0x00,0x00,0x00,0x00,0x00,0x00,0x00,0x00,0x00,0x00,0x00,0x00,0x00,0x00,0x00,0x00,0x00,0x00,0x00,0x00,
  0x06,0x40,0x00,0x00,0x00,0x00,0x00,0x00,0x00,0x06,0xfe,0x10,0x00,0x00,0x00,0x00,0x09,0xf6,0x00,0x00,0x00,0x00,0x00,0x1f,
  0xf1,0x00,0x00,0x06,0xf9,0x00,0x00,0xef,0x10,0x00,0x00,0x00,0x26,0x66,0x66,0x66,0x61,0x6e,0xee,0xee,0xee,0xee,0xee,0x90,
  0x00,0x01,0x99,0x99,0x99,0x90,0x02,0x20,0x00,0x00,0x3f,0xe1,0x00,0x00,0x00,0x00,0x00,0x00,0x00,0x1d,0xfc,0x88,0x88,0x20,
  0x00,0x00,0x09,0xf6,0x00,0x00,0x00,0x00,0x00,0x1f,0xf1,0x06,0x88,0x8b,0xfc,0x88,0x88,0xef,0x98,0x88,0x30,0x00,0x5f,0xff,
  0xff,0xff,0xf2,0x6f,0xff,0xff,0xff,0xff,0xff,0x90,0x00,0x02,0xff,0xff,0xff,0xf1,0x9f,0x90,0x00,0x00,0x9f,0xa0,0x00,0x00,
  0x00,0x00,0x00,0x00,0x00,0x9f,0xff,0xff,0xff,0x30,0x00,0x00,0x09,0xf6,0x00,0x00,0x00,0x00,0x00,0x1f,0xf1,0x0c,0xff,0xff,
  0xff,0xff,0xff,0xff,0xff,0xff,0x70,0x00,0x5f,0xe9,0x99,0x9e,0xf2,0x6f,0xb1,0x11,0x11,0x11,0x9f,0x90,0x00,0x02,0xfe,0x33,
  0x4f,0xe0,0x4f,0xe0,0x28,0x88,0xef,0xb8,0x88,0x88,0x00,0x00,0x00,0x00,0x06,0xfe,0x76,0x68,0xfe,0x20,0x00,0x00,0x09,0xf6,
  0x00,0x00,0x00,0x00,0x00,0x1f,0xf2,0x05,0x66,0x6a,0xfb,0x66,0x66,0xef,0x66,0x66,0x20,0x00,0x5f,0xc0,0x00,0x0d,0xf2,0x6f,
  0xb0,0x00,0x00,0x00,0x8f,0x90,0x00,0x02,0xfe,0x00,0x7f,0x80,0x0d,0xf4,0x5f,0xff,0xff,0xff,0xff,0xff,0x00,0x00,0x00,0x00,
  0x3e,0xf8,0x00,0x0a,0xf9,0x00,0x06,0x77,0x7c,0xfa,0x77,0x74,0x00,0x07,0xff,0xff,0xff,0xf4,0x00,0x06,0xf9,0x00,0x00,0xef,
  0x10,0x00,0x00,0x00,0x5f,0xc0,0x00,0x0d,0xf2,0x6f,0xb0,0x00,0x00,0x00,0x8f,0x90,0x00,0x02,0xfe,0x00,0xcf,0x30,0x08,0xf7,
  0x25,0x9f,0xf7,0x55,0x55,0x55,0x00,0x00,0x00,0x03,0xef,0xd3,0x22,0x5f,0xf4,0x22,0x0c,0xff,0xff,0xff,0xff,0xf8,0x00,0x07,
  0xff,0xff,0xff,0xf4,0x27,0x7a,0xfc,0x77,0x77,0xef,0x87,0x70,0x00,0x00,0x5f,0xc0,0x00,0x0d,0xf2,0x6f,0xeb,0xbb,0xbb,0xbb,
  0xdf,0x90,0x00,0x02,0xfe,0x03,0xfc,0x00,0x02,0x30,0x01,0xdf,0xa0,0x00,0x00,0x00,0x00,0x00,0x00,0x06,0xff,0xff,0xff,0xff,
  0xff,0xfb,0x0c,0xf7,0x7c,0xfa,0x7a,0xf8,0x00,0x00,0x00,0x1f,0xf2,0x00,0x4f,0xff,0xff,0xff,0xff,0xff,0xff,0xe0,0x00,0x00,
  0x5f,0xc0,0x00,0x0d,0xf2,0x6f,0xff,0xff,0xff,0xff,0xff,0x90,0x00,0x02,0xfe,0x09,0xf6,0x00,0x00,0x00,0x0b,0xfe,0x43,0x33,
  0x33,0x32,0x00,0x00,0x00,0x00,0xac,0xfc,0xbd,0xfd,0xbc,0xfb,0x0c,0xf0,0x09,0xf6,0x05,0xf8,0x00,0x00,0x00,0x1f,0xf1,0x00,
  0x4f,0xd5,0x55,0x55,0x55,0x55,0x6f,0xe0,0x00,0x00,0x5f,0xe9,0x99,0x9e,0xf2,0x6f,0xc5,0x55,0x55,0x55,0xaf,0x90,0x00,0x02,
  0xfe,0x0e,0xe1,0x00,0x00,0x00,0x9f,0xff,0xff,0xff,0xff,0xfa,0x00,0x00,0x00,0x00,0x0a,0xf5,0x06,0xf7,0x04,0xfb,0x0c,0xf0,
  0x09,0xf6,0x05,0xf8,0x00,0x00,0x00,0x1f,0xf1,0x00,0x4f,0xc0,0x00,0x00,0x00,0x00,0x2f,0xe0,0x00,0x00,0x5f,0xff,0xff,0xff,
  0xf2,0x6f,0xb0,0x00,0x00,0x00,0x8f,0x90,0x00,0x02,0xfe,0x5f,0xb0,0x00,0x00,0x01,0xde,0xbf,0xc9,0x99,0x9b,0xfa,0x00,0x00,
  0x00,0x00,0x0a,0xf5,0x06,0xf7,0x04,0xfb,0x0c,0xf0,0x09,0xf6,0x05,0xf8,0x00,0x00,0x00,0x1f,0xf1,0x00,0x4f,0xed,0xdd,0xdd,
  0xdd,0xdd,0xdf,0xe0,0x00,0x00,0x26,0x66,0xcf,0xa6,0x60,0x6f,0xb0,0x00,0x00,0x00,0x8f,0x90,0x00,0x02,0xfe,0x2e,0xf3,0x00,
  0xcf,0xfd,0x25,0x7f,0x70,0x00,0x04,0xfa,0x00,0x00,0x00,0x00,0x0a,0xf7,0x49,0xf9,0x47,0xfb,0x0c,0xf0,0x09,0xf6,0x05,0xf8,
  0x00,0x00,0x00,0x1f,0xf1,0x47,0x4f,0xec,0xcc,0xcc,0xcc,0xcc,0xdf,0xe0,0x00,0x00,0x00,0x00,0x9f,0x80,0x00,0x6f,0xd8,0x88,
  0x88,0x88,0xcf,0x90,0x00,0x02,0xfe,0x07,0xfb,0x00,0xbe,0xfd,0x00,0x7f,0x94,0x44,0x46,0xfa,0x00,0x00,0x00,0x00,0x0a,0xff,
  0xff,0xff,0xff,0xfb,0x0c,0xf0,0x09,0xf6,0x05,0xf8,0x00,0x00,0x00,0x1f,0xfc,0xfd,0x4f,0xc0,0x00,0x00,0x00,0x00,0x2f,0xe0,
  0x00,0x00,0x00,0x00,0x9f,0x80,0x00,0x6f,0xff,0xff,0xff,0xff,0xff,0x90,0x00,0x02,0xfe,0x00,0xdf,0x30,0x00,0xed,0x00,0x7f,
  0xff,0xff,0xff,0xfa,0x00,0x00,0x00,0x00,0x0a,0xfb,0x8b,0xfc,0x8a,0xfb,0x0c,0xf0,0x09,0xf6,0x05,0xf8,0x00,0x00,0x03,0x9f,
  0xff,0xe7,0x4f,0xd6,0x66,0x66,0x66,0x66,0x7f,0xe0,0x00,0x00,0x5f,0xc0,0x9f,0xa4,0x40,0x6f,0xd7,0x7d,0xf9,0x77,0x77,0x40,
  0x00,0x02,0xfe,0x00,0x8f,0x80,0x00,0xed,0x00,0x7f,0xb7,0x77,0x79,0xfa,0x00,0x00,0x00,0x00,0x0a,0xf5,0x06,0xf7,0x04,0xfb,
  0x0c,0xf5,0x4b,0xf9,0x48,0xf8,0x00,0x05,0xcf,0xff,0xf9,0x10,0x4f,0xff,0xff,0xff,0xff,0xff,0xff,0xe0,0x00,0x00,0x5f,0xc0,
  0x9f,0xff,0xf0,0x6f,0xb0,0x09,0xf7,0x00,0x00,0x10,0x00,0x02,0xfe,0x00,0x4f,0xb0,0x00,0xed,0x00,0x7f,0x70,0x00,0x04,0xfa,
  0x00,0x00,0x00,0x00,0x0a,0xf5,0x06,0xf7,0x04,0xfb,0x0c,0xff,0xff,0xff,0xff,0xf8,0x00,0x05,0xff,0xef,0xf1,0x00,0x16,0x66,
  0x66,0xaf,0xd6,0x66,0x66,0x60,0x00,0x00,0x5f,0xc0,0x9f,0xdb,0xb0,0x6f,0xb0,0x06,0xfc,0x00,0x08,0xd3,0x00,0x02,0xfe,0x00,
  0x2f,0xd0,0x00,0xed,0x00,0x7f,0xc9,0x99,0x9b,0xfa,0x00,0x00,0x00,0x00,0x0a,0xf9,0x6a,0xfb,0x69,0xfb,0x07,0x99,0x9d,0xfc,
  0x99,0x95,0x00,0x00,0xa5,0x1f,0xf1,0x00,0x00,0x00,0x00,0x9f,0x80,0x00,0x00,0x00,0x00,0x00,0x5f,0xc0,0x9f,0x80,0x00,0x6f,
  0xb0,0x01,0xff,0x20,0x8f,0xf8,0x00,0x02,0xfe,0x00,0x2f,0xe0,0x00,0xed,0x00,0x7f,0xff,0xff,0xff,0xfa,0x00,0x00,0x00,0x00,
  0x0b,0xff,0xff,0xff,0xff,0xfb,0x00,0x00,0x09,0xf6,0x00,0x00,0x00,0x00,0x00,0x1f,0xf1,0x18,0x88,0x88,0x88,0xdf,0xb8,0x88,
  0x88,0x88,0x50,0x00,0x5f,0xc0,0x9f,0x80,0x00,0x6f,0xb0,0x00,0xcf,0xaa,0xff,0xa0,0x00,0x02,0xfe,0x00,0x4f,0xc0,0x00,0xed,
  0x00,0x7f,0x83,0x33,0x36,0xfa,0x00,0x00,0x00,0x00,0x0b,0xfa,0x7b,0xfb,0x79,0xfb,0x00,0x00,0x09,0xf6,0x2a,0x60,0x00,0x00,
  0x00,0x1f,0xf1,0x2f,0xff,0xff,0xff,0xff,0xff,0xff,0xff,0xff,0x80,0x00,0x5f,0xc0,0x9f,0x80,0x00,0x6f,0xb0,0x00,0x6f,0xff,
  0xf9,0x00,0x00,0x02,0xfe,0x69,0xdf,0x80,0x00,0xed,0x00,0x7f,0x70,0x00,0x04,0xfa,0x00,0x00,0x00,0x00,0x0c,0xf4,0x06,0xf7,
  0x04,0xfb,0x00,0x00,0x09,0xf6,0x3f,0xc0,0x00,0x00,0x00,0x1f,0xf1,0x05,0x55,0x55,0x5d,0xfd,0xfe,0x65,0x55,0x55,0x30,0x00,
  0x5f,0xc0,0x9f,0x80,0x00,0x6f,0xb0,0x00,0x0d,0xff,0x50,0x00,0x00,0x02,0xfe,0x6f,0xfc,0x10,0x00,0xed,0x00,0x7f,0x70,0x03,
  0x17,0xfa,0x00,0x00,0x00,0x00,0x0e,0xf3,0x06,0xf7,0x04,0xfb,0x00,0x00,0x09,0xf6,0x0d,0xf2,0x00,0x00,0x00,0x1f,0xf1,0x00,
  0x00,0x00,0x7f,0xe2,0xbf,0xb1,0x00,0x00,0x00,0x00,0x5f,0xc0,0x9f,0x84,0x80,0x6f,0xb0,0x00,0x04,0xff,0xb0,0x00,0x00,0x02,
  0xfe,0x04,0x40,0x00,0x00,0xed,0x00,0x7f,0x70,0x0d,0xff,0xf6,0x00,0x00,0x00,0x00,0x1f,0xf1,0x06,0xf7,0x04,0xfb,0x00,0x00,
  0x09,0xf6,0x3c,0xf6,0x00,0x00,0x00,0x1f,0xf1,0x00,0x00,0x19,0xff,0x60,0x1d,0xfd,0x40,0x00,0x00,0x00,0x5f,0xc2,0xbf,0xff,
  0xe0,0x6f,0xb0,0x00,0x55,0x8f,0xfc,0x20,0x00,0x02,0xfe,0x00,0x00,0x00,0x03,0xee,0x50,0x5a,0x50,0x06,0xbb,0x70,0x00,0x00,
  0x00,0x00,0x4f,0xe0,0x03,0x63,0x04,0xfb,0x00,0x24,0x7d,0xff,0xff,0xfa,0x00,0x00,0x00,0x2f,0xf1,0x00,0x28,0xef,0xe7,0x00,
  0x02,0xdf,0xfc,0x51,0x00,0x04,0xaf,0xff,0xff,0xea,0x50,0x6f,0xc5,0x9e,0xfb,0x09,0xff,0xe7,0x00,0x02,0xfe,0x00,0x00,0x00,
  0x8e,0xeb,0xea,0x41,0x00,0x00,0x00,0x00,0x00,0x00,0x00,0x00,0x9f,0xa0,0x00,0x28,0x7a,0xfb,0x3e,0xff,0xff,0xfe,0xb8,0xee,
  0x00,0x05,0xca,0xcf,0xe0,0x7c,0xff,0xfc,0x40,0x00,0x00,0x19,0xff,0xfe,0x90,0x0a,0xff,0xfe,0xb6,0x10,0x00,0x6f,0xff,0xff,
  0xd6,0x00,0x7e,0xff,0x80,0x02,0xfe,0x00,0x00,0x08,0xfe,0x40,0xcf,0xff,0xee,0xdd,0xdd,0xdd,0x30,0x00,0x00,0x00,0xef,0x60,
  0x00,0x1f,0xff,0xf7,0x0e,0xeb,0x86,0x20,0x00,0xcf,0x30,0x02,0xff,0xff,0xb0,0x6f,0xeb,0x50,0x00,0x00,0x00,0x00,0x3a,0xef,
  0x30,0x05,0xd9,0x40,0x00,0x00,0x00,0x4e,0xfd,0x94,0x00,0x00,0x04,0xdc,0x00,0x02,0xfe,0x00,0x00,0x00,0xd5,0x00,0x07,0xdf,
  0xff,0xff,0xff,0xfd,0x00,0x00,0x00,0x00,0x16,0x00,0x00,0x06,0x89,0x60,0x01,0x00,0x00,0x00,0x00,0x63,0x00,0x00,0x36,0x75,
  0x00,0x04,0x10,0x00,0x00,0x00,0x00,0x00,0x00,0x15,0x00,0x00,0x00,0x00,0x00,0x00,0x00,0x03,0x20,0x00,0x00,0x00,0x00,0x11,
  0x00,0x01,0x98,0x00,0x00,0x00,0x10,0x00,0x00,0x01,0x34,0x44,0x44,0x42,0x00,0x00,0x00,0x00,0x00,0x00,0x00,0x00,0x00,0x00,
  0x00,0x00,0x00,0x00,0x00,0x00,0x00,0x00,0x00,0x00,0x00,0x00,0x00,0x00,0x00,0x00,0x00,0x00,0x00,0x00,0x00,0x00,0x00,0x00,
  0x00,0x00,0x00,0x00,0x00,0x00,0x00,0x00,0x00,0x00,0x00,0x00,0x00,0x00,0x00,0x00,0x00,0x00,0x00,0x00,0x00,0x00,0x00,0x00,
  0x00,0x00,0x00,0x00,0x00,0x00,0x00,0x00,0x00,0x00,0x00,0x00,0x00,0x00,0x00,0x00,0x00,0x00,0x00,0x00,0x00,0x00,0x00,0x00,
  0x00,0x00,0x00,0x00,0x00,0x00,0x00,0x00,0x00,0x00,0x00,0x00,0x00,0x00,0x00,0x00,0x00,0x00,0x00,0x00,0x00,0x00,0x00,0x00,
  0x00,0x00,0x00,0x00,0x00,0x00,0x00,0x00,0x00,0x00,0x00,0x00,
};
#define GUI_TXT_BTN1_W 116
#define GUI_TXT_BTN1_H 30

static const uint8_t gui_txt_btn2_bits[1740] = {
  0x00,0x00,0x00,0x00,0x00,0x00,0x00,0x00,0x00,0x00,0x00,0x00,0x00,0x00,0x00,0x00,0x00,0x00,0x00,0x00,0x00,0x00,0x00,0x00,
  0x00,0x00,0x00,0x00,0x00,0x00,0x00,0x00,0x00,0x00,0x00,0x00,0x00,0x00,0x00,0x00,0x00,0x00,0x00,0x00,0x00,0x00,0x00,0x00,
  0x00,0x00,0x00,0x00,0x00,0x00,0x00,0x00,0x00,0x00,0x00,0x00,0x00,0x00,0x00,0x00,0x00,0x00,0x00,0x00,0x00,0x00,0x00,0x00,
  0x00,0x00,0x00,0x00,0x00,0x00,0x00,0x00,0x00,0x00,0x00,0x00,0x00,0x00,0x00,0x00,0x00,0x00,0x00,0x00,0x00,0x00,0x00,0x00,
  0x00,0x00,0x00,0x00,0x00,0x00,0x00,0x00,0x00,0x00,0x00,0x00,0x00,0x00,0x00,0x00,0x00,0x00,0x00,0x00,0x00,0x00,0x00,0x00,
  0x00,0x00,0x00,0x00,0x00,0x00,0x00,0x25,0x88,0x00,0x00,0x00,0x00,0x00,0x00,0x00,0x00,0x00,0x00,0x00,0x00,0x00,0x00,0x00,
  0x00,0x00,0x00,0x16,0x00,0x00,0x00,0x00,0x00,0x00,0x00,0x00,0x00,0x00,0x00,0x00,0x00,0x00,0x00,0x00,0x00,0x00,0x00,0x00,
  0x00,0x00,0x03,0x85,0x00,0x00,0x00,0x00,0x00,0x00,0x00,0x00,0x00,0x01,0x35,0x79,0xbe,0xff,0xff,0x40,0x00,0x00,0x99,0x99,
  0x99,0x99,0x99,0x99,0x99,0x99,0x99,0x99,0x99,0x99,0x00,0x00,0x02,0xdf,0x60,0x00,0x00,0x01,0x11,0x11,0x11,0x11,0x11,0x10,
  0x00,0x00,0x05,0xdd,0xdd,0xdd,0xdd,0xdd,0xc0,0x00,0x00,0x00,0x07,0xfa,0x00,0x00,0x00,0x00,0x27,0x77,0x88,0x9a,0xcd,0xef,
  0xff,0xff,0xff,0xfd,0xa7,0x20,0x00,0x00,0xdf,0xff,0xff,0xff,0xff,0xff,0xff,0xff,0xff,0xff,0xff,0xfd,0x00,0x00,0x00,0xaf,
  0xe3,0x00,0x00,0x6f,0xff,0xff,0xff,0xff,0xff,0xc0,0x00,0x00,0x05,0xff,0xff,0xff,0xff,0xff,0xe0,0x00,0x00,0x00,0x07,0xfa,
  0x00,0x00,0x00,0x00,0x1e,0xff,0xff,0xff,0xff,0xff,0xfd,0xa8,0x53,0x10,0x00,0x00,0x00,0x00,0xdf,0x63,0x33,0x33,0x33,0x33,
  0x33,0x33,0x33,0x33,0x36,0xfd,0x00,0x00,0x00,0x1d,0xfb,0x00,0x00,0x6f,0xec,0xcc,0xcc,0xcc,0xdf,0xc0,0x00,0x00,0x05,0xfc,
  0x33,0x33,0x33,0x5f,0xe0,0x00,0x3a,0x90,0x07,0xfa,0x00,0x00,0x00,0x00,0x09,0xbb,0xa9,0x87,0x64,0x3c,0xf6,0x00,0x00,0x00,
  0x00,0x00,0x00,0x00,0xdf,0x40,0x01,0x00,0x00,0x00,0x00,0x00,0x00,0x00,0x04,0xfd,0x00,0x00,0x00,0x05,0xff,0x50,0x00,0x6f,
  0xb0,0x00,0x00,0x00,0x5f,0xc0,0x00,0x00,0x05,0xfc,0x00,0x00,0x00,0x3f,0xe0,0x00,0x4f,0xd0,0x07,0xfa,0x00,0x00,0x00,0x00,
  0x00,0x00,0x00,0x00,0x00,0x0b,0xf6,0x00,0x00,0x00,0x00,0x00,0x00,0x00,0xdf,0x40,0x1f,0xe3,0x00,0x00,0x00,0x00,0x00,0x00,
  0x04,0xfd,0x00,0x00,0x00,0x00,0xb9,0x10,0x00,0x6f,0xb0,0x00,0x00,0x00,0x5f,0xc0,0x00,0x00,0x05,0xfc,0x00,0x00,0x00,0x3f,
  0xe0,0x00,0x4f,0xd0,0x07,0xfa,0x00,0x00,0x00,0x00,0x00,0x00,0x00,0x00,0x00,0x0b,0xf6,0x00,0x00,0x00,0x00,0x00,0x00,0x00,
  0xdf,0x40,0x3f,0xf0,0x00,0x00,0x00,0x00,0x00,0x00,0x04,0xfd,0x00,0x00,0x00,0x00,0x00,0x00,0x00,0x6f,0xb0,0x00,0x00,0x00,
  0x5f,0xc0,0x00,0x00,0x05,0xfc,0x00,0x00,0x00,0x3f,0xe0,0x00,0x4f,0xd0,0x07,0xfa,0x00,0x00,0x00,0x00,0x00,0x00,0x00,0x00,
  0x00,0x0b,0xf6,0x00,0x00,0x00,0x00,0x00,0x00,0x00,0x12,0x00,0x5f,0xe4,0x44,0x44,0x44,0x44,0x44,0x44,0x40,0x21,0x00,0x00,
  0x00,0x00,0x00,0x00,0x00,0x6f,0xb0,0x00,0x00,0x00,0x5f,0xc0,0x00,0x00,0x05,0xfc,0x44,0x44,0x44,0x6f,0xe0,0x00,0x4f,0xd0,
  0x07,0xfa,0x00,0x00,0x00,0x00,0x07,0x99,0x99,0x99,0x99,0x9d,0xfc,0x99,0x99,0x99,0x99,0x70,0x00,0x00,0x00,0x00,0x7f,0xff,
  0xff,0xff,0xff,0xff,0xff,0xff,0xe0,0x00,0x00,0x04,0x88,0x88,0x82,0x00,0x00,0x6f,0xb0,0x00,0x00,0x00,0x5f,0xc0,0x00,0x00,
  0x05,0xff,0xff,0xff,0xff,0xff,0xe0,0x00,0x4f,0xd0,0x07,0xfa,0x00,0x00,0x00,0x00,0x0a,0xff,0xff,0xff,0xff,0xff,0xff,0xff,
  0xff,0xff,0xff,0xa0,0x00,0x00,0x00,0x00,0x9f,0xdb,0xbb,0xbb,0xbb,0xbb,0xbb,0xbb,0xb0,0x00,0x00,0x08,0xff,0xff,0xf4,0x00,
  0x00,0x6f,0xb0,0x00,0x00,0x00,0x5f,0xc0,0x00,0x00,0x04,0xbb,0xbb,0xbb,0xbb,0xbb,0xb0,0x00,0x4f,0xd0,0x07,0xfa,0x00,0x00,
  0x00,0x00,0x05,0x88,0x88,0x88,0x88,0x8d,0xfa,0x88,0x88,0x88,0x88,0x50,0x00,0x00,0x00,0x00,0xbf,0x60,0x00,0x00,0x00,0x00,
  0x00,0x00,0x00,0x00,0x00,0x03,0x66,0x6c,0xf4,0x00,0x00,0x6f,0xb0,0x00,0x00,0x00,0x5f,0xc0,0x00,0x00,0x00,0x00,0x03,0x30,
  0x00,0x00,0x00,0x00,0x4f,0xd0,0x07,0xfa,0x00,0x00,0x00,0x00,0x00,0x00,0x00,0x00,0x00,0x0b,0xf6,0x00,0x00,0x00,0x00,0x00,
  0x00,0x00,0x00,0x00,0xef,0x40,0x00,0x00,0x00,0x00,0x00,0x00,0x00,0x00,0x00,0x00,0x00,0x0b,0xf4,0x00,0x00,0x6f,0xb0,0x00,
  0x00,0x00,0x5f,0xc0,0x00,0x00,0x00,0x00,0x1f,0xf0,0x00,0x00,0x00,0x00,0x4f,0xd0,0x07,0xfa,0x00,0x00,0x00,0x00,0x00,0x00,
  0x00,0x00,0x00,0x0b,0xf6,0x00,0x00,0x00,0x00,0x00,0x00,0x00,0x00,0x01,0xff,0x30,0x00,0x00,0x00,0x00,0x00,0x00,0x00,0x00,
  0x00,0x00,0x00,0x0b,0xf4,0x00,0x00,0x6f,0xb0,0x00,0x00,0x00,0x5f,0xc0,0x00,0x00,0x00,0x00,0x1f,0xe0,0x00,0x00,0x00,0x00,
  0x4f,0xd0,0x07,0xfa,0x00,0x00,0x00,0x00,0x00,0x00,0x00,0x00,0x00,0x0b,0xf6,0x00,0x00,0x00,0x00,0x00,0x00,0x00,0x00,0x03,
  0xff,0xff,0xff,0xff,0xff,0xff,0xff,0xff,0xff,0x50,0x00,0x00,0x00,0x0b,0xf4,0x00,0x00,0x6f,0xee,0xee,0xee,0xee,0xef,0xc0,
  0x00,0x00,0x7b,0xbb,0xbf,0xeb,0xbb,0xbb,0xb4,0x00,0x4f,0xd0,0x07,0xfa,0x00,0x00,0x00,0x04,0x88,0x88,0x88,0x88,0x88,0x8d,
  0xfa,0x88,0x88,0x88,0x88,0x88,0x40,0x00,0x00,0x05,0xff,0xff,0xff,0xff,0xff,0xff,0xff,0xff,0xff,0x40,0x00,0x00,0x00,0x0b,
  0xf4,0x00,0x00,0x6f,0xff,0xff,0xff,0xff,0xff,0xc0,0x00,0x00,0xaf,0xff,0xff,0xff,0xff,0xff,0xf6,0x00,0x4f,0xd0,0x07,0xfa,
  0x00,0x00,0x00,0x08,0xff,0xff,0xff,0xff,0xff,0xff,0xff,0xff,0xff,0xff,0xff,0xff,0x80,0x00,0x00,0x00,0x00,0x00,0x00,0x00,
  0x00,0x00,0x00,0x04,0xff,0x20,0x00,0x00,0x00,0x0b,0xf4,0x00,0x00,0x00,0x00,0x00,0x00,0x00,0x00,0x00,0x00,0x00,0x23,0x33,
  0x6f,0xd3,0x33,0x3d,0xf6,0x00,0x4f,0xd0,0x07,0xfa,0x00,0x00,0x00,0x05,0x99,0x99,0x99,0x99,0x99,0x9d,0xfc,0x99,0x99,0x99,
  0x99,0x99,0x50,0x00,0x00,0x00,0x00,0x00,0x00,0x00,0x00,0x00,0x00,0x04,0xff,0x10,0x00,0x00,0x00,0x0b,0xf4,0x00,0x00,0x00,
  0x00,0x00,0x00,0x01,0x00,0x00,0x00,0x00,0x00,0x00,0x5f,0xb0,0x00,0x0d,0xf5,0x00,0x4f,0xd0,0x07,0xfa,0x00,0x00,0x00,0x00,
  0x00,0x00,0x00,0x00,0x00,0x0b,0xf6,0x00,0x00,0x00,0x00,0x00,0x00,0x01,0x88,0x88,0x88,0x88,0x88,0x88,0x88,0x88,0x86,0x05,
  0xfe,0x00,0x00,0x00,0x00,0x0b,0xf4,0x00,0x00,0x00,0x1e,0x80,0x00,0x8e,0x30,0x00,0x00,0x00,0x00,0x00,0x8f,0x90,0x00,0x0d,
  0xf5,0x00,0x4f,0xd0,0x07,0xfa,0x00,0x00,0x00,0x00,0x00,0x00,0x00,0x00,0x00,0x0b,0xf6,0x00,0x00,0x00,0x00,0x00,0x00,0x02,
  0xff,0xff,0xff,0xff,0xff,0xff,0xff,0xff,0xfc,0x07,0xfd,0x00,0x00,0x00,0x00,0x0b,0xf4,0x02,0x00,0x00,0xaf,0xd0,0x00,0xaf,
  0xd1,0x00,0x00,0x00,0x00,0x00,0xcf,0x60,0x00,0x0e,0xf4,0x00,0x4f,0xd0,0x07,0xfa,0x00,0x00,0x00,0x00,0x00,0x00,0x00,0x00,
  0x00,0x0b,0xf6,0x00,0x00,0x00,0x00,0x00,0x00,0x01,0x77,0x77,0x77,0x77,0x77,0x77,0x77,0x77,0x76,0x08,0xfb,0x00,0x00,0x00,
  0x00,0x0b,0xf4,0x3e,0x80,0x04,0xff,0x40,0x00,0x1d,0xfa,0x00,0x00,0x00,0x00,0x02,0xff,0x20,0x00,0x0e,0xf4,0x00,0x02,0x20,
  0x07,0xfa,0x00,0x00,0x00,0x00,0x00,0x00,0x00,0x00,0x00,0x0b,0xf6,0x00,0x00,0x00,0x00,0x00,0x00,0x00,0x00,0x00,0x00,0x00,
  0x00,0x00,0x00,0x00,0x00,0x0b,0xf8,0x00,0x00,0x00,0x00,0x0b,0xf7,0xdf,0x80,0x1d,0xfa,0x00,0x00,0x04,0xff,0x50,0x00,0x00,
  0x00,0x0a,0xfc,0x00,0x00,0x0f,0xf3,0x00,0x00,0x00,0x07,0xfa,0x00,0x00,0x00,0x00,0x00,0x00,0x00,0x00,0x00,0x0b,0xf6,0x00,
  0x00,0x00,0x00,0x00,0x00,0x00,0x00,0x00,0x00,0x00,0x00,0x00,0x00,0x00,0x00,0x0e,0xf5,0x00,0x00,0x00,0x00,0x0b,0xfe,0xfa,
  0x00,0xbf,0xd1,0x00,0x00,0x00,0x9f,0xd0,0x00,0x00,0x00,0x5f,0xf5,0x00,0x00,0x2f,0xf1,0x00,0x00,0x00,0x07,0xfa,0x00,0x00,
  0x00,0x00,0x00,0x00,0x00,0x10,0x00,0x0d,0xf6,0x00,0x00,0x00,0x00,0x00,0x00,0x00,0x00,0x00,0x00,0x00,0x00,0x00,0x31,0x00,
  0x00,0x9f,0xf1,0x00,0x00,0x00,0x00,0x0a,0xff,0xa0,0x08,0xfe,0x40,0x00,0x00,0x00,0x1e,0xf8,0x00,0x00,0x04,0xef,0xa0,0x10,
  0x00,0x7f,0xe0,0x00,0x00,0x00,0x07,0xfa,0x00,0x00,0x00,0x00,0x00,0x00,0x00,0x6e,0xdc,0xdf,0xf4,0x00,0x00,0x00,0x00,0x00,
  0x00,0x00,0x00,0x00,0x00,0x00,0x00,0x00,0xcf,0xec,0xbd,0xff,0xa0,0x00,0x00,0x00,0x00,0x00,0xb8,0x00,0x7f,0xf8,0x00,0x00,
  0x00,0x00,0x07,0xfe,0x10,0x00,0x7e,0xfc,0x00,0x4e,0xee,0xff,0xb0,0x00,0x0d,0xb9,0x8d,0xf9,0x00,0x00,0x00,0x00,0x00,0x00,
  0x00,0x3f,0xff,0xff,0xd0,0x00,0x00,0x00,0x00,0x00,0x00,0x00,0x00,0x00,0x00,0x00,0x00,0x00,0x8e,0xff,0xff,0xe9,0x00,0x00,
  0x00,0x00,0x00,0x00,0x00,0x00,0x5e,0xa0,0x00,0x00,0x00,0x00,0x00,0xed,0x20,0x00,0x9f,0xb0,0x00,0x0e,0xff,0xfc,0x20,0x00,
  0x0b,0xff,0xff,0xf5,0x00,0x00,0x00,0x00,0x00,0x00,0x00,0x02,0x45,0x54,0x00,0x00,0x00,0x00,0x00,0x00,0x00,0x00,0x00,0x00,
  0x00,0x00,0x00,0x00,0x00,0x23,0x43,0x10,0x00,0x00,0x00,0x00,0x00,0x00,0x00,0x00,0x03,0x00,0x00,0x00,0x00,0x00,0x00,0x30,
  0x00,0x00,0x06,0x00,0x00,0x01,0x34,0x20,0x00,0x00,0x01,0x46,0x77,0x30,0x00,0x00,0x00,0x00,0x00,0x00,0x00,0x00,0x00,0x00,
  0x00,0x00,0x00,0x00,0x00,0x00,0x00,0x00,0x00,0x00,0x00,0x00,0x00,0x00,0x00,0x00,0x00,0x00,0x00,0x00,0x00,0x00,0x00,0x00,
  0x00,0x00,0x00,0x00,0x00,0x00,0x00,0x00,0x00,0x00,0x00,0x00,0x00,0x00,0x00,0x00,0x00,0x00,0x00,0x00,0x00,0x00,0x00,0x00,
  0x00,0x00,0x00,0x00,0x00,0x00,0x00,0x00,0x00,0x00,0x00,0x00,0x00,0x00,0x00,0x00,0x00,0x00,0x00,0x00,0x00,0x00,0x00,0x00,
  0x00,0x00,0x00,0x00,0x00,0x00,0x00,0x00,0x00,0x00,0x00,0x00,0x00,0x00,0x00,0x00,0x00,0x00,0x00,0x00,0x00,0x00,0x00,0x00,
  0x00,0x00,0x00,0x00,0x00,0x00,0x00,0x00,0x00,0x00,0x00,0x00,
};
#define GUI_TXT_BTN2_W 116
#define GUI_TXT_BTN2_H 30

static const uint8_t gui_txt_btn3_bits[1740] = {
  0x00,0x00,0x00,0x00,0x00,0x00,0x00,0x00,0x00,0x00,0x00,0x00,0x00,0x00,0x00,0x00,0x00,0x00,0x00,0x00,0x00,0x00,0x00,0x00,
  0x00,0x00,0x00,0x00,0x00,0x00,0x00,0x00,0x00,0x00,0x00,0x00,0x00,0x00,0x00,0x00,0x00,0x00,0x00,0x00,0x00,0x00,0x00,0x00,
  0x00,0x00,0x00,0x00,0x00,0x00,0x00,0x00,0x00,0x00,0x00,0x00,0x00,0x00,0x00,0x00,0x00,0x00,0x00,0x00,0x00,0x00,0x00,0x00,
  0x00,0x00,0x00,0x00,0x00,0x00,0x00,0x00,0x00,0x00,0x00,0x00,0x00,0x00,0x00,0x00,0x00,0x00,0x00,0x00,0x00,0x00,0x00,0x00,
  0x00,0x00,0x00,0x00,0x00,0x00,0x00,0x00,0x00,0x00,0x00,0x00,0x00,0x00,0x00,0x00,0x00,0x00,0x00,0x00,0x00,0x00,0x00,0x00,
  0x00,0x00,0x00,0x00,0x00,0x00,0x00,0x00,0x02,0x97,0x00,0x00,0x00,0x01,0x11,0x11,0x11,0x11,0x11,0x11,0x11,0x11,0x10,0x00,
  0x00,0x00,0x00,0x09,0x91,0x00,0x00,0x00,0x00,0x15,0x70,0x00,0x00,0x00,0x00,0x00,0x00,0x00,0x00,0x89,0x20,0x00,0x00,0x00,
  0x00,0x00,0x03,0x85,0x00,0x00,0x00,0x00,0x7e,0x50,0x00,0x11,0x11,0x11,0x11,0x11,0x00,0x00,0x04,0xfc,0x00,0x00,0x00,0x4f,
  0xff,0xff,0xff,0xff,0xff,0xff,0xff,0xff,0xf1,0x00,0x00,0x00,0x00,0x1f,0xf1,0x00,0x00,0x00,0x00,0x5f,0xe2,0x00,0x00,0x00,
  0x00,0x00,0x00,0xab,0x20,0xdf,0x40,0x00,0x00,0x00,0x00,0x00,0x07,0xfa,0x00,0x00,0x00,0x00,0x8f,0xf7,0x00,0xff,0xff,0xff,
  0xff,0xf9,0x00,0x00,0x04,0xfc,0x00,0x00,0x00,0x4f,0xe8,0x88,0x88,0x88,0x88,0x88,0x88,0x8f,0xf1,0x00,0x00,0x00,0x00,0x1f,
  0xf1,0x00,0x00,0x00,0x00,0x0e,0xf6,0x00,0x00,0x00,0x00,0x00,0x00,0xee,0x00,0xdf,0x40,0x00,0x00,0x00,0x00,0x00,0x07,0xfa,
  0x00,0x00,0x00,0x00,0x07,0xff,0x70,0xff,0xbb,0xbb,0xbd,0xf9,0x07,0xc5,0x04,0xfc,0x00,0x00,0x00,0x4f,0xd3,0x33,0x33,0x33,
  0x33,0x33,0x33,0x5f,0xf1,0x00,0x00,0x00,0x00,0x1f,0xf1,0x00,0x38,0x88,0x88,0x8d,0xfc,0x88,0x88,0x88,0x20,0x00,0x06,0xfe,
  0xcc,0xef,0xcc,0xcc,0xc6,0x00,0x3a,0x90,0x07,0xfa,0x00,0x00,0x00,0x00,0x00,0x9f,0x70,0xff,0x00,0x00,0x07,0xf9,0x09,0xf6,
  0x04,0xfc,0x00,0x00,0x00,0x4f,0xff,0xff,0xff,0xff,0xff,0xff,0xff,0xff,0xf1,0x00,0x00,0x00,0x00,0x1f,0xf2,0x00,0x5f,0xff,
  0xff,0xff,0xff,0xff,0xff,0xff,0x30,0x00,0x0d,0xff,0xff,0xff,0xff,0xff,0xf8,0x00,0x4f,0xd0,0x07,0xfa,0x00,0x00,0x00,0x00,
  0x00,0x04,0x00,0xff,0x00,0x00,0x07,0xf9,0x09,0xf6,0x04,0xfc,0x00,0x00,0x00,0x4f,0xd4,0x44,0x44,0x44,0x44,0x44,0x44,0x5f,
  0xf1,0x00,0x00,0x07,0xff,0xff,0xff,0xf4,0x5f,0xd5,0x55,0x55,0x55,0x55,0x55,0xef,0x30,0x00,0x6f,0xd4,0x44,0xef,0x74,0x44,
  0x42,0x00,0x4f,0xd0,0x07,0xfa,0x00,0x00,0x00,0x00,0x00,0x00,0x00,0xff,0x02,0xcb,0x07,0xf9,0x09,0xf6,0x04,0xfc,0x00,0x00,
  0x00,0x4f,0xe7,0x77,0x77,0x77,0x77,0x77,0x77,0x8f,0xf1,0x00,0x00,0x07,0xff,0xff,0xff,0xf4,0x5f,0xc0,0x00,0x00,0x00,0x00,
  0x00,0xef,0x30,0x01,0xef,0x70,0x00,0xdf,0x40,0x00,0x00,0x00,0x4f,0xd0,0x07,0xfa,0x00,0x00,0x00,0x00,0x51,0x00,0x00,0xff,
  0x02,0xfd,0x07,0xf9,0x09,0xf6,0x04,0xfc,0x00,0x00,0x00,0x4f,0xff,0xff,0xff,0xff,0xff,0xff,0xff,0xff,0xf1,0x00,0x00,0x00,
  0x00,0x1f,0xf2,0x00,0x5f,0xc0,0x01,0x00,0x00,0x21,0x00,0xef,0x30,0x03,0xed,0x00,0x00,0xdf,0x40,0x00,0x00,0x00,0x4f,0xd0,
  0x07,0xfa,0x00,0x00,0x00,0x06,0xfd,0x40,0x00,0xff,0x03,0xfd,0x07,0xf9,0x09,0xf6,0x04,0xfc,0x00,0x00,0x00,0x13,0x33,0x33,
  0x33,0x33,0x33,0x33,0x33,0x33,0x30,0x00,0x00,0x00,0x00,0x1f,0xf1,0x00,0x4b,0x90,0x1e,0xb2,0x03,0xed,0x40,0x66,0x10,0x06,
  0xdd,0xbb,0xbb,0xef,0xcb,0xbb,0xbb,0x70,0x4f,0xd0,0x07,0xfa,0x00,0x00,0x00,0x01,0xcf,0xe6,0x00,0xff,0x03,0xfd,0x07,0xf9,
  0x09,0xf6,0x04,0xfc,0x00,0x01,0xaa,0xaa,0xaa,0xaa,0xaa,0xaa,0xaa,0xaa,0xaa,0xaa,0xaa,0xaa,0x00,0x00,0x00,0x1f,0xf1,0x00,
  0x00,0x01,0xcf,0xd1,0x02,0xdf,0xe6,0x00,0x00,0x08,0xff,0xff,0xff,0xff,0xff,0xff,0xff,0x90,0x4f,0xd0,0x07,0xfa,0x00,0x00,
  0x00,0x00,0x0a,0xff,0x30,0xff,0x03,0xfc,0x07,0xf9,0x09,0xf6,0x04,0xfc,0x00,0x02,0xee,0xee,0xee,0xee,0xee,0xee,0xee,0xee,
  0xee,0xee,0xee,0xee,0x00,0x00,0x00,0x1f,0xf1,0x00,0x00,0x2c,0xfe,0x30,0x00,0x1b,0xff,0x60,0x00,0x02,0x44,0x44,0x44,0xef,
  0x74,0x44,0x44,0x20,0x4f,0xd0,0x07,0xfa,0x00,0x00,0x00,0x00,0x00,0xa7,0x00,0xff,0x03,0xfc,0x07,0xf9,0x09,0xf6,0x04,0xfc,
  0x00,0x00,0x00,0x00,0x00,0x00,0x00,0x00,0x00,0x00,0x00,0x00,0x00,0x00,0x00,0x00,0x00,0x1f,0xf1,0x47,0x04,0xdf,0xe4,0x00,
  0x00,0x00,0xaf,0xf6,0x00,0x00,0x00,0x00,0x00,0xdf,0x40,0x00,0x00,0x00,0x4f,0xd0,0x07,0xfa,0x00,0x00,0x00,0x00,0x00,0x00,
  0x00,0xff,0x03,0xfc,0x07,0xf9,0x09,0xf6,0x04,0xfc,0x00,0x00,0x00,0x5e,0xee,0xee,0xee,0xee,0xee,0xee,0xee,0xee,0xe4,0x00,
  0x00,0x00,0x00,0x1f,0xfc,0xfd,0x0d,0xfd,0x30,0x00,0x00,0x00,0x0b,0xe2,0x00,0x00,0x00,0x00,0x00,0xdf,0x40,0x00,0x00,0x00,
  0x4f,0xd0,0x07,0xfa,0x00,0x00,0x00,0x00,0x00,0x00,0x00,0xff,0x04,0xfb,0x07,0xf9,0x09,0xf6,0x04,0xfc,0x00,0x00,0x00,0x6f,
  0xec,0xcc,0xcc,0xcf,0xfc,0xcc,0xcc,0xce,0xf4,0x00,0x00,0x00,0x03,0x9f,0xff,0xe7,0x03,0x91,0x00,0x00,0x00,0x00,0x01,0x30,
  0x00,0x00,0x4c,0xcc,0xcc,0xef,0xdc,0xcc,0xcc,0x00,0x4f,0xd0,0x07,0xfa,0x00,0x00,0x00,0x00,0x00,0x00,0x00,0xff,0x05,0xfa,
  0x07,0xf9,0x09,0xf6,0x04,0xfc,0x00,0x00,0x00,0x6f,0xb0,0x00,0x00,0x3f,0xf1,0x00,0x00,0x0d,0xf4,0x00,0x00,0x05,0xcf,0xff,
  0xf9,0x10,0x00,0x00,0x00,0x00,0x00,0x00,0x00,0x00,0x00,0x00,0x5f,0xff,0xff,0xff,0xff,0xff,0xfe,0x00,0x4f,0xd0,0x07,0xfa,
  0x00,0x00,0x00,0x00,0x00,0x6c,0x20,0xff,0x06,0xf9,0x07,0xf9,0x09,0xf6,0x04,0xfc,0x00,0x00,0x00,0x6f,0xfe,0xee,0xee,0xef,
  0xfe,0xee,0xee,0xef,0xf4,0x00,0x00,0x05,0xff,0xef,0xf1,0x00,0x03,0xbb,0xbb,0xbb,0xbb,0xbb,0xbb,0xb0,0x00,0x00,0x5f,0xc3,
  0x33,0xdf,0x63,0x36,0xfe,0x00,0x4f,0xd0,0x07,0xfa,0x00,0x00,0x00,0x00,0x00,0xbf,0x50,0xff,0x07,0xf7,0x07,0xf9,0x09,0xf6,
  0x04,0xfc,0x00,0x00,0x00,0x6f,0xd6,0x66,0x66,0x8f,0xf7,0x66,0x66,0x6e,0xf4,0x00,0x00,0x00,0xa5,0x1f,0xf1,0x00,0x04,0xff,
  0xff,0xff,0xff,0xff,0xff,0xf0,0x00,0x00,0x5f,0xc0,0x00,0xdf,0x40,0x03,0xfe,0x00,0x4f,0xd0,0x07,0xfa,0x00,0x00,0x00,0x00,
  0x01,0xef,0x10,0xff,0x0b,0xf4,0x07,0xf9,0x09,0xf6,0x04,0xfc,0x00,0x00,0x00,0x6f,0xd7,0x77,0x77,0x8f,0xf7,0x77,0x77,0x7e,
  0xf4,0x00,0x00,0x00,0x00,0x1f,0xf1,0x00,0x00,0x33,0x33,0x3b,0xf8,0x33,0x33,0x30,0x00,0x00,0x5f,0xc0,0x00,0xdf,0x40,0x03,
  0xfe,0x00,0x4f,0xd0,0x07,0xfa,0x00,0x00,0x00,0x00,0x06,0xfc,0x00,0xcc,0x1e,0xe1,0x05,0xb6,0x09,0xf6,0x04,0xfc,0x00,0x00,
  0x00,0x6f,0xff,0xff,0xff,0xff,0xff,0xff,0xff,0xff,0xf4,0x00,0x00,0x00,0x00,0x1f,0xf1,0x00,0x00,0x00,0x00,0x0a,0xf7,0x00,
  0x00,0x00,0x00,0x00,0x5f,0xc0,0x00,0xdf,0x40,0x03,0xfe,0x00,0x4f,0xd0,0x07,0xfa,0x00,0x00,0x00,0x00,0x0b,0xf7,0x00,0x00,
  0x5f,0xb0,0x31,0x00,0x01,0x21,0x04,0xfc,0x00,0x00,0x00,0x14,0x44,0x44,0x44,0x6f,0xf5,0x44,0x44,0x44,0x41,0x00,0x00,0x00,
  0x00,0x1f,0xf1,0x00,0x00,0x00,0x00,0x0a,0xf7,0x00,0x00,0x00,0x00,0x00,0x5f,0xc0,0x00,0xdf,0x40,0x03,0xfe,0x00,0x02,0x20,
  0x07,0xfa,0x00,0x00,0x00,0x00,0x2e,0xf2,0x00,0x00,0xcf,0x55,0xea,0x00,0x00,0x00,0x04,0xfc,0x00,0x00,0x02,0x99,0x99,0x99,
  0x99,0xaf,0xf9,0x99,0x99,0x99,0x99,0x20,0x00,0x00,0x00,0x1f,0xf1,0x00,0x00,0x00,0x00,0x0a,0xf7,0x00,0x00,0x00,0x00,0x00,
  0x5f,0xc0,0x00,0xdf,0x40,0x03,0xfe,0x00,0x00,0x00,0x07,0xfa,0x00,0x00,0x00,0x00,0x9f,0xc0,0x00,0x07,0xfd,0x01,0xdf,0x70,
  0x00,0x00,0x04,0xfc,0x00,0x00,0x04,0xff,0xff,0xff,0xff,0xff,0xff,0xff,0xff,0xff,0xff,0x40,0x00,0x00,0x00,0x1f,0xf1,0x00,
  0x00,0x00,0x00,0x0a,0xf7,0x00,0x00,0x00,0x00,0x00,0x5f,0xc0,0x00,0xdf,0x48,0x8b,0xfd,0x00,0x00,0x00,0x07,0xfa,0x00,0x00,
  0x00,0x01,0xef,0x60,0x00,0x4e,0xf5,0x00,0x4f,0xe2,0x00,0x00,0x04,0xfc,0x00,0x00,0x00,0x00,0x00,0x00,0x00,0x3f,0xf1,0x00,
  0x00,0x00,0x00,0x00,0x00,0x00,0x00,0x2f,0xf1,0x00,0x34,0x44,0x44,0x4c,0xf9,0x44,0x44,0x44,0x20,0x00,0x5f,0xc0,0x00,0xdf,
  0x4c,0xff,0xf7,0x00,0x00,0x00,0x07,0xfa,0x00,0x00,0x00,0x07,0xfe,0x10,0x05,0xef,0x90,0x00,0x0a,0xfa,0x01,0xec,0xad,0xfa,
  0x00,0x09,0xdd,0xdd,0xdd,0xdd,0xdd,0xdf,0xfd,0xdd,0xdd,0xdd,0xdd,0xdd,0x70,0x05,0xca,0xcf,0xe0,0x00,0x9f,0xff,0xff,0xff,
  0xff,0xff,0xff,0xff,0x70,0x00,0x14,0x40,0x00,0xdf,0x43,0x66,0x30,0x00,0x0d,0xb9,0x8d,0xf9,0x00,0x00,0x00,0x05,0xe8,0x00,
  0x04,0xe9,0x00,0x00,0x02,0xea,0x00,0xdf,0xff,0xf6,0x00,0x0a,0xee,0xee,0xee,0xee,0xee,0xee,0xee,0xee,0xee,0xee,0xee,0xee,
  0x80,0x02,0xff,0xff,0xb0,0x00,0x59,0x99,0x99,0x99,0x99,0x99,0x99,0x99,0x40,0x00,0x00,0x00,0x00,0xdf,0x40,0x00,0x00,0x00,
  0x0b,0xff,0xff,0xf5,0x00,0x00,0x00,0x00,0x31,0x00,0x00,0x30,0x00,0x00,0x00,0x20,0x00,0x15,0x67,0x40,0x00,0x00,0x00,0x00,
  0x00,0x00,0x00,0x00,0x00,0x00,0x00,0x00,0x00,0x00,0x00,0x00,0x36,0x75,0x00,0x00,0x00,0x00,0x00,0x00,0x00,0x00,0x00,0x00,
  0x00,0x00,0x00,0x00,0x00,0x77,0x20,0x00,0x00,0x00,0x01,0x46,0x77,0x30,0x00,0x00,0x00,0x00,0x00,0x00,0x00,0x00,0x00,0x00,
  0x00,0x00,0x00,0x00,0x00,0x00,0x00,0x00,0x00,0x00,0x00,0x00,0x00,0x00,0x00,0x00,0x00,0x00,0x00,0x00,0x00,0x00,0x00,0x00,
  0x00,0x00,0x00,0x00,0x00,0x00,0x00,0x00,0x00,0x00,0x00,0x00,0x00,0x00,0x00,0x00,0x00,0x00,0x00,0x00,0x00,0x00,0x00,0x00,
  0x00,0x00,0x00,0x00,0x00,0x00,0x00,0x00,0x00,0x00,0x00,0x00,0x00,0x00,0x00,0x00,0x00,0x00,0x00,0x00,0x00,0x00,0x00,0x00,
  0x00,0x00,0x00,0x00,0x00,0x00,0x00,0x00,0x00,0x00,0x00,0x00,0x00,0x00,0x00,0x00,0x00,0x00,0x00,0x00,0x00,0x00,0x00,0x00,
  0x00,0x00,0x00,0x00,0x00,0x00,0x00,0x00,0x00,0x00,0x00,0x00,
};
#define GUI_TXT_BTN3_W 116
#define GUI_TXT_BTN3_H 30

static const uint8_t gui_txt_btn4_bits[1740] = {
  0x00,0x00,0x00,0x00,0x00,0x00,0x00,0x00,0x00,0x00,0x00,0x00,0x00,0x00,0x00,0x00,0x00,0x00,0x00,0x00,0x00,0x00,0x00,0x00,
  0x00,0x00,0x00,0x00,0x00,0x00,0x00,0x00,0x00,0x00,0x00,0x00,0x00,0x00,0x00,0x00,0x00,0x00,0x00,0x00,0x00,0x00,0x00,0x00,
  0x00,0x00,0x00,0x00,0x00,0x00,0x00,0x00,0x00,0x00,0x00,0x00,0x00,0x00,0x00,0x00,0x00,0x00,0x00,0x00,0x00,0x00,0x00,0x00,
  0x00,0x00,0x00,0x00,0x00,0x00,0x00,0x00,0x00,0x00,0x00,0x00,0x00,0x00,0x00,0x00,0x00,0x00,0x00,0x00,0x00,0x00,0x00,0x00,
  0x00,0x00,0x00,0x00,0x00,0x00,0x00,0x00,0x00,0x00,0x00,0x00,0x00,0x00,0x00,0x00,0x00,0x00,0x00,0x00,0x00,0x00,0x00,0x00,
  0x00,0x00,0x00,0x00,0x00,0x00,0x01,0x24,0x40,0x00,0x00,0x00,0x00,0x00,0x72,0x00,0x00,0x00,0x00,0x03,0x70,0x00,0x00,0x00,
  0x00,0x00,0x00,0x00,0x26,0x20,0x00,0x00,0x00,0x16,0x20,0x00,0x00,0x00,0x00,0x00,0x00,0x00,0x00,0x00,0x08,0xa5,0x00,0x00,
  0x00,0x00,0x00,0x00,0x00,0x00,0x00,0x00,0x03,0x44,0x55,0x66,0x78,0x99,0xab,0xcd,0xef,0xff,0xe5,0x00,0x00,0x00,0x00,0x05,
  0xfd,0x00,0x00,0x00,0x00,0x1e,0xf6,0x00,0x00,0x00,0x00,0x00,0x00,0x00,0x7f,0xd0,0x00,0x00,0x01,0xef,0x90,0x00,0x00,0x00,
  0x00,0x00,0x00,0x00,0x00,0x00,0x1e,0xf8,0x00,0x00,0x00,0x00,0x00,0x00,0x00,0x00,0x00,0x00,0x09,0xff,0xff,0xff,0xff,0xff,
  0xff,0xff,0xfe,0xcb,0x97,0x00,0x00,0x00,0x00,0x0b,0xf8,0x00,0x00,0x00,0x00,0x09,0xfb,0x00,0x00,0x00,0x00,0x00,0x00,0x00,
  0xcf,0x70,0x00,0x00,0x00,0x8f,0xe1,0x00,0x00,0x00,0x00,0x00,0x00,0x4a,0xaa,0xaa,0xcf,0xfa,0xaa,0xaa,0xaa,0xaa,0xa5,0x00,
  0x00,0x00,0x00,0x00,0x01,0xaa,0xa9,0x98,0xcf,0xe7,0x54,0x21,0x00,0x00,0x00,0x00,0x00,0x00,0x00,0x2e,0xe2,0x00,0x01,0x55,
  0x55,0x58,0xfe,0x55,0x55,0x55,0x00,0x00,0x00,0x03,0xfe,0x15,0x77,0x77,0x77,0x8f,0xf9,0x77,0x77,0x77,0x40,0x00,0x00,0x6f,
  0xff,0xff,0xff,0xff,0xff,0xff,0xff,0xff,0xf7,0x00,0x00,0x00,0x00,0x00,0x00,0x00,0x00,0x04,0xef,0x80,0x00,0x00,0x10,0x00,
  0x00,0x00,0x00,0x00,0x00,0x8f,0xa0,0x01,0x02,0xff,0xff,0xff,0xff,0xff,0xff,0xff,0x20,0x00,0x00,0x09,0xfa,0x0c,0xff,0xff,
  0xff,0xff,0xff,0xff,0xff,0xff,0x80,0x00,0x00,0x6f,0xd6,0x66,0x66,0x66,0x66,0x66,0x66,0x6c,0xf7,0x00,0x00,0x00,0x00,0x00,
  0x00,0x00,0x00,0x2e,0xfa,0x00,0x00,0x05,0xec,0x20,0x00,0x00,0x00,0x00,0x01,0xee,0x30,0x2e,0xb2,0x99,0x99,0xef,0xc9,0x99,
  0x99,0x99,0x10,0x00,0x00,0x1e,0xf4,0x07,0x99,0x99,0x99,0x99,0x99,0x99,0x99,0x99,0x50,0x00,0x00,0x6f,0xb0,0x00,0x00,0x00,
  0x00,0x00,0x00,0x0a,0xf7,0x00,0x00,0x00,0x00,0x00,0x00,0x00,0x02,0xdf,0xb0,0x00,0x00,0x7f,0xe5,0x00,0x00,0x00,0x00,0x00,
  0x09,0xf9,0x00,0x9f,0xb0,0x00,0x03,0xfe,0x20,0x03,0x10,0x00,0x00,0x00,0x00,0x8f,0xf1,0x00,0x00,0x00,0x00,0x00,0x00,0x00,
  0x00,0x00,0x00,0x00,0x00,0x6f,0xeb,0xbb,0xbb,0xbb,0xbb,0xbb,0xbb,0xbd,0xf7,0x00,0x00,0x00,0x00,0x00,0x00,0x00,0x4e,0xfb,
  0x00,0x00,0x09,0xfe,0x40,0x00,0x00,0x00,0x00,0x00,0x4f,0xd1,0x02,0xef,0x30,0x00,0x0b,0xfa,0x00,0x6e,0x80,0x00,0x00,0x00,
  0x02,0xef,0xf1,0x00,0x13,0x33,0x33,0x33,0x33,0x33,0x33,0x30,0x00,0x00,0x00,0x6f,0xff,0xff,0xff,0xff,0xff,0xff,0xff,0xff,
  0xf7,0x00,0x00,0x00,0x00,0x00,0x00,0x07,0xef,0x80,0x13,0x57,0xcf,0xd3,0x00,0x00,0x00,0x00,0x00,0x00,0xdf,0xa8,0x9d,0xfa,
  0x00,0x00,0x4f,0xe2,0x00,0x3f,0xe2,0x00,0x00,0x00,0x0a,0xff,0xf1,0x00,0x5f,0xff,0xff,0xff,0xff,0xff,0xff,0xf0,0x00,0x00,
  0x00,0x6f,0xb0,0x00,0x00,0x00,0x00,0x00,0x00,0x0a,0xf7,0x00,0x00,0x00,0x00,0x00,0x00,0x9f,0xfe,0xde,0xff,0xff,0xfb,0x10,
  0x00,0x00,0x00,0x00,0x00,0x00,0xef,0xff,0xff,0xe2,0x00,0x01,0xdf,0x80,0x00,0x09,0xfb,0x00,0x00,0x00,0x4f,0xff,0xf1,0x00,
  0x4b,0xbb,0xbb,0xbb,0xbb,0xbb,0xbb,0xb0,0x00,0x00,0x00,0x6f,0xc1,0x11,0x11,0x11,0x11,0x11,0x11,0x1a,0xf7,0x00,0x00,0x00,
  0x00,0x00,0x00,0x7f,0xfe,0xca,0x8d,0xff,0x80,0x00,0x4d,0xa0,0x00,0x00,0x00,0x00,0x88,0x54,0xef,0x80,0x00,0x0a,0xfc,0x00,
  0x00,0x03,0xef,0x40,0x00,0x01,0xdf,0xbf,0xf1,0x00,0x00,0x00,0x00,0x00,0x00,0x00,0x00,0x00,0x00,0x00,0x00,0x6f,0xff,0xff,
  0xff,0xff,0xff,0xff,0xff,0xff,0xf7,0x00,0x00,0x00,0x00,0x00,0x00,0x12,0x10,0x03,0xcf,0xd4,0x00,0x00,0x6f,0xfa,0x00,0x00,
  0x00,0x00,0x00,0x0a,0xfc,0x00,0x00,0x9f,0xe4,0x46,0x8b,0xef,0xff,0xb0,0x00,0x09,0xfe,0x2f,0xf1,0x00,0x00,0x00,0x00,0x00,
  0x00,0x00,0x00,0x00,0x00,0x00,0x00,0x6f,0xd7,0x77,0x77,0x77,0x77,0x77,0x77,0x7c,0xf7,0x00,0x00,0x00,0x00,0x00,0x00,0x00,
  0x00,0x8e,0xf9,0x00,0x00,0x00,0x07,0xff,0x80,0x00,0x00,0x00,0x00,0x6f,0xe3,0x00,0x02,0xff,0xff,0xff,0xff,0xfb,0x7e,0xf2,
  0x00,0x08,0xf5,0x1f,0xf1,0x00,0x5f,0xff,0xff,0xff,0xff,0xff,0xff,0xf0,0x00,0x00,0x00,0x6f,0xb0,0x00,0x00,0x00,0x00,0x00,
  0x00,0x0a,0xf7,0x00,0x00,0x00,0x00,0x00,0x00,0x00,0x6d,0xfb,0x30,0x00,0x00,0x23,0x57,0xef,0xf5,0x00,0x00,0x00,0x03,0xef,
  0x60,0x00,0x00,0xcc,0xbe,0xf8,0x3e,0xf3,0x0a,0xf9,0x00,0x01,0x80,0x1f,0xf1,0x00,0x5d,0xdd,0xdd,0xdd,0xdd,0xdd,0xdd,0xd0,
  0x00,0x00,0x00,0x6f,0xd9,0x99,0x99,0x99,0x99,0x99,0x99,0x9d,0xf7,0x00,0x00,0x00,0x00,0x00,0x00,0x5c,0xff,0xa6,0x89,0xac,
  0xdf,0xff,0xff,0xfe,0xfe,0x20,0x00,0x00,0x1d,0xf9,0x26,0xae,0x40,0x00,0x0d,0xf2,0x0e,0xf3,0x05,0xd5,0x00,0x00,0x00,0x1f,
  0xf1,0x00,0x00,0x00,0x00,0x00,0x00,0x00,0x00,0x00,0x00,0x00,0x00,0x6f,0xff,0xff,0xff,0xff,0xff,0xff,0xff,0xff,0xf7,0x00,
  0x00,0x00,0x00,0x00,0x00,0xef,0xff,0xff,0xff,0xff,0xfc,0x97,0x53,0x01,0xef,0xb0,0x00,0x01,0xdf,0xfd,0xff,0xfd,0x50,0x00,
  0x0f,0xf0,0x0e,0xf3,0x00,0x00,0x00,0x00,0x00,0x1f,0xf1,0x00,0x00,0x00,0x00,0x00,0x00,0x00,0x00,0x00,0x00,0x00,0x00,0x26,
  0x66,0x66,0x66,0x66,0x66,0x66,0x66,0x66,0x63,0x00,0x00,0x00,0x00,0x00,0x00,0x8a,0x87,0x65,0x32,0x0e,0xf6,0x00,0x00,0x00,
  0x5f,0xf3,0x00,0x02,0xff,0xff,0xc8,0x30,0x00,0x00,0x3f,0xd0,0x0e,0xf3,0x00,0x00,0x00,0x00,0x00,0x1f,0xf1,0x00,0x2d,0xdd,
  0xdd,0xdd,0xdd,0xdd,0xdd,0xb0,0x00,0x00,0x00,0x00,0x00,0x00,0x00,0x05,0x00,0x00,0x00,0x00,0x00,0x00,0x00,0x00,0x00,0x00,
  0x00,0x00,0x00,0x20,0x00,0x0e,0xf6,0x00,0x04,0x00,0x09,0x30,0x00,0x00,0x87,0x41,0x00,0x00,0x00,0x00,0x7f,0xa0,0x0e,0xf3,
  0x00,0x00,0x00,0x00,0x00,0x1f,0xf1,0x00,0x2f,0xff,0xff,0xff,0xff,0xff,0xff,0xc0,0x00,0x00,0x00,0x73,0x01,0xaa,0x00,0xbf,
  0xb2,0x00,0x00,0x00,0x62,0x00,0x00,0x00,0x00,0x00,0x00,0x00,0x0a,0xe2,0x00,0x0e,0xf6,0x01,0xbf,0x90,0x00,0x00,0x00,0x00,
  0x00,0x00,0x00,0x00,0x10,0x00,0xcf,0x60,0x0e,0xf3,0x00,0x53,0x00,0x00,0x00,0x1f,0xf1,0x00,0x2f,0xf1,0x11,0x11,0x11,0x11,
  0x6f,0xc0,0x00,0x00,0x02,0xee,0x21,0xff,0x00,0x5e,0xfe,0x40,0x00,0x0b,0xfc,0x00,0x00,0x00,0x00,0x00,0x00,0x01,0xbf,0xf6,
  0x00,0x0e,0xf6,0x00,0x9f,0xfa,0x00,0x00,0x00,0x00,0x00,0x00,0x26,0xae,0xb0,0x03,0xfe,0x20,0x0e,0xf3,0x00,0xbf,0x80,0x00,
  0x00,0x1f,0xf1,0x00,0x2f,0xf0,0x00,0x00,0x00,0x00,0x5f,0xc0,0x00,0x00,0x0a,0xfc,0x01,0xff,0x00,0x02,0xdf,0xe4,0x00,0x02,
  0xef,0x90,0x00,0x00,0x00,0x00,0x00,0x2c,0xff,0x60,0x00,0x0e,0xf6,0x00,0x08,0xff,0x90,0x00,0x00,0x01,0x47,0xae,0xff,0xff,
  0xc0,0x0a,0xfb,0x00,0x0e,0xf3,0x00,0xcf,0x70,0x00,0x00,0x1f,0xf1,0x00,0x2f,0xf0,0x00,0x00,0x00,0x00,0x5f,0xc0,0x00,0x00,
  0x4f,0xf5,0x01,0xff,0x00,0x00,0x1c,0xc0,0x07,0x50,0x6f,0xf4,0x00,0x00,0x00,0x00,0x07,0xef,0xe5,0x00,0x00,0x0e,0xf6,0x00,
  0x00,0x8f,0xf7,0x00,0x00,0x05,0xff,0xff,0xfc,0x73,0x00,0x4f,0xf4,0x00,0x0e,0xf3,0x00,0xdf,0x60,0x00,0x00,0x1f,0xf1,0x00,
  0x2f,0xf0,0x00,0x00,0x00,0x00,0x5f,0xc0,0x00,0x01,0xdf,0xc0,0x01,0xff,0x00,0x00,0x01,0x10,0x0d,0xf6,0x0b,0xfc,0x00,0x00,
  0x00,0x03,0xdf,0xfc,0x30,0x00,0x00,0x0f,0xf6,0x00,0x00,0x0a,0xff,0x40,0x00,0x00,0xed,0x96,0x20,0x00,0x02,0xef,0xb0,0x00,
  0x0e,0xf3,0x00,0xef,0x50,0x00,0x00,0x1f,0xf1,0x00,0x2f,0xfe,0xee,0xee,0xee,0xee,0xef,0xc0,0x00,0x0a,0xff,0x30,0x01,0xff,
  0x40,0x00,0x01,0x12,0x7f,0xf2,0x04,0xff,0x60,0x00,0x00,0x02,0xee,0x80,0x00,0x05,0xca,0xbf,0xf5,0x00,0x00,0x00,0xdf,0xb0,
  0x00,0x00,0x10,0x00,0x00,0x00,0x2e,0xfd,0x10,0x00,0x0d,0xfe,0xcd,0xff,0x20,0x00,0x00,0x1f,0xf1,0x00,0x2f,0xfe,0xee,0xee,
  0xee,0xee,0xef,0xc0,0x00,0x02,0xd9,0x00,0x00,0xef,0xff,0xff,0xff,0xff,0xff,0xa0,0x00,0xbb,0x30,0x00,0x00,0x00,0x62,0x00,
  0x00,0x02,0xff,0xff,0xe1,0x00,0x00,0x00,0x36,0x00,0x00,0x00,0x00,0x00,0x00,0x00,0x0b,0xe3,0x00,0x00,0x06,0xef,0xff,0xf9,
  0x00,0x00,0x00,0x1f,0xf1,0x00,0x2f,0xf0,0x00,0x00,0x00,0x00,0x5f,0xc0,0x00,0x00,0x10,0x00,0x00,0x4b,0xde,0xee,0xee,0xdc,
  0xb8,0x10,0x00,0x00,0x00,0x00,0x00,0x00,0x00,0x00,0x00,0x00,0x46,0x76,0x10,0x00,0x00,0x00,0x00,0x00,0x00,0x00,0x00,0x00,
  0x00,0x00,0x01,0x20,0x00,0x00,0x00,0x02,0x22,0x10,0x00,0x00,0x00,0x07,0x70,0x00,0x16,0x60,0x00,0x00,0x00,0x00,0x14,0x30,
  0x00,0x00,0x00,0x00,0x00,0x00,0x00,0x00,0x00,0x00,0x00,0x00,0x00,0x00,0x00,0x00,0x00,0x00,0x00,0x00,0x00,0x00,0x00,0x00,
  0x00,0x00,0x00,0x00,0x00,0x00,0x00,0x00,0x00,0x00,0x00,0x00,0x00,0x00,0x00,0x00,0x00,0x00,0x00,0x00,0x00,0x00,0x00,0x00,
  0x00,0x00,0x00,0x00,0x00,0x00,0x00,0x00,0x00,0x00,0x00,0x00,0x00,0x00,0x00,0x00,0x00,0x00,0x00,0x00,0x00,0x00,0x00,0x00,
  0x00,0x00,0x00,0x00,0x00,0x00,0x00,0x00,0x00,0x00,0x00,0x00,0x00,0x00,0x00,0x00,0x00,0x00,0x00,0x00,0x00,0x00,0x00,0x00,
  0x00,0x00,0x00,0x00,0x00,0x00,0x00,0x00,0x00,0x00,0x00,0x00,0x00,0x00,0x00,0x00,0x00,0x00,0x00,0x00,0x00,0x00,0x00,0x00,
  0x00,0x00,0x00,0x00,0x00,0x00,0x00,0x00,0x00,0x00,0x00,0x00,
};
#define GUI_TXT_BTN4_W 116
#define GUI_TXT_BTN4_H 30

static const uint8_t gui_txt_hdr1_bits[1740] = {
  0x00,0x00,0x00,0x00,0x00,0x00,0x00,0x00,0x00,0x00,0x00,0x00,0x00,0x00,0x00,0x00,0x00,0x00,0x00,0x00,0x00,0x00,0x00,0x00,
  0x00,0x00,0x00,0x00,0x00,0x00,0x00,0x00,0x00,0x00,0x00,0x00,0x00,0x00,0x00,0x00,0x00,0x00,0x00,0x00,0x00,0x00,0x00,0x00,
  0x00,0x00,0x00,0x00,0x00,0x00,0x00,0x00,0x00,0x00,0x00,0x00,0x00,0x00,0x00,0x00,0x00,0x00,0x00,0x00,0x00,0x00,0x00,0x00,
  0x00,0x00,0x00,0x00,0x00,0x00,0x00,0x00,0x00,0x00,0x00,0x00,0x00,0x00,0x00,0x00,0x00,0x00,0x00,0x00,0x00,0x00,0x00,0x00,
  0x00,0x00,0x00,0x00,0x00,0x00,0x00,0x00,0x00,0x00,0x00,0x00,0x00,0x00,0x00,0x00,0x00,0x00,0x00,0x00,0x00,0x00,0x00,0x00,
  0x95,0x00,0x00,0x00,0x00,0x00,0x06,0x94,0x00,0x00,0x00,0x00,0x00,0x09,0x91,0x00,0x00,0x04,0x96,0x00,0x00,0x99,0x00,0x00,
  0x00,0x00,0x00,0x00,0x00,0x00,0x00,0x00,0x00,0x00,0x00,0x00,0x00,0x00,0x00,0x00,0x00,0x00,0x00,0x00,0x00,0x00,0x00,0x00,
  0x06,0x40,0x00,0x00,0x00,0x00,0x00,0x00,0x00,0x06,0xfe,0x10,0x00,0x00,0x00,0x00,0x09,0xf6,0x00,0x00,0x00,0x00,0x00,0x1f,
  0xf1,0x00,0x00,0x06,0xf9,0x00,0x00,0xef,0x10,0x00,0x00,0x00,0x26,0x66,0x66,0x66,0x61,0x6e,0xee,0xee,0xee,0xee,0xee,0x90,
  0x00,0x01,0x99,0x99,0x99,0x90,0x02,0x20,0x00,0x00,0x3f,0xe1,0x00,0x00,0x00,0x00,0x00,0x00,0x00,0x1d,0xfc,0x88,0x88,0x20,
  0x00,0x00,0x09,0xf6,0x00,0x00,0x00,0x00,0x00,0x1f,0xf1,0x06,0x88,0x8b,0xfc,0x88,0x88,0xef,0x98,0x88,0x30,0x00,0x5f,0xff,
  0xff,0xff,0xf2,0x6f,0xff,0xff,0xff,0xff,0xff,0x90,0x00,0x02,0xff,0xff,0xff,0xf1,0x9f,0x90,0x00,0x00,0x9f,0xa0,0x00,0x00,
  0x00,0x00,0x00,0x00,0x00,0x9f,0xff,0xff,0xff,0x30,0x00,0x00,0x09,0xf6,0x00,0x00,0x00,0x00,0x00,0x1f,0xf1,0x0c,0xff,0xff,
  0xff,0xff,0xff,0xff,0xff,0xff,0x70,0x00,0x5f,0xe9,0x99,0x9e,0xf2,0x6f,0xb1,0x11,0x11,0x11,0x9f,0x90,0x00,0x02,0xfe,0x33,
  0x4f,0xe0,0x4f,0xe0,0x28,0x88,0xef,0xb8,0x88,0x88,0x00,0x00,0x00,0x00,0x06,0xfe,0x76,0x68,0xfe,0x20,0x00,0x00,0x09,0xf6,
  0x00,0x00,0x00,0x00,0x00,0x1f,0xf2,0x05,0x66,0x6a,0xfb,0x66,0x66,0xef,0x66,0x66,0x20,0x00,0x5f,0xc0,0x00,0x0d,0xf2,0x6f,
  0xb0,0x00,0x00,0x00,0x8f,0x90,0x00,0x02,0xfe,0x00,0x7f,0x80,0x0d,0xf4,0x5f,0xff,0xff,0xff,0xff,0xff,0x00,0x00,0x00,0x00,
  0x3e,0xf8,0x00,0x0a,0xf9,0x00,0x06,0x77,0x7c,0xfa,0x77,0x74,0x00,0x07,0xff,0xff,0xff,0xf4,0x00,0x06,0xf9,0x00,0x00,0xef,
  0x10,0x00,0x00,0x00,0x5f,0xc0,0x00,0x0d,0xf2,0x6f,0xb0,0x00,0x00,0x00,0x8f,0x90,0x00,0x02,0xfe,0x00,0xcf,0x30,0x08,0xf7,
  0x25,0x9f,0xf7,0x55,0x55,0x55,0x00,0x00,0x00,0x03,0xef,0xd3,0x22,0x5f,0xf4,0x22,0x0c,0xff,0xff,0xff,0xff,0xf8,0x00,0x07,
  0xff,0xff,0xff,0xf4,0x27,0x7a,0xfc,0x77,0x77,0xef,0x87,0x70,0x00,0x00,0x5f,0xc0,0x00,0x0d,0xf2,0x6f,0xeb,0xbb,0xbb,0xbb,
  0xdf,0x90,0x00,0x02,0xfe,0x03,0xfc,0x00,0x02,0x30,0x01,0xdf,0xa0,0x00,0x00,0x00,0x00,0x00,0x00,0x06,0xff,0xff,0xff,0xff,
  0xff,0xfb,0x0c,0xf7,0x7c,0xfa,0x7a,0xf8,0x00,0x00,0x00,0x1f,0xf2,0x00,0x4f,0xff,0xff,0xff,0xff,0xff,0xff,0xe0,0x00,0x00,
  0x5f,0xc0,0x00,0x0d,0xf2,0x6f,0xff,0xff,0xff,0xff,0xff,0x90,0x00,0x02,0xfe,0x09,0xf6,0x00,0x00,0x00,0x0b,0xfe,0x43,0x33,
  0x33,0x32,0x00,0x00,0x00,0x00,0xac,0xfc,0xbd,0xfd,0xbc,0xfb,0x0c,0xf0,0x09,0xf6,0x05,0xf8,0x00,0x00,0x00,0x1f,0xf1,0x00,
  0x4f,0xd5,0x55,0x55,0x55,0x55,0x6f,0xe0,0x00,0x00,0x5f,0xe9,0x99,0x9e,0xf2,0x6f,0xc5,0x55,0x55,0x55,0xaf,0x90,0x00,0x02,
  0xfe,0x0e,0xe1,0x00,0x00,0x00,0x9f,0xff,0xff,0xff,0xff,0xfa,0x00,0x00,0x00,0x00,0x0a,0xf5,0x06,0xf7,0x04,0xfb,0x0c,0xf0,
  0x09,0xf6,0x05,0xf8,0x00,0x00,0x00,0x1f,0xf1,0x00,0x4f,0xc0,0x00,0x00,0x00,0x00,0x2f,0xe0,0x00,0x00,0x5f,0xff,0xff,0xff,
  0xf2,0x6f,0xb0,0x00,0x00,0x00,0x8f,0x90,0x00,0x02,0xfe,0x5f,0xb0,0x00,0x00,0x01,0xde,0xbf,0xc9,0x99,0x9b,0xfa,0x00,0x00,
  0x00,0x00,0x0a,0xf5,0x06,0xf7,0x04,0xfb,0x0c,0xf0,0x09,0xf6,0x05,0xf8,0x00,0x00,0x00,0x1f,0xf1,0x00,0x4f,0xed,0xdd,0xdd,
  0xdd,0xdd,0xdf,0xe0,0x00,0x00,0x26,0x66,0xcf,0xa6,0x60,0x6f,0xb0,0x00,0x00,0x00,0x8f,0x90,0x00,0x02,0xfe,0x2e,0xf3,0x00,
  0xcf,0xfd,0x25,0x7f,0x70,0x00,0x04,0xfa,0x00,0x00,0x00,0x00,0x0a,0xf7,0x49,0xf9,0x47,0xfb,0x0c,0xf0,0x09,0xf6,0x05,0xf8,
  0x00,0x00,0x00,0x1f,0xf1,0x47,0x4f,0xec,0xcc,0xcc,0xcc,0xcc,0xdf,0xe0,0x00,0x00,0x00,0x00,0x9f,0x80,0x00,0x6f,0xd8,0x88,
  0x88,0x88,0xcf,0x90,0x00,0x02,0xfe,0x07,0xfb,0x00,0xbe,0xfd,0x00,0x7f,0x94,0x44,0x46,0xfa,0x00,0x00,0x00,0x00,0x0a,0xff,
  0xff,0xff,0xff,0xfb,0x0c,0xf0,0x09,0xf6,0x05,0xf8,0x00,0x00,0x00,0x1f,0xfc,0xfd,0x4f,0xc0,0x00,0x00,0x00,0x00,0x2f,0xe0,
  0x00,0x00,0x00,0x00,0x9f,0x80,0x00,0x6f,0xff,0xff,0xff,0xff,0xff,0x90,0x00,0x02,0xfe,0x00,0xdf,0x30,0x00,0xed,0x00,0x7f,
  0xff,0xff,0xff,0xfa,0x00,0x00,0x00,0x00,0x0a,0xfb,0x8b,0xfc,0x8a,0xfb,0x0c,0xf0,0x09,0xf6,0x05,0xf8,0x00,0x00,0x03,0x9f,
  0xff,0xe7,0x4f,0xd6,0x66,0x66,0x66,0x66,0x7f,0xe0,0x00,0x00,0x5f,0xc0,0x9f,0xa4,0x40,0x6f,0xd7,0x7d,0xf9,0x77,0x77,0x40,
  0x00,0x02,0xfe,0x00,0x8f,0x80,0x00,0xed,0x00,0x7f,0xb7,0x77,0x79,0xfa,0x00,0x00,0x00,0x00,0x0a,0xf5,0x06,0xf7,0x04,0xfb,
  0x0c,0xf5,0x4b,0xf9,0x48,0xf8,0x00,0x05,0xcf,0xff,0xf9,0x10,0x4f,0xff,0xff,0xff,0xff,0xff,0xff,0xe0,0x00,0x00,0x5f,0xc0,
  0x9f,0xff,0xf0,0x6f,0xb0,0x09,0xf7,0x00,0x00,0x10,0x00,0x02,0xfe,0x00,0x4f,0xb0,0x00,0xed,0x00,0x7f,0x70,0x00,0x04,0xfa,
  0x00,0x00,0x00,0x00,0x0a,0xf5,0x06,0xf7,0x04,0xfb,0x0c,0xff,0xff,0xff,0xff,0xf8,0x00,0x05,0xff,0xef,0xf1,0x00,0x16,0x66,
  0x66,0xaf,0xd6,0x66,0x66,0x60,0x00,0x00,0x5f,0xc0,0x9f,0xdb,0xb0,0x6f,0xb0,0x06,0xfc,0x00,0x08,0xd3,0x00,0x02,0xfe,0x00,
  0x2f,0xd0,0x00,0xed,0x00,0x7f,0xc9,0x99,0x9b,0xfa,0x00,0x00,0x00,0x00,0x0a,0xf9,0x6a,0xfb,0x69,0xfb,0x07,0x99,0x9d,0xfc,
  0x99,0x95,0x00,0x00,0xa5,0x1f,0xf1,0x00,0x00,0x00,0x00,0x9f,0x80,0x00,0x00,0x00,0x00,0x00,0x5f,0xc0,0x9f,0x80,0x00,0x6f,
  0xb0,0x01,0xff,0x20,0x8f,0xf8,0x00,0x02,0xfe,0x00,0x2f,0xe0,0x00,0xed,0x00,0x7f,0xff,0xff,0xff,0xfa,0x00,0x00,0x00,0x00,
  0x0b,0xff,0xff,0xff,0xff,0xfb,0x00,0x00,0x09,0xf6,0x00,0x00,0x00,0x00,0x00,0x1f,0xf1,0x18,0x88,0x88,0x88,0xdf,0xb8,0x88,
  0x88,0x88,0x50,0x00,0x5f,0xc0,0x9f,0x80,0x00,0x6f,0xb0,0x00,0xcf,0xaa,0xff,0xa0,0x00,0x02,0xfe,0x00,0x4f,0xc0,0x00,0xed,
  0x00,0x7f,0x83,0x33,0x36,0xfa,0x00,0x00,0x00,0x00,0x0b,0xfa,0x7b,0xfb,0x79,0xfb,0x00,0x00,0x09,0xf6,0x2a,0x60,0x00,0x00,
  0x00,0x1f,0xf1,0x2f,0xff,0xff,0xff,0xff,0xff,0xff,0xff,0xff,0x80,0x00,0x5f,0xc0,0x9f,0x80,0x00,0x6f,0xb0,0x00,0x6f,0xff,
  0xf9,0x00,0x00,0x02,0xfe,0x69,0xdf,0x80,0x00,0xed,0x00,0x7f,0x70,0x00,0x04,0xfa,0x00,0x00,0x00,0x00,0x0c,0xf4,0x06,0xf7,
  0x04,0xfb,0x00,0x00,0x09,0xf6,0x3f,0xc0,0x00,0x00,0x00,0x1f,0xf1,0x05,0x55,0x55,0x5d,0xfd,0xfe,0x65,0x55,0x55,0x30,0x00,
  0x5f,0xc0,0x9f,0x80,0x00,0x6f,0xb0,0x00,0x0d,0xff,0x50,0x00,0x00,0x02,0xfe,0x6f,0xfc,0x10,0x00,0xed,0x00,0x7f,0x70,0x03,
  0x17,0xfa,0x00,0x00,0x00,0x00,0x0e,0xf3,0x06,0xf7,0x04,0xfb,0x00,0x00,0x09,0xf6,0x0d,0xf2,0x00,0x00,0x00,0x1f,0xf1,0x00,
  0x00,0x00,0x7f,0xe2,0xbf,0xb1,0x00,0x00,0x00,0x00,0x5f,0xc0,0x9f,0x84,0x80,0x6f,0xb0,0x00,0x04,0xff,0xb0,0x00,0x00,0x02,
  0xfe,0x04,0x40,0x00,0x00,0xed,0x00,0x7f,0x70,0x0d,0xff,0xf6,0x00,0x00,0x00,0x00,0x1f,0xf1,0x06,0xf7,0x04,0xfb,0x00,0x00,
  0x09,0xf6,0x3c,0xf6,0x00,0x00,0x00,0x1f,0xf1,0x00,0x00,0x19,0xff,0x60,0x1d,0xfd,0x40,0x00,0x00,0x00,0x5f,0xc2,0xbf,0xff,
  0xe0,0x6f,0xb0,0x00,0x55,0x8f,0xfc,0x20,0x00,0x02,0xfe,0x00,0x00,0x00,0x03,0xee,0x50,0x5a,0x50,0x06,0xbb,0x70,0x00,0x00,
  0x00,0x00,0x4f,0xe0,0x03,0x63,0x04,0xfb,0x00,0x24,0x7d,0xff,0xff,0xfa,0x00,0x00,0x00,0x2f,0xf1,0x00,0x28,0xef,0xe7,0x00,
  0x02,0xdf,0xfc,0x51,0x00,0x04,0xaf,0xff,0xff,0xea,0x50,0x6f,0xc5,0x9e,0xfb,0x09,0xff,0xe7,0x00,0x02,0xfe,0x00,0x00,0x00,
  0x8e,0xeb,0xea,0x41,0x00,0x00,0x00,0x00,0x00,0x00,0x00,0x00,0x9f,0xa0,0x00,0x28,0x7a,0xfb,0x3e,0xff,0xff,0xfe,0xb8,0xee,
  0x00,0x05,0xca,0xcf,0xe0,0x7c,0xff,0xfc,0x40,0x00,0x00,0x19,0xff,0xfe,0x90,0x0a,0xff,0xfe,0xb6,0x10,0x00,0x6f,0xff,0xff,
  0xd6,0x00,0x7e,0xff,0x80,0x02,0xfe,0x00,0x00,0x08,0xfe,0x40,0xcf,0xff,0xee,0xdd,0xdd,0xdd,0x30,0x00,0x00,0x00,0xef,0x60,
  0x00,0x1f,0xff,0xf7,0x0e,0xeb,0x86,0x20,0x00,0xcf,0x30,0x02,0xff,0xff,0xb0,0x6f,0xeb,0x50,0x00,0x00,0x00,0x00,0x3a,0xef,
  0x30,0x05,0xd9,0x40,0x00,0x00,0x00,0x4e,0xfd,0x94,0x00,0x00,0x04,0xdc,0x00,0x02,0xfe,0x00,0x00,0x00,0xd5,0x00,0x07,0xdf,
  0xff,0xff,0xff,0xfd,0x00,0x00,0x00,0x00,0x16,0x00,0x00,0x06,0x89,0x60,0x01,0x00,0x00,0x00,0x00,0x63,0x00,0x00,0x36,0x75,
  0x00,0x04,0x10,0x00,0x00,0x00,0x00,0x00,0x00,0x15,0x00,0x00,0x00,0x00,0x00,0x00,0x00,0x03,0x20,0x00,0x00,0x00,0x00,0x11,
  0x00,0x01,0x98,0x00,0x00,0x00,0x10,0x00,0x00,0x01,0x34,0x44,0x44,0x42,0x00,0x00,0x00,0x00,0x00,0x00,0x00,0x00,0x00,0x00,
  0x00,0x00,0x00,0x00,0x00,0x00,0x00,0x00,0x00,0x00,0x00,0x00,0x00,0x00,0x00,0x00,0x00,0x00,0x00,0x00,0x00,0x00,0x00,0x00,
  0x00,0x00,0x00,0x00,0x00,0x00,0x00,0x00,0x00,0x00,0x00,0x00,0x00,0x00,0x00,0x00,0x00,0x00,0x00,0x00,0x00,0x00,0x00,0x00,
  0x00,0x00,0x00,0x00,0x00,0x00,0x00,0x00,0x00,0x00,0x00,0x00,0x00,0x00,0x00,0x00,0x00,0x00,0x00,0x00,0x00,0x00,0x00,0x00,
  0x00,0x00,0x00,0x00,0x00,0x00,0x00,0x00,0x00,0x00,0x00,0x00,0x00,0x00,0x00,0x00,0x00,0x00,0x00,0x00,0x00,0x00,0x00,0x00,
  0x00,0x00,0x00,0x00,0x00,0x00,0x00,0x00,0x00,0x00,0x00,0x00,
};
#define GUI_TXT_HDR1_W 116
#define GUI_TXT_HDR1_H 30

static const uint8_t gui_txt_hdr2_bits[1740] = {
  0x00,0x00,0x00,0x00,0x00,0x00,0x00,0x00,0x00,0x00,0x00,0x00,0x00,0x00,0x00,0x00,0x00,0x00,0x00,0x00,0x00,0x00,0x00,0x00,
  0x00,0x00,0x00,0x00,0x00,0x00,0x00,0x00,0x00,0x00,0x00,0x00,0x00,0x00,0x00,0x00,0x00,0x00,0x00,0x00,0x00,0x00,0x00,0x00,
  0x00,0x00,0x00,0x00,0x00,0x00,0x00,0x00,0x00,0x00,0x00,0x00,0x00,0x00,0x00,0x00,0x00,0x00,0x00,0x00,0x00,0x00,0x00,0x00,
  0x00,0x00,0x00,0x00,0x00,0x00,0x00,0x00,0x00,0x00,0x00,0x00,0x00,0x00,0x00,0x00,0x00,0x00,0x00,0x00,0x00,0x00,0x00,0x00,
  0x00,0x00,0x00,0x00,0x00,0x00,0x00,0x00,0x00,0x00,0x00,0x00,0x00,0x00,0x00,0x00,0x00,0x00,0x00,0x00,0x00,0x00,0x00,0x00,
  0x00,0x00,0x00,0x00,0x00,0x00,0x00,0x25,0x88,0x00,0x00,0x00,0x00,0x00,0x00,0x00,0x00,0x00,0x00,0x00,0x00,0x00,0x00,0x00,
  0x00,0x00,0x00,0x16,0x00,0x00,0x00,0x00,0x00,0x00,0x00,0x00,0x00,0x00,0x00,0x00,0x00,0x00,0x00,0x00,0x00,0x00,0x00,0x00,
  0x00,0x00,0x03,0x85,0x00,0x00,0x00,0x00,0x00,0x00,0x00,0x00,0x00,0x01,0x35,0x79,0xbe,0xff,0xff,0x40,0x00,0x00,0x99,0x99,
  0x99,0x99,0x99,0x99,0x99,0x99,0x99,0x99,0x99,0x99,0x00,0x00,0x02,0xdf,0x60,0x00,0x00,0x01,0x11,0x11,0x11,0x11,0x11,0x10,
  0x00,0x00,0x05,0xdd,0xdd,0xdd,0xdd,0xdd,0xc0,0x00,0x00,0x00,0x07,0xfa,0x00,0x00,0x00,0x00,0x27,0x77,0x88,0x9a,0xcd,0xef,
  0xff,0xff,0xff,0xfd,0xa7,0x20,0x00,0x00,0xdf,0xff,0xff,0xff,0xff,0xff,0xff,0xff,0xff,0xff,0xff,0xfd,0x00,0x00,0x00,0xaf,
  0xe3,0x00,0x00,0x6f,0xff,0xff,0xff,0xff,0xff,0xc0,0x00,0x00,0x05,0xff,0xff,0xff,0xff,0xff,0xe0,0x00,0x00,0x00,0x07,0xfa,
  0x00,0x00,0x00,0x00,0x1e,0xff,0xff,0xff,0xff,0xff,0xfd,0xa8,0x53,0x10,0x00,0x00,0x00,0x00,0xdf,0x63,0x33,0x33,0x33,0x33,
  0x33,0x33,0x33,0x33,0x36,0xfd,0x00,0x00,0x00,0x1d,0xfb,0x00,0x00,0x6f,0xec,0xcc,0xcc,0xcc,0xdf,0xc0,0x00,0x00,0x05,0xfc,
  0x33,0x33,0x33,0x5f,0xe0,0x00,0x3a,0x90,0x07,0xfa,0x00,0x00,0x00,0x00,0x09,0xbb,0xa9,0x87,0x64,0x3c,0xf6,0x00,0x00,0x00,
  0x00,0x00,0x00,0x00,0xdf,0x40,0x01,0x00,0x00,0x00,0x00,0x00,0x00,0x00,0x04,0xfd,0x00,0x00,0x00,0x05,0xff,0x50,0x00,0x6f,
  0xb0,0x00,0x00,0x00,0x5f,0xc0,0x00,0x00,0x05,0xfc,0x00,0x00,0x00,0x3f,0xe0,0x00,0x4f,0xd0,0x07,0xfa,0x00,0x00,0x00,0x00,
  0x00,0x00,0x00,0x00,0x00,0x0b,0xf6,0x00,0x00,0x00,0x00,0x00,0x00,0x00,0xdf,0x40,0x1f,0xe3,0x00,0x00,0x00,0x00,0x00,0x00,
  0x04,0xfd,0x00,0x00,0x00,0x00,0xb9,0x10,0x00,0x6f,0xb0,0x00,0x00,0x00,0x5f,0xc0,0x00,0x00,0x05,0xfc,0x00,0x00,0x00,0x3f,
  0xe0,0x00,0x4f,0xd0,0x07,0xfa,0x00,0x00,0x00,0x00,0x00,0x00,0x00,0x00,0x00,0x0b,0xf6,0x00,0x00,0x00,0x00,0x00,0x00,0x00,
  0xdf,0x40,0x3f,0xf0,0x00,0x00,0x00,0x00,0x00,0x00,0x04,0xfd,0x00,0x00,0x00,0x00,0x00,0x00,0x00,0x6f,0xb0,0x00,0x00,0x00,
  0x5f,0xc0,0x00,0x00,0x05,0xfc,0x00,0x00,0x00,0x3f,0xe0,0x00,0x4f,0xd0,0x07,0xfa,0x00,0x00,0x00,0x00,0x00,0x00,0x00,0x00,
  0x00,0x0b,0xf6,0x00,0x00,0x00,0x00,0x00,0x00,0x00,0x12,0x00,0x5f,0xe4,0x44,0x44,0x44,0x44,0x44,0x44,0x40,0x21,0x00,0x00,
  0x00,0x00,0x00,0x00,0x00,0x6f,0xb0,0x00,0x00,0x00,0x5f,0xc0,0x00,0x00,0x05,0xfc,0x44,0x44,0x44,0x6f,0xe0,0x00,0x4f,0xd0,
  0x07,0xfa,0x00,0x00,0x00,0x00,0x07,0x99,0x99,0x99,0x99,0x9d,0xfc,0x99,0x99,0x99,0x99,0x70,0x00,0x00,0x00,0x00,0x7f,0xff,
  0xff,0xff,0xff,0xff,0xff,0xff,0xe0,0x00,0x00,0x04,0x88,0x88,0x82,0x00,0x00,0x6f,0xb0,0x00,0x00,0x00,0x5f,0xc0,0x00,0x00,
  0x05,0xff,0xff,0xff,0xff,0xff,0xe0,0x00,0x4f,0xd0,0x07,0xfa,0x00,0x00,0x00,0x00,0x0a,0xff,0xff,0xff,0xff,0xff,0xff,0xff,
  0xff,0xff,0xff,0xa0,0x00,0x00,0x00,0x00,0x9f,0xdb,0xbb,0xbb,0xbb,0xbb,0xbb,0xbb,0xb0,0x00,0x00,0x08,0xff,0xff,0xf4,0x00,
  0x00,0x6f,0xb0,0x00,0x00,0x00,0x5f,0xc0,0x00,0x00,0x04,0xbb,0xbb,0xbb,0xbb,0xbb,0xb0,0x00,0x4f,0xd0,0x07,0xfa,0x00,0x00,
  0x00,0x00,0x05,0x88,0x88,0x88,0x88,0x8d,0xfa,0x88,0x88,0x88,0x88,0x50,0x00,0x00,0x00,0x00,0xbf,0x60,0x00,0x00,0x00,0x00,
  0x00,0x00,0x00,0x00,0x00,0x03,0x66,0x6c,0xf4,0x00,0x00,0x6f,0xb0,0x00,0x00,0x00,0x5f,0xc0,0x00,0x00,0x00,0x00,0x03,0x30,
  0x00,0x00,0x00,0x00,0x4f,0xd0,0x07,0xfa,0x00,0x00,0x00,0x00,0x00,0x00,0x00,0x00,0x00,0x0b,0xf6,0x00,0x00,0x00,0x00,0x00,
  0x00,0x00,0x00,0x00,0xef,0x40,0x00,0x00,0x00,0x00,0x00,0x00,0x00,0x00,0x00,0x00,0x00,0x0b,0xf4,0x00,0x00,0x6f,0xb0,0x00,
  0x00,0x00,0x5f,0xc0,0x00,0x00,0x00,0x00,0x1f,0xf0,0x00,0x00,0x00,0x00,0x4f,0xd0,0x07,0xfa,0x00,0x00,0x00,0x00,0x00,0x00,
  0x00,0x00,0x00,0x0b,0xf6,0x00,0x00,0x00,0x00,0x00,0x00,0x00,0x00,0x01,0xff,0x30,0x00,0x00,0x00,0x00,0x00,0x00,0x00,0x00,
  0x00,0x00,0x00,0x0b,0xf4,0x00,0x00,0x6f,0xb0,0x00,0x00,0x00,0x5f,0xc0,0x00,0x00,0x00,0x00,0x1f,0xe0,0x00,0x00,0x00,0x00,
  0x4f,0xd0,0x07,0xfa,0x00,0x00,0x00,0x00,0x00,0x00,0x00,0x00,0x00,0x0b,0xf6,0x00,0x00,0x00,0x00,0x00,0x00,0x00,0x00,0x03,
  0xff,0xff,0xff,0xff,0xff,0xff,0xff,0xff,0xff,0x50,0x00,0x00,0x00,0x0b,0xf4,0x00,0x00,0x6f,0xee,0xee,0xee,0xee,0xef,0xc0,
  0x00,0x00,0x7b,0xbb,0xbf,0xeb,0xbb,0xbb,0xb4,0x00,0x4f,0xd0,0x07,0xfa,0x00,0x00,0x00,0x04,0x88,0x88,0x88,0x88,0x88,0x8d,
  0xfa,0x88,0x88,0x88,0x88,0x88,0x40,0x00,0x00,0x05,0xff,0xff,0xff,0xff,0xff,0xff,0xff,0xff,0xff,0x40,0x00,0x00,0x00,0x0b,
  0xf4,0x00,0x00,0x6f,0xff,0xff,0xff,0xff,0xff,0xc0,0x00,0x00,0xaf,0xff,0xff,0xff,0xff,0xff,0xf6,0x00,0x4f,0xd0,0x07,0xfa,
  0x00,0x00,0x00,0x08,0xff,0xff,0xff,0xff,0xff,0xff,0xff,0xff,0xff,0xff,0xff,0xff,0x80,0x00,0x00,0x00,0x00,0x00,0x00,0x00,
  0x00,0x00,0x00,0x04,0xff,0x20,0x00,0x00,0x00,0x0b,0xf4,0x00,0x00,0x00,0x00,0x00,0x00,0x00,0x00,0x00,0x00,0x00,0x23,0x33,
  0x6f,0xd3,0x33,0x3d,0xf6,0x00,0x4f,0xd0,0x07,0xfa,0x00,0x00,0x00,0x05,0x99,0x99,0x99,0x99,0x99,0x9d,0xfc,0x99,0x99,0x99,
  0x99,0x99,0x50,0x00,0x00,0x00,0x00,0x00,0x00,0x00,0x00,0x00,0x00,0x04,0xff,0x10,0x00,0x00,0x00,0x0b,0xf4,0x00,0x00,0x00,
  0x00,0x00,0x00,0x01,0x00,0x00,0x00,0x00,0x00,0x00,0x5f,0xb0,0x00,0x0d,0xf5,0x00,0x4f,0xd0,0x07,0xfa,0x00,0x00,0x00,0x00,
  0x00,0x00,0x00,0x00,0x00,0x0b,0xf6,0x00,0x00,0x00,0x00,0x00,0x00,0x01,0x88,0x88,0x88,0x88,0x88,0x88,0x88,0x88,0x86,0x05,
  0xfe,0x00,0x00,0x00,0x00,0x0b,0xf4,0x00,0x00,0x00,0x1e,0x80,0x00,0x8e,0x30,0x00,0x00,0x00,0x00,0x00,0x8f,0x90,0x00,0x0d,
  0xf5,0x00,0x4f,0xd0,0x07,0xfa,0x00,0x00,0x00,0x00,0x00,0x00,0x00,0x00,0x00,0x0b,0xf6,0x00,0x00,0x00,0x00,0x00,0x00,0x02,
  0xff,0xff,0xff,0xff,0xff,0xff,0xff,0xff,0xfc,0x07,0xfd,0x00,0x00,0x00,0x00,0x0b,0xf4,0x02,0x00,0x00,0xaf,0xd0,0x00,0xaf,
  0xd1,0x00,0x00,0x00,0x00,0x00,0xcf,0x60,0x00,0x0e,0xf4,0x00,0x4f,0xd0,0x07,0xfa,0x00,0x00,0x00,0x00,0x00,0x00,0x00,0x00,
  0x00,0x0b,0xf6,0x00,0x00,0x00,0x00,0x00,0x00,0x01,0x77,0x77,0x77,0x77,0x77,0x77,0x77,0x77,0x76,0x08,0xfb,0x00,0x00,0x00,
  0x00,0x0b,0xf4,0x3e,0x80,0x04,0xff,0x40,0x00,0x1d,0xfa,0x00,0x00,0x00,0x00,0x02,0xff,0x20,0x00,0x0e,0xf4,0x00,0x02,0x20,
  0x07,0xfa,0x00,0x00,0x00,0x00,0x00,0x00,0x00,0x00,0x00,0x0b,0xf6,0x00,0x00,0x00,0x00,0x00,0x00,0x00,0x00,0x00,0x00,0x00,
  0x00,0x00,0x00,0x00,0x00,0x0b,0xf8,0x00,0x00,0x00,0x00,0x0b,0xf7,0xdf,0x80,0x1d,0xfa,0x00,0x00,0x04,0xff,0x50,0x00,0x00,
  0x00,0x0a,0xfc,0x00,0x00,0x0f,0xf3,0x00,0x00,0x00,0x07,0xfa,0x00,0x00,0x00,0x00,0x00,0x00,0x00,0x00,0x00,0x0b,0xf6,0x00,
  0x00,0x00,0x00,0x00,0x00,0x00,0x00,0x00,0x00,0x00,0x00,0x00,0x00,0x00,0x00,0x0e,0xf5,0x00,0x00,0x00,0x00,0x0b,0xfe,0xfa,
  0x00,0xbf,0xd1,0x00,0x00,0x00,0x9f,0xd0,0x00,0x00,0x00,0x5f,0xf5,0x00,0x00,0x2f,0xf1,0x00,0x00,0x00,0x07,0xfa,0x00,0x00,
  0x00,0x00,0x00,0x00,0x00,0x10,0x00,0x0d,0xf6,0x00,0x00,0x00,0x00,0x00,0x00,0x00,0x00,0x00,0x00,0x00,0x00,0x00,0x31,0x00,
  0x00,0x9f,0xf1,0x00,0x00,0x00,0x00,0x0a,0xff,0xa0,0x08,0xfe,0x40,0x00,0x00,0x00,0x1e,0xf8,0x00,0x00,0x04,0xef,0xa0,0x10,
  0x00,0x7f,0xe0,0x00,0x00,0x00,0x07,0xfa,0x00,0x00,0x00,0x00,0x00,0x00,0x00,0x6e,0xdc,0xdf,0xf4,0x00,0x00,0x00,0x00,0x00,
  0x00,0x00,0x00,0x00,0x00,0x00,0x00,0x00,0xcf,0xec,0xbd,0xff,0xa0,0x00,0x00,0x00,0x00,0x00,0xb8,0x00,0x7f,0xf8,0x00,0x00,
  0x00,0x00,0x07,0xfe,0x10,0x00,0x7e,0xfc,0x00,0x4e,0xee,0xff,0xb0,0x00,0x0d,0xb9,0x8d,0xf9,0x00,0x00,0x00,0x00,0x00,0x00,
  0x00,0x3f,0xff,0xff,0xd0,0x00,0x00,0x00,0x00,0x00,0x00,0x00,0x00,0x00,0x00,0x00,0x00,0x00,0x8e,0xff,0xff,0xe9,0x00,0x00,
  0x00,0x00,0x00,0x00,0x00,0x00,0x5e,0xa0,0x00,0x00,0x00,0x00,0x00,0xed,0x20,0x00,0x9f,0xb0,0x00,0x0e,0xff,0xfc,0x20,0x00,
  0x0b,0xff,0xff,0xf5,0x00,0x00,0x00,0x00,0x00,0x00,0x00,0x02,0x45,0x54,0x00,0x00,0x00,0x00,0x00,0x00,0x00,0x00,0x00,0x00,
  0x00,0x00,0x00,0x00,0x00,0x23,0x43,0x10,0x00,0x00,0x00,0x00,0x00,0x00,0x00,0x00,0x03,0x00,0x00,0x00,0x00,0x00,0x00,0x30,
  0x00,0x00,0x06,0x00,0x00,0x01,0x34,0x20,0x00,0x00,0x01,0x46,0x77,0x30,0x00,0x00,0x00,0x00,0x00,0x00,0x00,0x00,0x00,0x00,
  0x00,0x00,0x00,0x00,0x00,0x00,0x00,0x00,0x00,0x00,0x00,0x00,0x00,0x00,0x00,0x00,0x00,0x00,0x00,0x00,0x00,0x00,0x00,0x00,
  0x00,0x00,0x00,0x00,0x00,0x00,0x00,0x00,0x00,0x00,0x00,0x00,0x00,0x00,0x00,0x00,0x00,0x00,0x00,0x00,0x00,0x00,0x00,0x00,
  0x00,0x00,0x00,0x00,0x00,0x00,0x00,0x00,0x00,0x00,0x00,0x00,0x00,0x00,0x00,0x00,0x00,0x00,0x00,0x00,0x00,0x00,0x00,0x00,
  0x00,0x00,0x00,0x00,0x00,0x00,0x00,0x00,0x00,0x00,0x00,0x00,0x00,0x00,0x00,0x00,0x00,0x00,0x00,0x00,0x00,0x00,0x00,0x00,
  0x00,0x00,0x00,0x00,0x00,0x00,0x00,0x00,0x00,0x00,0x00,0x00,
};
#define GUI_TXT_HDR2_W 116
#define GUI_TXT_HDR2_H 30

static const uint8_t gui_txt_hdr3_bits[1740] = {
  0x00,0x00,0x00,0x00,0x00,0x00,0x00,0x00,0x00,0x00,0x00,0x00,0x00,0x00,0x00,0x00,0x00,0x00,0x00,0x00,0x00,0x00,0x00,0x00,
  0x00,0x00,0x00,0x00,0x00,0x00,0x00,0x00,0x00,0x00,0x00,0x00,0x00,0x00,0x00,0x00,0x00,0x00,0x00,0x00,0x00,0x00,0x00,0x00,
  0x00,0x00,0x00,0x00,0x00,0x00,0x00,0x00,0x00,0x00,0x00,0x00,0x00,0x00,0x00,0x00,0x00,0x00,0x00,0x00,0x00,0x00,0x00,0x00,
  0x00,0x00,0x00,0x00,0x00,0x00,0x00,0x00,0x00,0x00,0x00,0x00,0x00,0x00,0x00,0x00,0x00,0x00,0x00,0x00,0x00,0x00,0x00,0x00,
  0x00,0x00,0x00,0x00,0x00,0x00,0x00,0x00,0x00,0x00,0x00,0x00,0x00,0x00,0x00,0x00,0x00,0x00,0x00,0x00,0x00,0x00,0x00,0x00,
  0x00,0x00,0x00,0x00,0x00,0x00,0x00,0x00,0x02,0x97,0x00,0x00,0x00,0x01,0x11,0x11,0x11,0x11,0x11,0x11,0x11,0x11,0x10,0x00,
  0x00,0x00,0x00,0x09,0x91,0x00,0x00,0x00,0x00,0x15,0x70,0x00,0x00,0x00,0x00,0x00,0x00,0x00,0x00,0x89,0x20,0x00,0x00,0x00,
  0x00,0x00,0x03,0x85,0x00,0x00,0x00,0x00,0x7e,0x50,0x00,0x11,0x11,0x11,0x11,0x11,0x00,0x00,0x04,0xfc,0x00,0x00,0x00,0x4f,
  0xff,0xff,0xff,0xff,0xff,0xff,0xff,0xff,0xf1,0x00,0x00,0x00,0x00,0x1f,0xf1,0x00,0x00,0x00,0x00,0x5f,0xe2,0x00,0x00,0x00,
  0x00,0x00,0x00,0xab,0x20,0xdf,0x40,0x00,0x00,0x00,0x00,0x00,0x07,0xfa,0x00,0x00,0x00,0x00,0x8f,0xf7,0x00,0xff,0xff,0xff,
  0xff,0xf9,0x00,0x00,0x04,0xfc,0x00,0x00,0x00,0x4f,0xe8,0x88,0x88,0x88,0x88,0x88,0x88,0x8f,0xf1,0x00,0x00,0x00,0x00,0x1f,
  0xf1,0x00,0x00,0x00,0x00,0x0e,0xf6,0x00,0x00,0x00,0x00,0x00,0x00,0xee,0x00,0xdf,0x40,0x00,0x00,0x00,0x00,0x00,0x07,0xfa,
  0x00,0x00,0x00,0x00,0x07,0xff,0x70,0xff,0xbb,0xbb,0xbd,0xf9,0x07,0xc5,0x04,0xfc,0x00,0x00,0x00,0x4f,0xd3,0x33,0x33,0x33,
  0x33,0x33,0x33,0x5f,0xf1,0x00,0x00,0x00,0x00,0x1f,0xf1,0x00,0x38,0x88,0x88,0x8d,0xfc,0x88,0x88,0x88,0x20,0x00,0x06,0xfe,
  0xcc,0xef,0xcc,0xcc,0xc6,0x00,0x3a,0x90,0x07,0xfa,0x00,0x00,0x00,0x00,0x00,0x9f,0x70,0xff,0x00,0x00,0x07,0xf9,0x09,0xf6,
  0x04,0xfc,0x00,0x00,0x00,0x4f,0xff,0xff,0xff,0xff,0xff,0xff,0xff,0xff,0xf1,0x00,0x00,0x00,0x00,0x1f,0xf2,0x00,0x5f,0xff,
  0xff,0xff,0xff,0xff,0xff,0xff,0x30,0x00,0x0d,0xff,0xff,0xff,0xff,0xff,0xf8,0x00,0x4f,0xd0,0x07,0xfa,0x00,0x00,0x00,0x00,
  0x00,0x04,0x00,0xff,0x00,0x00,0x07,0xf9,0x09,0xf6,0x04,0xfc,0x00,0x00,0x00,0x4f,0xd4,0x44,0x44,0x44,0x44,0x44,0x44,0x5f,
  0xf1,0x00,0x00,0x07,0xff,0xff,0xff,0xf4,0x5f,0xd5,0x55,0x55,0x55,0x55,0x55,0xef,0x30,0x00,0x6f,0xd4,0x44,0xef,0x74,0x44,
  0x42,0x00,0x4f,0xd0,0x07,0xfa,0x00,0x00,0x00,0x00,0x00,0x00,0x00,0xff,0x02,0xcb,0x07,0xf9,0x09,0xf6,0x04,0xfc,0x00,0x00,
  0x00,0x4f,0xe7,0x77,0x77,0x77,0x77,0x77,0x77,0x8f,0xf1,0x00,0x00,0x07,0xff,0xff,0xff,0xf4,0x5f,0xc0,0x00,0x00,0x00,0x00,
  0x00,0xef,0x30,0x01,0xef,0x70,0x00,0xdf,0x40,0x00,0x00,0x00,0x4f,0xd0,0x07,0xfa,0x00,0x00,0x00,0x00,0x51,0x00,0x00,0xff,
  0x02,0xfd,0x07,0xf9,0x09,0xf6,0x04,0xfc,0x00,0x00,0x00,0x4f,0xff,0xff,0xff,0xff,0xff,0xff,0xff,0xff,0xf1,0x00,0x00,0x00,
  0x00,0x1f,0xf2,0x00,0x5f,0xc0,0x01,0x00,0x00,0x21,0x00,0xef,0x30,0x03,0xed,0x00,0x00,0xdf,0x40,0x00,0x00,0x00,0x4f,0xd0,
  0x07,0xfa,0x00,0x00,0x00,0x06,0xfd,0x40,0x00,0xff,0x03,0xfd,0x07,0xf9,0x09,0xf6,0x04,0xfc,0x00,0x00,0x00,0x13,0x33,0x33,
  0x33,0x33,0x33,0x33,0x33,0x33,0x30,0x00,0x00,0x00,0x00,0x1f,0xf1,0x00,0x4b,0x90,0x1e,0xb2,0x03,0xed,0x40,0x66,0x10,0x06,
  0xdd,0xbb,0xbb,0xef,0xcb,0xbb,0xbb,0x70,0x4f,0xd0,0x07,0xfa,0x00,0x00,0x00,0x01,0xcf,0xe6,0x00,0xff,0x03,0xfd,0x07,0xf9,
  0x09,0xf6,0x04,0xfc,0x00,0x01,0xaa,0xaa,0xaa,0xaa,0xaa,0xaa,0xaa,0xaa,0xaa,0xaa,0xaa,0xaa,0x00,0x00,0x00,0x1f,0xf1,0x00,
  0x00,0x01,0xcf,0xd1,0x02,0xdf,0xe6,0x00,0x00,0x08,0xff,0xff,0xff,0xff,0xff,0xff,0xff,0x90,0x4f,0xd0,0x07,0xfa,0x00,0x00,
  0x00,0x00,0x0a,0xff,0x30,0xff,0x03,0xfc,0x07,0xf9,0x09,0xf6,0x04,0xfc,0x00,0x02,0xee,0xee,0xee,0xee,0xee,0xee,0xee,0xee,
  0xee,0xee,0xee,0xee,0x00,0x00,0x00,0x1f,0xf1,0x00,0x00,0x2c,0xfe,0x30,0x00,0x1b,0xff,0x60,0x00,0x02,0x44,0x44,0x44,0xef,
  0x74,0x44,0x44,0x20,0x4f,0xd0,0x07,0xfa,0x00,0x00,0x00,0x00,0x00,0xa7,0x00,0xff,0x03,0xfc,0x07,0xf9,0x09,0xf6,0x04,0xfc,
  0x00,0x00,0x00,0x00,0x00,0x00,0x00,0x00,0x00,0x00,0x00,0x00,0x00,0x00,0x00,0x00,0x00,0x1f,0xf1,0x47,0x04,0xdf,0xe4,0x00,
  0x00,0x00,0xaf,0xf6,0x00,0x00,0x00,0x00,0x00,0xdf,0x40,0x00,0x00,0x00,0x4f,0xd0,0x07,0xfa,0x00,0x00,0x00,0x00,0x00,0x00,
  0x00,0xff,0x03,0xfc,0x07,0xf9,0x09,0xf6,0x04,0xfc,0x00,0x00,0x00,0x5e,0xee,0xee,0xee,0xee,0xee,0xee,0xee,0xee,0xe4,0x00,
  0x00,0x00,0x00,0x1f,0xfc,0xfd,0x0d,0xfd,0x30,0x00,0x00,0x00,0x0b,0xe2,0x00,0x00,0x00,0x00,0x00,0xdf,0x40,0x00,0x00,0x00,
  0x4f,0xd0,0x07,0xfa,0x00,0x00,0x00,0x00,0x00,0x00,0x00,0xff,0x04,0xfb,0x07,0xf9,0x09,0xf6,0x04,0xfc,0x00,0x00,0x00,0x6f,
  0xec,0xcc,0xcc,0xcf,0xfc,0xcc,0xcc,0xce,0xf4,0x00,0x00,0x00,0x03,0x9f,0xff,0xe7,0x03,0x91,0x00,0x00,0x00,0x00,0x01,0x30,
  0x00,0x00,0x4c,0xcc,0xcc,0xef,0xdc,0xcc,0xcc,0x00,0x4f,0xd0,0x07,0xfa,0x00,0x00,0x00,0x00,0x00,0x00,0x00,0xff,0x05,0xfa,
  0x07,0xf9,0x09,0xf6,0x04,0xfc,0x00,0x00,0x00,0x6f,0xb0,0x00,0x00,0x3f,0xf1,0x00,0x00,0x0d,0xf4,0x00,0x00,0x05,0xcf,0xff,
  0xf9,0x10,0x00,0x00,0x00,0x00,0x00,0x00,0x00,0x00,0x00,0x00,0x5f,0xff,0xff,0xff,0xff,0xff,0xfe,0x00,0x4f,0xd0,0x07,0xfa,
  0x00,0x00,0x00,0x00,0x00,0x6c,0x20,0xff,0x06,0xf9,0x07,0xf9,0x09,0xf6,0x04,0xfc,0x00,0x00,0x00,0x6f,0xfe,0xee,0xee,0xef,
  0xfe,0xee,0xee,0xef,0xf4,0x00,0x00,0x05,0xff,0xef,0xf1,0x00,0x03,0xbb,0xbb,0xbb,0xbb,0xbb,0xbb,0xb0,0x00,0x00,0x5f,0xc3,
  0x33,0xdf,0x63,0x36,0xfe,0x00,0x4f,0xd0,0x07,0xfa,0x00,0x00,0x00,0x00,0x00,0xbf,0x50,0xff,0x07,0xf7,0x07,0xf9,0x09,0xf6,
  0x04,0xfc,0x00,0x00,0x00,0x6f,0xd6,0x66,0x66,0x8f,0xf7,0x66,0x66,0x6e,0xf4,0x00,0x00,0x00,0xa5,0x1f,0xf1,0x00,0x04,0xff,
  0xff,0xff,0xff,0xff,0xff,0xf0,0x00,0x00,0x5f,0xc0,0x00,0xdf,0x40,0x03,0xfe,0x00,0x4f,0xd0,0x07,0xfa,0x00,0x00,0x00,0x00,
  0x01,0xef,0x10,0xff,0x0b,0xf4,0x07,0xf9,0x09,0xf6,0x04,0xfc,0x00,0x00,0x00,0x6f,0xd7,0x77,0x77,0x8f,0xf7,0x77,0x77,0x7e,
  0xf4,0x00,0x00,0x00,0x00,0x1f,0xf1,0x00,0x00,0x33,0x33,0x3b,0xf8,0x33,0x33,0x30,0x00,0x00,0x5f,0xc0,0x00,0xdf,0x40,0x03,
  0xfe,0x00,0x4f,0xd0,0x07,0xfa,0x00,0x00,0x00,0x00,0x06,0xfc,0x00,0xcc,0x1e,0xe1,0x05,0xb6,0x09,0xf6,0x04,0xfc,0x00,0x00,
  0x00,0x6f,0xff,0xff,0xff,0xff,0xff,0xff,0xff,0xff,0xf4,0x00,0x00,0x00,0x00,0x1f,0xf1,0x00,0x00,0x00,0x00,0x0a,0xf7,0x00,
  0x00,0x00,0x00,0x00,0x5f,0xc0,0x00,0xdf,0x40,0x03,0xfe,0x00,0x4f,0xd0,0x07,0xfa,0x00,0x00,0x00,0x00,0x0b,0xf7,0x00,0x00,
  0x5f,0xb0,0x31,0x00,0x01,0x21,0x04,0xfc,0x00,0x00,0x00,0x14,0x44,0x44,0x44,0x6f,0xf5,0x44,0x44,0x44,0x41,0x00,0x00,0x00,
  0x00,0x1f,0xf1,0x00,0x00,0x00,0x00,0x0a,0xf7,0x00,0x00,0x00,0x00,0x00,0x5f,0xc0,0x00,0xdf,0x40,0x03,0xfe,0x00,0x02,0x20,
  0x07,0xfa,0x00,0x00,0x00,0x00,0x2e,0xf2,0x00,0x00,0xcf,0x55,0xea,0x00,0x00,0x00,0x04,0xfc,0x00,0x00,0x02,0x99,0x99,0x99,
  0x99,0xaf,0xf9,0x99,0x99,0x99,0x99,0x20,0x00,0x00,0x00,0x1f,0xf1,0x00,0x00,0x00,0x00,0x0a,0xf7,0x00,0x00,0x00,0x00,0x00,
  0x5f,0xc0,0x00,0xdf,0x40,0x03,0xfe,0x00,0x00,0x00,0x07,0xfa,0x00,0x00,0x00,0x00,0x9f,0xc0,0x00,0x07,0xfd,0x01,0xdf,0x70,
  0x00,0x00,0x04,0xfc,0x00,0x00,0x04,0xff,0xff,0xff,0xff,0xff,0xff,0xff,0xff,0xff,0xff,0x40,0x00,0x00,0x00,0x1f,0xf1,0x00,
  0x00,0x00,0x00,0x0a,0xf7,0x00,0x00,0x00,0x00,0x00,0x5f,0xc0,0x00,0xdf,0x48,0x8b,0xfd,0x00,0x00,0x00,0x07,0xfa,0x00,0x00,
  0x00,0x01,0xef,0x60,0x00,0x4e,0xf5,0x00,0x4f,0xe2,0x00,0x00,0x04,0xfc,0x00,0x00,0x00,0x00,0x00,0x00,0x00,0x3f,0xf1,0x00,
  0x00,0x00,0x00,0x00,0x00,0x00,0x00,0x2f,0xf1,0x00,0x34,0x44,0x44,0x4c,0xf9,0x44,0x44,0x44,0x20,0x00,0x5f,0xc0,0x00,0xdf,
  0x4c,0xff,0xf7,0x00,0x00,0x00,0x07,0xfa,0x00,0x00,0x00,0x07,0xfe,0x10,0x05,0xef,0x90,0x00,0x0a,0xfa,0x01,0xec,0xad,0xfa,
  0x00,0x09,0xdd,0xdd,0xdd,0xdd,0xdd,0xdf,0xfd,0xdd,0xdd,0xdd,0xdd,0xdd,0x70,0x05,0xca,0xcf,0xe0,0x00,0x9f,0xff,0xff,0xff,
  0xff,0xff,0xff,0xff,0x70,0x00,0x14,0x40,0x00,0xdf,0x43,0x66,0x30,0x00,0x0d,0xb9,0x8d,0xf9,0x00,0x00,0x00,0x05,0xe8,0x00,
  0x04,0xe9,0x00,0x00,0x02,0xea,0x00,0xdf,0xff,0xf6,0x00,0x0a,0xee,0xee,0xee,0xee,0xee,0xee,0xee,0xee,0xee,0xee,0xee,0xee,
  0x80,0x02,0xff,0xff,0xb0,0x00,0x59,0x99,0x99,0x99,0x99,0x99,0x99,0x99,0x40,0x00,0x00,0x00,0x00,0xdf,0x40,0x00,0x00,0x00,
  0x0b,0xff,0xff,0xf5,0x00,0x00,0x00,0x00,0x31,0x00,0x00,0x30,0x00,0x00,0x00,0x20,0x00,0x15,0x67,0x40,0x00,0x00,0x00,0x00,
  0x00,0x00,0x00,0x00,0x00,0x00,0x00,0x00,0x00,0x00,0x00,0x00,0x36,0x75,0x00,0x00,0x00,0x00,0x00,0x00,0x00,0x00,0x00,0x00,
  0x00,0x00,0x00,0x00,0x00,0x77,0x20,0x00,0x00,0x00,0x01,0x46,0x77,0x30,0x00,0x00,0x00,0x00,0x00,0x00,0x00,0x00,0x00,0x00,
  0x00,0x00,0x00,0x00,0x00,0x00,0x00,0x00,0x00,0x00,0x00,0x00,0x00,0x00,0x00,0x00,0x00,0x00,0x00,0x00,0x00,0x00,0x00,0x00,
  0x00,0x00,0x00,0x00,0x00,0x00,0x00,0x00,0x00,0x00,0x00,0x00,0x00,0x00,0x00,0x00,0x00,0x00,0x00,0x00,0x00,0x00,0x00,0x00,
  0x00,0x00,0x00,0x00,0x00,0x00,0x00,0x00,0x00,0x00,0x00,0x00,0x00,0x00,0x00,0x00,0x00,0x00,0x00,0x00,0x00,0x00,0x00,0x00,
  0x00,0x00,0x00,0x00,0x00,0x00,0x00,0x00,0x00,0x00,0x00,0x00,0x00,0x00,0x00,0x00,0x00,0x00,0x00,0x00,0x00,0x00,0x00,0x00,
  0x00,0x00,0x00,0x00,0x00,0x00,0x00,0x00,0x00,0x00,0x00,0x00,
};
#define GUI_TXT_HDR3_W 116
#define GUI_TXT_HDR3_H 30

static const uint8_t gui_txt_hdr4_bits[1740] = {
  0x00,0x00,0x00,0x00,0x00,0x00,0x00,0x00,0x00,0x00,0x00,0x00,0x00,0x00,0x00,0x00,0x00,0x00,0x00,0x00,0x00,0x00,0x00,0x00,
  0x00,0x00,0x00,0x00,0x00,0x00,0x00,0x00,0x00,0x00,0x00,0x00,0x00,0x00,0x00,0x00,0x00,0x00,0x00,0x00,0x00,0x00,0x00,0x00,
  0x00,0x00,0x00,0x00,0x00,0x00,0x00,0x00,0x00,0x00,0x00,0x00,0x00,0x00,0x00,0x00,0x00,0x00,0x00,0x00,0x00,0x00,0x00,0x00,
  0x00,0x00,0x00,0x00,0x00,0x00,0x00,0x00,0x00,0x00,0x00,0x00,0x00,0x00,0x00,0x00,0x00,0x00,0x00,0x00,0x00,0x00,0x00,0x00,
  0x00,0x00,0x00,0x00,0x00,0x00,0x00,0x00,0x00,0x00,0x00,0x00,0x00,0x00,0x00,0x00,0x00,0x00,0x00,0x00,0x00,0x00,0x00,0x00,
  0x00,0x00,0x00,0x00,0x00,0x00,0x01,0x24,0x40,0x00,0x00,0x00,0x00,0x00,0x72,0x00,0x00,0x00,0x00,0x03,0x70,0x00,0x00,0x00,
  0x00,0x00,0x00,0x00,0x26,0x20,0x00,0x00,0x00,0x16,0x20,0x00,0x00,0x00,0x00,0x00,0x00,0x00,0x00,0x00,0x08,0xa5,0x00,0x00,
  0x00,0x00,0x00,0x00,0x00,0x00,0x00,0x00,0x03,0x44,0x55,0x66,0x78,0x99,0xab,0xcd,0xef,0xff,0xe5,0x00,0x00,0x00,0x00,0x05,
  0xfd,0x00,0x00,0x00,0x00,0x1e,0xf6,0x00,0x00,0x00,0x00,0x00,0x00,0x00,0x7f,0xd0,0x00,0x00,0x01,0xef,0x90,0x00,0x00,0x00,
  0x00,0x00,0x00,0x00,0x00,0x00,0x1e,0xf8,0x00,0x00,0x00,0x00,0x00,0x00,0x00,0x00,0x00,0x00,0x09,0xff,0xff,0xff,0xff,0xff,
  0xff,0xff,0xfe,0xcb,0x97,0x00,0x00,0x00,0x00,0x0b,0xf8,0x00,0x00,0x00,0x00,0x09,0xfb,0x00,0x00,0x00,0x00,0x00,0x00,0x00,
  0xcf,0x70,0x00,0x00,0x00,0x8f,0xe1,0x00,0x00,0x00,0x00,0x00,0x00,0x4a,0xaa,0xaa,0xcf,0xfa,0xaa,0xaa,0xaa,0xaa,0xa5,0x00,
  0x00,0x00,0x00,0x00,0x01,0xaa,0xa9,0x98,0xcf,0xe7,0x54,0x21,0x00,0x00,0x00,0x00,0x00,0x00,0x00,0x2e,0xe2,0x00,0x01,0x55,
  0x55,0x58,0xfe,0x55,0x55,0x55,0x00,0x00,0x00,0x03,0xfe,0x15,0x77,0x77,0x77,0x8f,0xf9,0x77,0x77,0x77,0x40,0x00,0x00,0x6f,
  0xff,0xff,0xff,0xff,0xff,0xff,0xff,0xff,0xf7,0x00,0x00,0x00,0x00,0x00,0x00,0x00,0x00,0x04,0xef,0x80,0x00,0x00,0x10,0x00,
  0x00,0x00,0x00,0x00,0x00,0x8f,0xa0,0x01,0x02,0xff,0xff,0xff,0xff,0xff,0xff,0xff,0x20,0x00,0x00,0x09,0xfa,0x0c,0xff,0xff,
  0xff,0xff,0xff,0xff,0xff,0xff,0x80,0x00,0x00,0x6f,0xd6,0x66,0x66,0x66,0x66,0x66,0x66,0x6c,0xf7,0x00,0x00,0x00,0x00,0x00,
  0x00,0x00,0x00,0x2e,0xfa,0x00,0x00,0x05,0xec,0x20,0x00,0x00,0x00,0x00,0x01,0xee,0x30,0x2e,0xb2,0x99,0x99,0xef,0xc9,0x99,
  0x99,0x99,0x10,0x00,0x00,0x1e,0xf4,0x07,0x99,0x99,0x99,0x99,0x99,0x99,0x99,0x99,0x50,0x00,0x00,0x6f,0xb0,0x00,0x00,0x00,
  0x00,0x00,0x00,0x0a,0xf7,0x00,0x00,0x00,0x00,0x00,0x00,0x00,0x02,0xdf,0xb0,0x00,0x00,0x7f,0xe5,0x00,0x00,0x00,0x00,0x00,
  0x09,0xf9,0x00,0x9f,0xb0,0x00,0x03,0xfe,0x20,0x03,0x10,0x00,0x00,0x00,0x00,0x8f,0xf1,0x00,0x00,0x00,0x00,0x00,0x00,0x00,
  0x00,0x00,0x00,0x00,0x00,0x6f,0xeb,0xbb,0xbb,0xbb,0xbb,0xbb,0xbb,0xbd,0xf7,0x00,0x00,0x00,0x00,0x00,0x00,0x00,0x4e,0xfb,
  0x00,0x00,0x09,0xfe,0x40,0x00,0x00,0x00,0x00,0x00,0x4f,0xd1,0x02,0xef,0x30,0x00,0x0b,0xfa,0x00,0x6e,0x80,0x00,0x00,0x00,
  0x02,0xef,0xf1,0x00,0x13,0x33,0x33,0x33,0x33,0x33,0x33,0x30,0x00,0x00,0x00,0x6f,0xff,0xff,0xff,0xff,0xff,0xff,0xff,0xff,
  0xf7,0x00,0x00,0x00,0x00,0x00,0x00,0x07,0xef,0x80,0x13,0x57,0xcf,0xd3,0x00,0x00,0x00,0x00,0x00,0x00,0xdf,0xa8,0x9d,0xfa,
  0x00,0x00,0x4f,0xe2,0x00,0x3f,0xe2,0x00,0x00,0x00,0x0a,0xff,0xf1,0x00,0x5f,0xff,0xff,0xff,0xff,0xff,0xff,0xf0,0x00,0x00,
  0x00,0x6f,0xb0,0x00,0x00,0x00,0x00,0x00,0x00,0x0a,0xf7,0x00,0x00,0x00,0x00,0x00,0x00,0x9f,0xfe,0xde,0xff,0xff,0xfb,0x10,
  0x00,0x00,0x00,0x00,0x00,0x00,0xef,0xff,0xff,0xe2,0x00,0x01,0xdf,0x80,0x00,0x09,0xfb,0x00,0x00,0x00,0x4f,0xff,0xf1,0x00,
  0x4b,0xbb,0xbb,0xbb,0xbb,0xbb,0xbb,0xb0,0x00,0x00,0x00,0x6f,0xc1,0x11,0x11,0x11,0x11,0x11,0x11,0x1a,0xf7,0x00,0x00,0x00,
  0x00,0x00,0x00,0x7f,0xfe,0xca,0x8d,0xff,0x80,0x00,0x4d,0xa0,0x00,0x00,0x00,0x00,0x88,0x54,0xef,0x80,0x00,0x0a,0xfc,0x00,
  0x00,0x03,0xef,0x40,0x00,0x01,0xdf,0xbf,0xf1,0x00,0x00,0x00,0x00,0x00,0x00,0x00,0x00,0x00,0x00,0x00,0x00,0x6f,0xff,0xff,
  0xff,0xff,0xff,0xff,0xff,0xff,0xf7,0x00,0x00,0x00,0x00,0x00,0x00,0x12,0x10,0x03,0xcf,0xd4,0x00,0x00,0x6f,0xfa,0x00,0x00,
  0x00,0x00,0x00,0x0a,0xfc,0x00,0x00,0x9f,0xe4,0x46,0x8b,0xef,0xff,0xb0,0x00,0x09,0xfe,0x2f,0xf1,0x00,0x00,0x00,0x00,0x00,
  0x00,0x00,0x00,0x00,0x00,0x00,0x00,0x6f,0xd7,0x77,0x77,0x77,0x77,0x77,0x77,0x7c,0xf7,0x00,0x00,0x00,0x00,0x00,0x00,0x00,
  0x00,0x8e,0xf9,0x00,0x00,0x00,0x07,0xff,0x80,0x00,0x00,0x00,0x00,0x6f,0xe3,0x00,0x02,0xff,0xff,0xff,0xff,0xfb,0x7e,0xf2,
  0x00,0x08,0xf5,0x1f,0xf1,0x00,0x5f,0xff,0xff,0xff,0xff,0xff,0xff,0xf0,0x00,0x00,0x00,0x6f,0xb0,0x00,0x00,0x00,0x00,0x00,
  0x00,0x0a,0xf7,0x00,0x00,0x00,0x00,0x00,0x00,0x00,0x6d,0xfb,0x30,0x00,0x00,0x23,0x57,0xef,0xf5,0x00,0x00,0x00,0x03,0xef,
  0x60,0x00,0x00,0xcc,0xbe,0xf8,0x3e,0xf3,0x0a,0xf9,0x00,0x01,0x80,0x1f,0xf1,0x00,0x5d,0xdd,0xdd,0xdd,0xdd,0xdd,0xdd,0xd0,
  0x00,0x00,0x00,0x6f,0xd9,0x99,0x99,0x99,0x99,0x99,0x99,0x9d,0xf7,0x00,0x00,0x00,0x00,0x00,0x00,0x5c,0xff,0xa6,0x89,0xac,
  0xdf,0xff,0xff,0xfe,0xfe,0x20,0x00,0x00,0x1d,0xf9,0x26,0xae,0x40,0x00,0x0d,0xf2,0x0e,0xf3,0x05,0xd5,0x00,0x00,0x00,0x1f,
  0xf1,0x00,0x00,0x00,0x00,0x00,0x00,0x00,0x00,0x00,0x00,0x00,0x00,0x6f,0xff,0xff,0xff,0xff,0xff,0xff,0xff,0xff,0xf7,0x00,
  0x00,0x00,0x00,0x00,0x00,0xef,0xff,0xff,0xff,0xff,0xfc,0x97,0x53,0x01,0xef,0xb0,0x00,0x01,0xdf,0xfd,0xff,0xfd,0x50,0x00,
  0x0f,0xf0,0x0e,0xf3,0x00,0x00,0x00,0x00,0x00,0x1f,0xf1,0x00,0x00,0x00,0x00,0x00,0x00,0x00,0x00,0x00,0x00,0x00,0x00,0x26,
  0x66,0x66,0x66,0x66,0x66,0x66,0x66,0x66,0x63,0x00,0x00,0x00,0x00,0x00,0x00,0x8a,0x87,0x65,0x32,0x0e,0xf6,0x00,0x00,0x00,
  0x5f,0xf3,0x00,0x02,0xff,0xff,0xc8,0x30,0x00,0x00,0x3f,0xd0,0x0e,0xf3,0x00,0x00,0x00,0x00,0x00,0x1f,0xf1,0x00,0x2d,0xdd,
  0xdd,0xdd,0xdd,0xdd,0xdd,0xb0,0x00,0x00,0x00,0x00,0x00,0x00,0x00,0x05,0x00,0x00,0x00,0x00,0x00,0x00,0x00,0x00,0x00,0x00,
  0x00,0x00,0x00,0x20,0x00,0x0e,0xf6,0x00,0x04,0x00,0x09,0x30,0x00,0x00,0x87,0x41,0x00,0x00,0x00,0x00,0x7f,0xa0,0x0e,0xf3,
  0x00,0x00,0x00,0x00,0x00,0x1f,0xf1,0x00,0x2f,0xff,0xff,0xff,0xff,0xff,0xff,0xc0,0x00,0x00,0x00,0x73,0x01,0xaa,0x00,0xbf,
  0xb2,0x00,0x00,0x00,0x62,0x00,0x00,0x00,0x00,0x00,0x00,0x00,0x0a,0xe2,0x00,0x0e,0xf6,0x01,0xbf,0x90,0x00,0x00,0x00,0x00,
  0x00,0x00,0x00,0x00,0x10,0x00,0xcf,0x60,0x0e,0xf3,0x00,0x53,0x00,0x00,0x00,0x1f,0xf1,0x00,0x2f,0xf1,0x11,0x11,0x11,0x11,
  0x6f,0xc0,0x00,0x00,0x02,0xee,0x21,0xff,0x00,0x5e,0xfe,0x40,0x00,0x0b,0xfc,0x00,0x00,0x00,0x00,0x00,0x00,0x01,0xbf,0xf6,
  0x00,0x0e,0xf6,0x00,0x9f,0xfa,0x00,0x00,0x00,0x00,0x00,0x00,0x26,0xae,0xb0,0x03,0xfe,0x20,0x0e,0xf3,0x00,0xbf,0x80,0x00,
  0x00,0x1f,0xf1,0x00,0x2f,0xf0,0x00,0x00,0x00,0x00,0x5f,0xc0,0x00,0x00,0x0a,0xfc,0x01,0xff,0x00,0x02,0xdf,0xe4,0x00,0x02,
  0xef,0x90,0x00,0x00,0x00,0x00,0x00,0x2c,0xff,0x60,0x00,0x0e,0xf6,0x00,0x08,0xff,0x90,0x00,0x00,0x01,0x47,0xae,0xff,0xff,
  0xc0,0x0a,0xfb,0x00,0x0e,0xf3,0x00,0xcf,0x70,0x00,0x00,0x1f,0xf1,0x00,0x2f,0xf0,0x00,0x00,0x00,0x00,0x5f,0xc0,0x00,0x00,
  0x4f,0xf5,0x01,0xff,0x00,0x00,0x1c,0xc0,0x07,0x50,0x6f,0xf4,0x00,0x00,0x00,0x00,0x07,0xef,0xe5,0x00,0x00,0x0e,0xf6,0x00,
  0x00,0x8f,0xf7,0x00,0x00,0x05,0xff,0xff,0xfc,0x73,0x00,0x4f,0xf4,0x00,0x0e,0xf3,0x00,0xdf,0x60,0x00,0x00,0x1f,0xf1,0x00,
  0x2f,0xf0,0x00,0x00,0x00,0x00,0x5f,0xc0,0x00,0x01,0xdf,0xc0,0x01,0xff,0x00,0x00,0x01,0x10,0x0d,0xf6,0x0b,0xfc,0x00,0x00,
  0x00,0x03,0xdf,0xfc,0x30,0x00,0x00,0x0f,0xf6,0x00,0x00,0x0a,0xff,0x40,0x00,0x00,0xed,0x96,0x20,0x00,0x02,0xef,0xb0,0x00,
  0x0e,0xf3,0x00,0xef,0x50,0x00,0x00,0x1f,0xf1,0x00,0x2f,0xfe,0xee,0xee,0xee,0xee,0xef,0xc0,0x00,0x0a,0xff,0x30,0x01,0xff,
  0x40,0x00,0x01,0x12,0x7f,0xf2,0x04,0xff,0x60,0x00,0x00,0x02,0xee,0x80,0x00,0x05,0xca,0xbf,0xf5,0x00,0x00,0x00,0xdf,0xb0,
  0x00,0x00,0x10,0x00,0x00,0x00,0x2e,0xfd,0x10,0x00,0x0d,0xfe,0xcd,0xff,0x20,0x00,0x00,0x1f,0xf1,0x00,0x2f,0xfe,0xee,0xee,
  0xee,0xee,0xef,0xc0,0x00,0x02,0xd9,0x00,0x00,0xef,0xff,0xff,0xff,0xff,0xff,0xa0,0x00,0xbb,0x30,0x00,0x00,0x00,0x62,0x00,
  0x00,0x02,0xff,0xff,0xe1,0x00,0x00,0x00,0x36,0x00,0x00,0x00,0x00,0x00,0x00,0x00,0x0b,0xe3,0x00,0x00,0x06,0xef,0xff,0xf9,
  0x00,0x00,0x00,0x1f,0xf1,0x00,0x2f,0xf0,0x00,0x00,0x00,0x00,0x5f,0xc0,0x00,0x00,0x10,0x00,0x00,0x4b,0xde,0xee,0xee,0xdc,
  0xb8,0x10,0x00,0x00,0x00,0x00,0x00,0x00,0x00,0x00,0x00,0x00,0x46,0x76,0x10,0x00,0x00,0x00,0x00,0x00,0x00,0x00,0x00,0x00,
  0x00,0x00,0x01,0x20,0x00,0x00,0x00,0x02,0x22,0x10,0x00,0x00,0x00,0x07,0x70,0x00,0x16,0x60,0x00,0x00,0x00,0x00,0x14,0x30,
  0x00,0x00,0x00,0x00,0x00,0x00,0x00,0x00,0x00,0x00,0x00,0x00,0x00,0x00,0x00,0x00,0x00,0x00,0x00,0x00,0x00,0x00,0x00,0x00,
  0x00,0x00,0x00,0x00,0x00,0x00,0x00,0x00,0x00,0x00,0x00,0x00,0x00,0x00,0x00,0x00,0x00,0x00,0x00,0x00,0x00,0x00,0x00,0x00,
  0x00,0x00,0x00,0x00,0x00,0x00,0x00,0x00,0x00,0x00,0x00,0x00,0x00,0x00,0x00,0x00,0x00,0x00,0x00,0x00,0x00,0x00,0x00,0x00,
  0x00,0x00,0x00,0x00,0x00,0x00,0x00,0x00,0x00,0x00,0x00,0x00,0x00,0x00,0x00,0x00,0x00,0x00,0x00,0x00,0x00,0x00,0x00,0x00,
  0x00,0x00,0x00,0x00,0x00,0x00,0x00,0x00,0x00,0x00,0x00,0x00,0x00,0x00,0x00,0x00,0x00,0x00,0x00,0x00,0x00,0x00,0x00,0x00,
  0x00,0x00,0x00,0x00,0x00,0x00,0x00,0x00,0x00,0x00,0x00,0x00,
};
#define GUI_TXT_HDR4_W 116
#define GUI_TXT_HDR4_H 30

static const uint8_t gui_txt_back_bits[1107] = {
  0x00,0x00,0x00,0x00,0x00,0x00,0x00,0x00,0x00,0x00,0x00,0x00,0x00,0x00,0x00,0x00,0x00,0x00,0x00,0x00,0x00,0x00,0x00,0x00,
  0x00,0x00,0x00,0x00,0x00,0x00,0x00,0x00,0x00,0x00,0x00,0x00,0x00,0x00,0x00,0x00,0x00,0x00,0x00,0x00,0x00,0x00,0x00,0x00,
  0x00,0x00,0x00,0x00,0x00,0x00,0x00,0x00,0x00,0x00,0x00,0x00,0x00,0x00,0x00,0x00,0x00,0x00,0x00,0x00,0x00,0x00,0x00,0x00,
  0x00,0x00,0x00,0x00,0x00,0x00,0x00,0x00,0x00,0x00,0x00,0x00,0x00,0x00,0x00,0x00,0x00,0x00,0x00,0x00,0x00,0x00,0x00,0x00,
  0x00,0x00,0x00,0x00,0x00,0x00,0x00,0x00,0x00,0x00,0x00,0x03,0x10,0x00,0x00,0x00,0x00,0x00,0x00,0x00,0x00,0x00,0x00,0x00,
  0x00,0x00,0x00,0x00,0x00,0x00,0x00,0x00,0x00,0x00,0x00,0x00,0x4c,0x20,0x00,0x00,0x00,0x00,0x00,0x00,0x74,0x00,0x00,0x00,
  0x00,0x12,0x46,0x9b,0xef,0xb0,0x00,0x00,0x01,0x11,0x11,0x11,0x11,0x11,0x11,0x11,0x11,0x10,0x00,0x00,0x00,0x00,0x00,0x00,
  0x00,0x00,0x00,0x00,0x00,0xcd,0x00,0x00,0x00,0x00,0x00,0x00,0x03,0xff,0x80,0x00,0x09,0xef,0xff,0xff,0xff,0xda,0x70,0x00,
  0x00,0x5f,0xff,0xff,0xff,0xff,0xff,0xff,0xff,0xff,0xf7,0x00,0x00,0x00,0x00,0x00,0x00,0x00,0x00,0x00,0x00,0x04,0xf6,0x00,
  0x00,0x00,0x00,0x00,0x00,0x00,0x5e,0xf9,0x00,0x0a,0xfb,0xa9,0x75,0x41,0x00,0x00,0x00,0x00,0x5f,0xca,0xaa,0xaa,0xaa,0xaa,
  0xaa,0xaa,0xac,0xf7,0x00,0x00,0x00,0x00,0x00,0x00,0x00,0x00,0x00,0x00,0x0b,0xd0,0x00,0x00,0x00,0x00,0x00,0x00,0x00,0x04,
  0xeb,0x00,0x0a,0xf2,0x00,0x00,0x00,0x00,0x00,0x00,0x00,0x5f,0x70,0x00,0x00,0x00,0x00,0x00,0x00,0x06,0xf7,0x00,0x00,0x00,
  0x00,0x00,0x00,0x00,0x00,0x00,0x00,0x3f,0x70,0x00,0x00,0x00,0x00,0x00,0x00,0x00,0x00,0x41,0x00,0x0a,0xf2,0x00,0x00,0x00,
  0x00,0x00,0x00,0x00,0x5f,0x70,0x00,0x00,0x00,0x00,0x00,0x00,0x06,0xf7,0x00,0x00,0x00,0x00,0x00,0x00,0x00,0x00,0x00,0x00,
  0xae,0x00,0x00,0x00,0x00,0x00,0x00,0x00,0x00,0x00,0x00,0x00,0x0a,0xf8,0x77,0x77,0x77,0x77,0x71,0x00,0x00,0x5f,0x70,0x02,
  0x66,0x66,0x66,0x66,0x20,0x06,0xf7,0x00,0x00,0x00,0x00,0x00,0x00,0x00,0x00,0x00,0x02,0xe8,0x00,0x00,0x00,0x00,0x00,0x00,
  0x00,0x00,0x00,0x00,0x00,0x0a,0xff,0xff,0xff,0xff,0xff,0xf2,0x00,0x00,0x5f,0x70,0x06,0xff,0xff,0xff,0xff,0x60,0x06,0xf7,
  0x00,0x00,0x00,0x00,0x00,0x00,0x00,0x00,0x00,0x09,0xe1,0x00,0x00,0x00,0x00,0x00,0x00,0x00,0x00,0x00,0x00,0x00,0x0a,0xf4,
  0x22,0x22,0x22,0x5f,0xe1,0x00,0x00,0x5f,0x70,0x06,0xfa,0x55,0x55,0xaf,0x60,0x06,0xf7,0x00,0x00,0x00,0x00,0x00,0x00,0x00,
  0x00,0x00,0x1e,0x80,0x00,0x00,0x00,0x00,0x00,0x00,0x00,0x0b,0xff,0xfd,0x00,0x0b,0xf9,0x10,0x00,0x00,0xaf,0x70,0x00,0x00,
  0x5f,0x70,0x06,0xf7,0x00,0x00,0x7f,0x60,0x06,0xf7,0x00,0x00,0x00,0x00,0x00,0x00,0x00,0x00,0x00,0x8e,0x10,0x00,0x00,0x00,
  0x00,0x00,0x00,0x00,0x08,0xaa,0xed,0x00,0x0c,0xff,0xe7,0x00,0x04,0xfd,0x00,0x00,0x00,0x5f,0x70,0x06,0xf7,0x00,0x00,0x7f,
  0x60,0x06,0xf7,0x00,0x00,0x00,0x00,0x00,0x00,0x00,0x00,0x00,0xdc,0x00,0x00,0x00,0x00,0x00,0x00,0x00,0x00,0x00,0x00,0xed,
  0x00,0x0e,0xd6,0xdf,0xd5,0x1e,0xf4,0x00,0x00,0x00,0x5f,0x70,0x06,0xf7,0x00,0x00,0x7f,0x60,0x06,0xf7,0x00,0x00,0x00,0x00,
  0x00,0x00,0x00,0x00,0x00,0x7f,0x30,0x00,0x00,0x00,0x00,0x00,0x00,0x00,0x00,0x00,0xed,0x00,0x2f,0xa0,0x18,0xef,0xef,0x80,
  0x00,0x00,0x00,0x5f,0x70,0x06,0xf7,0x00,0x00,0x7f,0x60,0x06,0xf7,0x00,0x00,0x00,0x00,0x00,0x00,0x00,0x00,0x00,0x0e,0xa0,
  0x00,0x00,0x00,0x00,0x00,0x00,0x00,0x00,0x00,0xed,0x00,0x7f,0x60,0x00,0x5f,0xff,0x50,0x00,0x00,0x00,0x5f,0x70,0x06,0xf7,
  0x00,0x00,0x7f,0x60,0x06,0xf7,0x00,0x00,0x00,0x00,0x00,0x00,0x00,0x00,0x00,0x07,0xf2,0x00,0x00,0x00,0x00,0x00,0x00,0x00,
  0x00,0x00,0xed,0x00,0xde,0x10,0x04,0xdf,0xcf,0xf9,0x00,0x00,0x00,0x5f,0x70,0x06,0xff,0xff,0xff,0xff,0x60,0x06,0xf7,0x00,
  0x00,0x00,0x00,0x00,0x00,0x00,0x00,0x00,0x01,0xea,0x00,0x00,0x00,0x00,0x00,0x00,0x00,0x00,0x00,0xed,0x05,0xfa,0x00,0x8e,
  0xf8,0x05,0xef,0xb1,0x00,0x00,0x5f,0x70,0x04,0xbb,0xbb,0xbb,0xbb,0x40,0x06,0xf7,0x00,0x00,0x00,0x00,0x00,0x00,0x00,0x00,
  0x00,0x00,0x8e,0x20,0x00,0x00,0x00,0x00,0x00,0x00,0x00,0x00,0xed,0x07,0xf3,0x5d,0xfe,0x50,0x00,0x2c,0xfc,0x00,0x00,0x5f,
  0x70,0x00,0x00,0x00,0x00,0x00,0x00,0x06,0xf7,0x00,0x00,0x00,0x00,0x00,0x00,0x00,0x00,0x00,0x00,0x1e,0x90,0x00,0x00,0x00,
  0x00,0x00,0x00,0x00,0x00,0xed,0x00,0x40,0x8f,0xa1,0x00,0x00,0x01,0xc8,0x00,0x00,0x5f,0x70,0x00,0x00,0x00,0x00,0x00,0x00,
  0x06,0xf7,0x00,0x00,0x00,0x00,0x00,0x00,0x00,0x00,0x00,0x00,0x09,0xe1,0x00,0x00,0x00,0x00,0x00,0x00,0x00,0x06,0xef,0xa3,
  0x00,0x03,0x00,0x00,0x00,0x00,0x00,0x00,0x00,0x5f,0x94,0x44,0x44,0x44,0x44,0x44,0x44,0x48,0xf7,0x00,0x00,0x00,0x00,0x00,
  0x00,0x00,0x00,0x00,0x00,0x02,0xe8,0x00,0x00,0x00,0x00,0x00,0x00,0x03,0xcf,0xc7,0xef,0xda,0x98,0x77,0x77,0x77,0x77,0x77,
  0x50,0x00,0x5f,0xff,0xff,0xff,0xff,0xff,0xff,0xff,0xff,0xf7,0x00,0x00,0x00,0x00,0x00,0x00,0x00,0x00,0x00,0x00,0x00,0x9e,
  0x10,0x00,0x00,0x00,0x00,0x00,0x08,0xfc,0x10,0x29,0xef,0xff,0xff,0xff,0xff,0xff,0xff,0x60,0x00,0x5f,0xb7,0x77,0x77,0x77,
  0x77,0x77,0x77,0x7a,0xf7,0x00,0x00,0x00,0x00,0x00,0x00,0x00,0x00,0x00,0x00,0x00,0x28,0x10,0x00,0x00,0x00,0x00,0x00,0x00,
  0xa1,0x00,0x00,0x03,0x67,0x88,0x88,0x88,0x88,0x88,0x00,0x00,0x5f,0x70,0x00,0x00,0x00,0x00,0x00,0x00,0x06,0xf7,0x00,0x00,
  0x00,0x00,0x00,0x00,0x00,0x00,0x00,0x00,0x00,0x00,0x00,0x00,0x00,0x00,0x00,0x00,0x00,0x00,0x00,0x00,0x00,0x00,0x00,0x00,
  0x00,0x00,0x00,0x00,0x00,0x02,0x10,0x00,0x00,0x00,0x00,0x00,0x00,0x00,0x21,0x00,0x00,0x00,0x00,0x00,0x00,0x00,0x00,0x00,
  0x00,0x00,0x00,0x00,0x00,0x00,0x00,0x00,0x00,0x00,0x00,0x00,0x00,0x00,0x00,0x00,0x00,0x00,0x00,0x00,0x00,0x00,0x00,0x00,
  0x00,0x00,0x00,0x00,0x00,0x00,0x00,0x00,0x00,0x00,0x00,0x00,0x00,0x00,0x00,0x00,0x00,0x00,0x00,0x00,0x00,0x00,0x00,0x00,
  0x00,0x00,0x00,0x00,0x00,0x00,0x00,0x00,0x00,0x00,0x00,0x00,0x00,0x00,0x00,0x00,0x00,0x00,0x00,0x00,0x00,0x00,0x00,0x00,
  0x00,0x00,0x00,
};
#define GUI_TXT_BACK_W 82
#define GUI_TXT_BACK_H 27

static const uint8_t gui_txt_hint_hand_bits[4482] = {
  0x00,0x00,0x00,0x00,0x00,0x00,0x00,0x00,0x00,0x00,0x00,0x00,0x00,0x00,0x00,0x00,0x00,0x00,0x00,0x00,0x00,0x00,0x00,0x00,
  0x00,0x00,0x00,0x00,0x00,0x00,0x00,0x00,0x00,0x00,0x00,0x00,0x00,0x00,0x00,0x00,0x00,0x00,0x00,0x00,0x00,0x00,0x00,0x00,
  0x00,0x00,0x00,0x00,0x00,0x00,0x00,0x00,0x00,0x00,0x00,0x00,0x00,0x00,0x00,0x00,0x00,0x00,0x00,0x00,0x00,0x00,0x00,0x00,
  0x00,0x00,0x00,0x00,0x00,0x00,0x00,0x00,0x00,0x00,0x00,0x00,0x00,0x00,0x00,0x00,0x00,0x00,0x00,0x00,0x00,0x00,0x00,0x00,
  0x00,0x00,0x00,0x00,0x00,0x00,0x00,0x00,0x00,0x00,0x00,0x00,0x00,0x00,0x00,0x00,0x00,0x00,0x00,0x00,0x00,0x00,0x00,0x00,
  0x00,0x00,0x00,0x00,0x00,0x00,0x00,0x00,0x00,0x00,0x00,0x00,0x00,0x00,0x00,0x00,0x00,0x00,0x00,0x00,0x00,0x00,0x00,0x00,
  0x00,0x00,0x00,0x00,0x00,0x00,0x00,0x00,0x00,0x00,0x00,0x00,0x00,0x00,0x00,0x00,0x00,0x00,0x00,0x00,0x00,0x00,0x00,0x00,
  0x00,0x00,0x00,0x00,0x00,0x00,0x00,0x00,0x00,0x00,0x00,0x00,0x00,0x00,0x00,0x00,0x00,0x00,0x00,0x00,0x00,0x00,0x00,0x00,
  0x00,0x00,0x00,0x00,0x00,0x00,0x00,0x00,0x00,0x00,0x00,0x00,0x00,0x00,0x00,0x00,0x00,0x00,0x00,0x00,0x00,0x00,0x00,0x00,
  0x00,0x00,0x00,0x00,0x00,0x00,0x00,0x00,0x00,0x00,0x00,0x00,0x00,0x00,0x00,0x00,0x00,0x00,0x00,0x00,0x00,0x00,0x00,0x00,
  0x00,0x00,0x00,0x00,0x00,0x00,0x00,0x00,0x00,0x00,0x00,0x00,0x00,0x00,0x00,0x00,0x00,0x00,0x00,0x00,0x00,0x00,0x00,0x00,
  0x00,0x00,0x00,0x00,0x00,0x00,0x00,0x00,0x00,0x00,0x00,0x00,0x00,0x00,0x00,0x00,0x00,0x00,0x00,0x00,0x00,0x00,0x00,0x00,
  0x00,0x00,0x00,0x00,0x00,0x00,0x00,0x00,0x00,0x00,0x00,0x00,0x00,0x00,0x00,0x00,0x00,0x00,0x00,0x00,0x00,0x00,0x00,0x00,
  0x00,0x00,0x00,0x00,0x00,0x00,0x00,0x00,0x00,0x00,0x00,0x00,0x00,0x00,0x00,0x00,0x00,0x00,0x00,0x00,0x00,0x00,0x00,0x20,
  0x00,0x00,0x00,0x00,0x65,0x00,0x00,0x00,0x00,0x00,0x00,0x00,0x00,0x02,0x62,0x00,0x00,0x00,0x00,0x00,0x00,0x00,0x00,0x00,
  0x00,0x00,0x00,0x00,0x00,0x00,0x00,0x00,0x00,0x00,0x00,0x00,0x24,0x10,0x00,0x00,0x03,0x00,0x00,0x00,0x00,0x00,0x00,0x00,
  0x00,0x00,0x15,0x30,0x00,0x00,0x00,0x00,0x00,0x00,0x00,0x00,0x00,0x00,0x00,0x00,0x00,0x00,0x00,0x00,0x00,0x00,0x00,0x00,
  0x00,0x00,0x00,0x00,0x00,0x00,0x00,0x00,0x00,0x00,0x00,0x00,0x00,0x00,0x00,0x00,0x00,0x00,0x00,0x26,0x20,0x00,0x00,0x00,
  0x51,0x00,0x00,0x00,0x00,0x00,0x00,0x00,0x00,0x00,0x00,0x00,0x00,0x00,0x25,0x20,0x00,0x00,0x00,0x00,0x00,0x00,0x53,0x00,
  0x00,0x00,0x00,0x00,0x00,0x00,0x00,0x00,0x00,0x00,0x00,0x00,0x16,0x40,0x00,0x00,0x00,0x00,0x00,0x20,0x00,0x00,0x00,0x00,
  0x00,0x00,0x00,0x00,0x00,0x00,0x00,0x00,0x00,0x00,0x00,0x00,0x00,0x00,0x00,0x34,0x00,0x00,0x00,0x00,0x09,0xf4,0x00,0x00,
  0x00,0x00,0xfc,0x00,0x00,0x00,0x00,0x00,0x00,0x00,0x00,0x06,0xf6,0x00,0x00,0x5d,0x40,0x00,0x00,0x01,0x88,0x88,0x88,0x88,
  0x88,0x88,0x88,0x88,0x88,0x88,0x10,0x00,0x2a,0x20,0x6f,0x30,0x69,0x10,0x2f,0xb0,0x00,0x00,0x00,0x00,0x00,0x00,0x00,0x00,
  0x7f,0xb0,0x00,0x00,0x00,0x00,0x00,0x00,0x00,0x00,0x00,0x00,0x00,0x00,0x00,0x00,0x00,0x00,0x00,0x00,0x00,0x00,0x00,0x00,
  0x00,0x00,0x00,0x00,0x00,0x00,0x00,0x00,0x00,0x00,0x00,0x00,0x00,0x00,0x00,0x00,0x00,0x6f,0x70,0x00,0x00,0x06,0xfc,0x00,
  0x00,0x00,0x00,0x00,0x00,0x00,0x00,0x00,0x00,0x24,0x69,0xbe,0xff,0xc0,0x00,0x00,0x00,0x00,0x00,0x02,0xfe,0x10,0x00,0x00,
  0x00,0x00,0x00,0x00,0x00,0x00,0x00,0x00,0x00,0x00,0x2f,0xa0,0x00,0x00,0x00,0x00,0x08,0xe7,0x00,0x00,0x01,0x11,0x11,0x11,
  0x11,0x10,0x00,0x00,0x0a,0xbb,0xbb,0xbb,0xbb,0x90,0x00,0x00,0x00,0xcf,0x00,0x00,0x00,0x00,0x05,0xfd,0x10,0xbf,0xff,0xff,
  0xff,0xff,0xff,0xff,0x10,0x00,0x00,0x00,0x00,0x06,0xf6,0x00,0x00,0x7e,0xf9,0x00,0x00,0x03,0xff,0xff,0xff,0xff,0xff,0xff,
  0xff,0xff,0xff,0xff,0x30,0x00,0x2e,0xa0,0x6f,0x33,0xeb,0x00,0x5f,0x80,0x00,0x00,0x00,0x01,0x55,0x55,0x55,0x55,0x5e,0xf6,
  0x55,0x55,0x55,0x55,0x10,0x00,0x00,0x00,0x00,0x00,0x00,0x00,0x00,0x00,0x00,0x00,0x00,0x00,0x00,0x00,0x00,0x00,0x00,0x00,
  0x00,0x00,0x00,0x00,0x00,0x00,0x00,0x00,0x00,0x00,0x00,0x00,0x00,0x00,0x00,0x6f,0x70,0x00,0x00,0x0c,0xf5,0x00,0x00,0x00,
  0x00,0x00,0x58,0x89,0x9a,0xbd,0xef,0xff,0xff,0xfe,0xb8,0x40,0x00,0x00,0x00,0x00,0x00,0x07,0xf9,0x00,0x00,0x00,0x00,0x00,
  0x00,0x00,0x9a,0xaa,0xaa,0xaa,0x10,0x00,0x2f,0xa0,0x00,0x00,0x00,0x00,0x03,0xee,0x30,0x00,0x3f,0xff,0xff,0xff,0xff,0xf4,
  0x00,0x00,0x0d,0xff,0xff,0xff,0xff,0xc0,0x00,0x00,0x00,0xcf,0x00,0x00,0x00,0x00,0x00,0xaf,0x80,0x68,0x88,0x89,0xfe,0x88,
  0x88,0x88,0x10,0x00,0x00,0x00,0x00,0x06,0xf6,0x00,0x00,0x03,0xcf,0xc1,0x00,0x03,0xfa,0x00,0x00,0x00,0x00,0x00,0x00,0x00,
  0x00,0xaf,0x30,0x00,0x0a,0xd0,0x6f,0x33,0xd2,0x00,0x9f,0x40,0x00,0x00,0x00,0x03,0xff,0xff,0xff,0xff,0xff,0xff,0xff,0xff,
  0xff,0xff,0x30,0x00,0x00,0x00,0x00,0x01,0x8d,0xed,0x92,0x00,0x00,0x00,0x00,0x00,0x00,0x00,0x29,0xde,0xd8,0x10,0x00,0x00,
  0x00,0x00,0x00,0x00,0x00,0x00,0x00,0x00,0x00,0x00,0x00,0x00,0x00,0x6f,0x70,0x00,0x00,0x5f,0xd0,0x00,0x20,0x00,0x00,0x00,
  0x6f,0xff,0xff,0xff,0xee,0xf9,0x63,0x10,0x00,0x00,0x00,0x00,0x06,0xaa,0xaa,0xae,0xfb,0xaa,0xaa,0xaa,0xaa,0x50,0x00,0x00,
  0xce,0xee,0xee,0xee,0x10,0x00,0x2f,0xa0,0x00,0x00,0x00,0x00,0x00,0x8f,0xc0,0x00,0x3f,0xc8,0x88,0x88,0x8c,0xf4,0x00,0x00,
  0x0d,0xe0,0x00,0x00,0x0f,0xc0,0x00,0xcb,0x00,0xcf,0x00,0x00,0x00,0x00,0x00,0x2f,0xc0,0x00,0x00,0x00,0xfc,0x00,0x00,0x00,
  0x00,0x00,0x00,0x22,0x22,0x28,0xf8,0x22,0x22,0x22,0x1b,0xf6,0x00,0x03,0xf9,0x00,0x75,0x00,0x00,0x00,0x00,0x00,0x00,0x9f,
  0x30,0x01,0x57,0x65,0x9f,0x85,0x65,0x40,0xdf,0x77,0x77,0x77,0x20,0x03,0xfb,0x55,0x55,0x55,0x55,0x55,0x55,0x55,0x55,0xbf,
  0x30,0x00,0x00,0x00,0x00,0x1d,0xfe,0xce,0xfe,0x20,0x00,0x00,0x00,0x00,0x00,0x04,0xef,0xec,0xef,0xe3,0x00,0x00,0x00,0x00,
  0x00,0x00,0x00,0x00,0x00,0x00,0x00,0x00,0x00,0x03,0x77,0xaf,0xa7,0x70,0x00,0xdf,0x50,0x0a,0xf4,0x00,0x00,0x00,0x16,0x54,
  0x32,0x10,0x09,0xf3,0x00,0x00,0x00,0x00,0x00,0x00,0x09,0xff,0xff,0xff,0xff,0xff,0xff,0xff,0xff,0x80,0x00,0x00,0x00,0x00,
  0x00,0x00,0x00,0x44,0x6f,0xb4,0x44,0x44,0x00,0x00,0x00,0x0d,0xe2,0x00,0x3f,0x90,0x00,0x00,0x08,0xf4,0x00,0x00,0x0d,0xe0,
  0x00,0x00,0x0f,0xc0,0x00,0xed,0x00,0xcf,0x00,0x00,0x00,0x00,0x00,0x04,0x00,0x0b,0xdd,0xdd,0xfe,0xdd,0xdd,0xd5,0x00,0x00,
  0x03,0xff,0xff,0xff,0xff,0xff,0xff,0xff,0x00,0x50,0x00,0x03,0xf9,0x02,0xfc,0x00,0x00,0x00,0x00,0x00,0x00,0x9f,0x30,0x04,
  0xff,0xff,0xff,0xff,0xff,0xb1,0xff,0xff,0xff,0xff,0x40,0x03,0xf9,0x00,0x00,0x00,0x00,0x00,0x00,0x00,0x00,0x9f,0x30,0x00,
  0x00,0x00,0x00,0xaf,0xb1,0x00,0x8f,0xc0,0x00,0x00,0x00,0x00,0x00,0x0d,0xf7,0x00,0x0a,0xfd,0x00,0x00,0x00,0x00,0x00,0x00,
  0x00,0x00,0x00,0x00,0x00,0x00,0x00,0x07,0xff,0xff,0xff,0xf1,0x09,0xfb,0x00,0x04,0xfd,0x10,0x00,0x00,0x00,0x00,0x00,0x00,
  0x09,0xf3,0x00,0x00,0x00,0x00,0x00,0x00,0x09,0xf4,0x11,0x11,0x11,0x11,0x11,0x11,0x6f,0x80,0x00,0x00,0x00,0x00,0x00,0x00,
  0x01,0xff,0xff,0xff,0xff,0xff,0x30,0x00,0x00,0x03,0x10,0x00,0x3f,0x90,0x00,0x00,0x08,0xf4,0x00,0x00,0x0d,0xe0,0x00,0x00,
  0x0f,0xc0,0x00,0xed,0x00,0xcf,0x00,0x00,0x00,0x00,0x00,0x00,0x00,0x08,0xaa,0xaa,0xfe,0xaa,0xaa,0xa3,0x00,0x00,0x02,0x88,
  0x88,0x8b,0xfb,0x88,0x88,0xee,0x00,0x00,0x00,0x01,0x64,0x04,0xfa,0x11,0x11,0x11,0x11,0x11,0x11,0x46,0x10,0x01,0x33,0x3a,
  0xff,0x63,0x33,0x26,0xf9,0x44,0x4b,0xf7,0x10,0x03,0xe9,0x14,0x44,0x44,0x44,0x44,0x44,0x44,0x40,0x9e,0x30,0x00,0x00,0x00,
  0x02,0xfe,0x10,0x00,0x0c,0xf4,0x00,0x00,0x00,0x00,0x00,0x6f,0xb0,0x00,0x00,0xcf,0x50,0x00,0x00,0x00,0x00,0x00,0x00,0x00,
  0x00,0x00,0x00,0x00,0x00,0x02,0x44,0x8f,0x94,0x40,0x6f,0xe2,0x00,0x00,0x9f,0xa0,0x00,0x00,0x00,0x00,0x00,0x00,0x09,0xf3,
  0x00,0x00,0x00,0x00,0x00,0x00,0x09,0xf3,0x00,0x00,0x00,0x00,0x00,0x00,0x5f,0x80,0x00,0x00,0x00,0x00,0x00,0x00,0x00,0x77,
  0x9f,0xc7,0x77,0xbf,0x20,0x00,0x00,0x00,0x00,0x00,0x3f,0x90,0x00,0x00,0x08,0xf4,0x00,0x00,0x0d,0xe1,0x11,0x11,0x2f,0xc0,
  0x00,0xed,0x00,0xcf,0x00,0x00,0x00,0x05,0x77,0x77,0x00,0x00,0x00,0x00,0xfc,0x00,0x00,0x00,0x00,0x00,0x00,0x00,0x00,0x06,
  0xf6,0x00,0x00,0xec,0x00,0x00,0x00,0x00,0x00,0x06,0xff,0xff,0xff,0xff,0xff,0xff,0xfa,0x00,0x00,0x00,0x00,0x6f,0xef,0x37,
  0x80,0x0b,0xf3,0x00,0x0b,0xf2,0x00,0x00,0x00,0x4f,0xff,0xff,0xff,0xff,0xff,0xff,0xf0,0x00,0x00,0x00,0x00,0x00,0x06,0xfa,
  0x00,0x00,0x07,0xf9,0x00,0x00,0x00,0x00,0x00,0x9f,0x60,0x00,0x00,0x5f,0xa0,0x00,0x00,0x00,0x00,0x00,0x00,0x00,0x00,0x00,
  0x00,0x00,0x00,0x00,0x00,0x6f,0x70,0x04,0xee,0x50,0x01,0x35,0x8f,0xf4,0x00,0x00,0x18,0x88,0x88,0x88,0x8c,0xf9,0x88,0x88,
  0x88,0x81,0x00,0x00,0x09,0xf3,0x00,0x00,0x00,0x00,0x00,0x00,0x5f,0x80,0x00,0x02,0x44,0x44,0x44,0x44,0x30,0x00,0x3f,0x90,
  0x00,0x8f,0x20,0x05,0x77,0x77,0x10,0x00,0x3f,0x90,0x00,0x00,0x08,0xf4,0x00,0x00,0x0d,0xff,0xff,0xff,0xff,0xc0,0x00,0xed,
  0x00,0xcf,0x00,0x00,0x00,0x0b,0xff,0xff,0x17,0xcc,0xcc,0xcc,0xfe,0xcc,0xcc,0xcc,0x90,0x00,0x00,0x00,0x00,0x06,0xf6,0x00,
  0x03,0xf9,0x00,0x00,0x00,0x00,0x00,0x08,0xfb,0x99,0x99,0x99,0x99,0x99,0x96,0x00,0x00,0x00,0x07,0xfb,0x7f,0x38,0xf5,0x1e,
  0xe0,0x00,0x0d,0xe0,0x00,0x00,0x00,0x27,0x77,0x77,0x77,0x77,0x7b,0xff,0xd0,0x00,0x00,0x00,0x00,0x00,0x09,0xf7,0x00,0x00,
  0x04,0xfc,0x00,0x00,0x00,0x00,0x00,0xaf,0x50,0x00,0x00,0x2f,0xd0,0x00,0x00,0x00,0x00,0x00,0x00,0x00,0x00,0x00,0x00,0x00,
  0x00,0x00,0x00,0x6f,0x70,0x1e,0xfe,0xde,0xff,0xff,0xff,0xfc,0x00,0x00,0x2f,0xff,0xff,0xff,0xff,0xff,0xff,0xff,0xff,0xf2,
  0x00,0x00,0x09,0xfa,0x99,0x99,0x99,0x99,0x99,0x99,0xbf,0x80,0x00,0x08,0xff,0xff,0xff,0xff,0xd0,0x00,0x4f,0x90,0x00,0x8f,
  0x20,0x0b,0xff,0xff,0x40,0x00,0x3f,0x90,0x00,0x00,0x08,0xf4,0x00,0x00,0x08,0x99,0x99,0x99,0x99,0x80,0x00,0xed,0x00,0xcf,
  0x00,0x00,0x00,0x02,0x33,0xbf,0x16,0xbb,0xbb,0xbb,0xbb,0xbb,0xbb,0xbb,0x90,0x00,0x00,0x00,0x00,0x06,0xf6,0x00,0x06,0xf6,
  0x00,0x00,0x00,0x00,0x00,0x0a,0xf2,0x00,0x00,0x00,0x00,0x00,0x00,0x00,0x00,0x01,0xbf,0xc1,0x6f,0x30,0xd8,0x7f,0xf4,0x00,
  0x1f,0xd0,0x00,0x00,0x00,0x00,0x00,0x00,0x00,0x01,0xaf,0xfa,0x10,0x00,0x00,0x00,0x00,0x00,0x0b,0xf5,0x00,0x00,0x02,0xfe,
  0x00,0x00,0x00,0x00,0x00,0xaf,0x60,0x00,0x00,0x2f,0xe0,0x00,0x00,0x00,0x00,0x00,0x00,0x00,0x00,0x00,0x00,0x00,0x00,0x00,
  0x00,0x6f,0x70,0x0c,0xfe,0xdc,0xb9,0x75,0x31,0xdf,0x50,0x00,0x04,0x44,0x44,0x44,0x4b,0xf6,0x44,0x44,0x44,0x40,0x00,0x00,
  0x09,0xff,0xff,0xff,0xff,0xff,0xff,0xff,0xff,0x80,0x00,0x04,0x77,0xaf,0xc7,0x77,0x60,0x00,0x5f,0x80,0x00,0x8f,0x20,0x02,
  0x33,0x9f,0x40,0x00,0x3f,0x90,0x00,0x00,0x08,0xf4,0x00,0x00,0x00,0x00,0x75,0x00,0x00,0x00,0x00,0xed,0x00,0xcf,0x00,0x00,
  0x00,0x00,0x00,0xaf,0x10,0x00,0x00,0x00,0x00,0x00,0x00,0x00,0x00,0x00,0x00,0x00,0x00,0x06,0xf6,0x00,0x0b,0xf3,0x00,0x00,
  0x00,0x00,0x00,0x0c,0xf0,0x00,0x00,0x00,0x00,0x00,0x00,0x00,0x00,0x00,0xba,0x10,0x38,0x20,0x10,0xdf,0xfa,0x00,0x4f,0xa0,
  0x00,0x00,0x00,0x00,0x00,0x00,0x01,0x8e,0xfd,0x50,0x00,0x00,0x00,0x00,0x00,0x00,0x0c,0xf5,0x00,0x00,0x01,0xff,0x00,0x00,
  0x00,0x00,0x00,0x8f,0x90,0x00,0x00,0x7f,0xf0,0x00,0x00,0x00,0x00,0x00,0x00,0x00,0x00,0x00,0x00,0x00,0x00,0x00,0x00,0x6f,
  0x76,0xc1,0x10,0x00,0x00,0x00,0x00,0x6a,0x30,0x00,0x00,0x00,0x00,0x00,0x09,0xf3,0x00,0x00,0x00,0x00,0x00,0x00,0x09,0xf5,
  0x22,0x22,0x22,0x22,0x22,0x22,0x6f,0x80,0x00,0x00,0x00,0x9f,0x60,0x00,0x00,0x00,0x6f,0x60,0x00,0x9f,0x20,0x00,0x00,0x7f,
  0x40,0x00,0x3f,0x90,0x00,0x00,0x08,0xf4,0x00,0x00,0x00,0x01,0xfb,0x00,0x00,0x00,0x00,0xed,0x00,0xcf,0x00,0x00,0x00,0x00,
  0x00,0xaf,0x10,0x09,0xaa,0xaa,0xaa,0xaa,0xaa,0xa0,0x00,0x02,0x88,0x88,0x88,0x8b,0xfb,0x88,0x8e,0xf8,0x88,0x84,0x00,0x00,
  0x00,0x0e,0xe9,0x99,0x99,0x99,0x99,0x99,0x99,0x80,0x00,0x00,0x10,0x04,0xe6,0x00,0x02,0xea,0xde,0x10,0x8f,0x60,0x00,0x00,
  0x00,0x00,0x00,0x00,0x1e,0xfe,0x70,0x00,0x00,0x00,0x00,0x00,0x00,0x00,0x0c,0xf4,0x00,0x00,0x01,0xff,0x10,0x00,0x00,0x00,
  0x00,0x2e,0xe4,0x00,0x05,0xef,0xe0,0x00,0x00,0x00,0x00,0x00,0x00,0x00,0x00,0x00,0x00,0x00,0x00,0x00,0x00,0x6f,0xff,0xe1,
  0x00,0x00,0x00,0x00,0x00,0x00,0x00,0x00,0x00,0x00,0x00,0x00,0x09,0xf3,0x00,0x00,0x00,0x00,0x00,0x00,0x09,0xf3,0x00,0x00,
  0x00,0x00,0x00,0x00,0x5f,0x80,0x00,0x00,0x00,0xde,0x10,0x00,0x00,0x00,0x8f,0x50,0x00,0x9f,0x10,0x00,0x00,0x7f,0x40,0x00,
  0x3f,0xc8,0x88,0x88,0x8c,0xf4,0x00,0x00,0x55,0x56,0xfc,0x55,0x55,0x51,0x00,0xed,0x00,0xcf,0x00,0x00,0x00,0x00,0x00,0xaf,
  0x10,0x0d,0xeb,0xbb,0xbb,0xbb,0xbe,0xf0,0x00,0x04,0xff,0xff,0xff,0xff,0xff,0xff,0xff,0xff,0xff,0xf8,0x00,0x00,0x00,0x1f,
  0xff,0xff,0xff,0xff,0xff,0xff,0xff,0xc0,0x00,0x03,0x77,0x7c,0xf9,0x77,0x72,0x32,0x7f,0x80,0xdf,0x30,0x00,0x00,0x00,0x00,
  0x00,0x00,0x1f,0xf1,0x00,0x00,0x00,0x00,0x00,0x00,0x00,0x00,0x0c,0xf5,0x00,0x00,0x01,0xff,0x00,0x00,0x00,0x00,0x00,0x07,
  0xff,0xca,0xcf,0x8f,0xd0,0x00,0x00,0x00,0x00,0x00,0x00,0x00,0x00,0x00,0x00,0x00,0x00,0x01,0x6b,0xff,0xe8,0x10,0xaa,0xaa,
  0xaa,0xaa,0xaa,0xa1,0x00,0x03,0x44,0x44,0x44,0x44,0x4b,0xf6,0x44,0x44,0x44,0x44,0x30,0x00,0x09,0xf3,0x00,0x00,0x00,0x00,
  0x00,0x00,0x5f,0x80,0x00,0x00,0x03,0xfb,0x00,0x77,0x00,0x00,0xbf,0x20,0x00,0xaf,0x10,0x00,0x00,0x7f,0x40,0x00,0x3f,0xff,
  0xff,0xff,0xff,0xf4,0x00,0x00,0xff,0xff,0xff,0xff,0xff,0xf3,0x00,0xed,0x00,0xcf,0x00,0x00,0x00,0x00,0x00,0xaf,0x10,0x0d,
  0xe0,0x00,0x00,0x00,0x0d,0xf0,0x00,0x01,0x33,0x33,0x33,0x38,0xf8,0x33,0x33,0x33,0x38,0xf8,0x00,0x00,0x00,0x02,0x22,0x22,
  0x22,0x22,0x22,0x22,0x7f,0xb0,0x00,0x06,0xff,0xff,0xff,0xff,0xf5,0x00,0x1e,0xe4,0xfd,0x00,0x00,0x05,0xcc,0xcc,0xcc,0xcc,
  0xdf,0xfc,0xcc,0xcc,0xcc,0xcc,0x50,0x00,0x00,0x00,0x0b,0xf5,0x00,0x00,0x02,0xfe,0x00,0xff,0xff,0xfb,0x00,0x00,0x5b,0xee,
  0xb4,0x4f,0xb0,0x00,0x00,0x00,0x00,0x00,0x00,0x00,0x00,0x00,0x00,0x00,0x00,0x0c,0xff,0xef,0x70,0x00,0xef,0xff,0xff,0xff,
  0xff,0xf2,0x00,0x0b,0xff,0xff,0xff,0xff,0xff,0xff,0xff,0xff,0xff,0xff,0xb0,0x00,0x09,0xfa,0x88,0x88,0x88,0x88,0x88,0x88,
  0xaf,0x80,0x00,0x00,0x09,0xf5,0x00,0xce,0x10,0x00,0xee,0x00,0x00,0xaf,0x00,0x00,0x00,0x7f,0x40,0x00,0x02,0x22,0x22,0x22,
  0x22,0x20,0x00,0x00,0x55,0x57,0xfa,0x55,0x5c,0xf3,0x00,0xed,0x00,0xcf,0x00,0x00,0x00,0x00,0x00,0xaf,0x10,0x0d,0xea,0xaa,
  0xaa,0xaa,0xae,0xf0,0x00,0x00,0x00,0x00,0x00,0x06,0xf6,0x00,0x00,0x00,0x07,0xf7,0x00,0x00,0x00,0x00,0x00,0x00,0x00,0x00,
  0x00,0x00,0x6f,0x90,0x00,0x00,0x12,0xde,0x21,0x1d,0xe2,0x00,0x08,0xfe,0xf7,0x00,0x00,0x06,0xff,0xff,0xff,0xff,0xff,0xff,
  0xff,0xff,0xff,0xff,0x60,0x00,0x00,0x00,0x09,0xf7,0x00,0x00,0x04,0xfd,0x00,0xee,0xee,0xeb,0x00,0x00,0x00,0x00,0x00,0x6f,
  0x80,0x00,0x00,0x00,0x00,0x00,0x00,0x00,0x00,0x00,0x00,0x00,0x00,0x07,0xa4,0x6f,0x70,0x00,0xed,0x11,0x11,0x11,0x1a,0xf2,
  0x00,0x06,0x88,0x88,0x88,0x88,0x8c,0xf9,0x88,0x88,0x88,0x88,0x60,0x00,0x09,0xff,0xff,0xff,0xff,0xff,0xff,0xff,0xff,0x80,
  0x00,0x00,0x1e,0xd0,0x00,0x5f,0x70,0x03,0xfb,0x00,0x00,0xbf,0x00,0x00,0x00,0x7f,0x40,0x00,0x00,0x02,0x00,0x00,0x20,0x00,
  0x00,0x00,0x00,0x05,0xf7,0x00,0x0b,0xf2,0x00,0xed,0x00,0xcf,0x00,0x00,0x00,0x00,0x00,0xaf,0x10,0x0d,0xeb,0xbb,0xbb,0xbb,
  0xbe,0xf0,0x00,0x00,0x00,0x00,0x00,0x06,0xf6,0x00,0x00,0x00,0x08,0xf6,0x00,0x04,0xbb,0xbb,0xbb,0xbb,0xbb,0xbb,0xbb,0xb0,
  0x7f,0x80,0x00,0x00,0x08,0xf6,0x00,0x6f,0x80,0x00,0x01,0xef,0xe1,0x00,0x00,0x00,0x00,0x00,0x00,0x00,0x2f,0xf0,0x00,0x00,
  0x00,0x00,0x00,0x00,0x00,0x00,0x05,0xfa,0x00,0x00,0x07,0xfa,0x00,0x00,0x00,0x00,0x00,0x00,0x00,0x00,0x00,0xbf,0x30,0x00,
  0x00,0x00,0x00,0x00,0x00,0x00,0x00,0x00,0x00,0x00,0x00,0x00,0x00,0x6f,0x70,0x00,0xed,0x00,0x00,0x00,0x0a,0xf2,0x00,0x00,
  0x00,0x00,0x00,0x00,0x09,0xf3,0x00,0x00,0x00,0x00,0x00,0x00,0x09,0xf6,0x33,0x33,0x33,0x33,0x33,0x33,0x7f,0x80,0x00,0x00,
  0x8f,0x60,0x00,0x0e,0xd0,0x08,0xf6,0x00,0x00,0xce,0x00,0x00,0x00,0x7f,0x40,0x00,0x00,0x5e,0x60,0x0a,0xe3,0x00,0x00,0x00,
  0x00,0x08,0xf5,0x00,0x0b,0xf2,0x00,0xed,0x00,0xcf,0x00,0x00,0x00,0x00,0x00,0xaf,0x28,0x0d,0xe0,0x00,0x00,0x00,0x0d,0xf0,
  0x00,0x00,0x00,0x00,0x00,0x06,0xf6,0x00,0x00,0x00,0x09,0xf5,0x00,0x06,0xff,0xff,0xff,0xff,0xff,0xff,0xff,0xe0,0x8f,0x60,
  0x00,0x00,0x4f,0xe6,0x03,0xed,0x10,0x00,0x01,0xdf,0xc0,0x00,0x00,0x00,0x00,0x00,0x00,0x00,0x1f,0xf0,0x00,0x00,0x00,0x00,
  0x00,0x00,0x00,0x00,0x01,0xee,0x10,0x00,0x0c,0xf5,0x00,0x00,0x00,0x00,0x00,0x00,0x00,0x00,0x04,0xfc,0x00,0x00,0x00,0x78,
  0x86,0x00,0x00,0x00,0x00,0x00,0x00,0x00,0x00,0x00,0x00,0x6f,0x70,0x00,0xed,0x00,0x00,0x00,0x0a,0xf2,0x00,0x00,0x00,0x00,
  0x00,0x00,0x09,0xf3,0x00,0x00,0x00,0x00,0x00,0x00,0x09,0xf3,0x00,0x00,0x00,0x00,0x00,0x00,0x5f,0x80,0x00,0x02,0xec,0x00,
  0x27,0xbe,0xf2,0x0e,0xe1,0x00,0x00,0xdd,0x00,0x00,0x00,0x7f,0x41,0x60,0x00,0xdf,0x40,0x05,0xfc,0x00,0x00,0x00,0x00,0x0d,
  0xf1,0x00,0x0c,0xf1,0x00,0xa9,0x00,0xcf,0x00,0x00,0x00,0x00,0x00,0xaf,0xbf,0x3d,0xea,0xaa,0xaa,0xaa,0xae,0xf0,0x00,0x00,
  0x00,0x00,0x00,0x06,0xf6,0x00,0x00,0x00,0x0a,0xf4,0x00,0x00,0x00,0x00,0x00,0x00,0x00,0x00,0x00,0x00,0xaf,0x40,0x00,0x00,
  0x18,0xef,0xdd,0xe3,0x00,0x00,0x0a,0xff,0xfb,0x00,0x00,0x00,0x00,0x00,0x00,0x00,0x1f,0xf0,0x00,0x00,0x00,0x00,0x00,0x00,
  0x00,0x00,0x00,0x9f,0xb1,0x00,0x8f,0xd0,0x00,0x00,0x00,0x00,0x00,0x00,0x00,0x00,0x6e,0xe3,0x00,0x00,0x00,0xdf,0xfb,0x00,
  0x00,0x00,0x00,0x00,0x00,0x00,0x00,0x00,0x00,0x6f,0x70,0x00,0xed,0x00,0x00,0x00,0x0a,0xf2,0x00,0x00,0x00,0x00,0x00,0x00,
  0x09,0xf3,0x00,0x00,0x00,0x00,0x00,0x00,0x09,0xf3,0x00,0x00,0x00,0x00,0x00,0x00,0x5f,0x80,0x00,0x09,0xfc,0xce,0xff,0xec,
  0xf7,0x7f,0xa0,0x00,0x00,0xec,0x00,0x00,0x00,0x7f,0x5c,0xf3,0x09,0xf9,0x00,0x00,0x9f,0x90,0x00,0x00,0x00,0x4f,0xc0,0x00,
  0x0d,0xf1,0x00,0x00,0x00,0xcf,0x00,0x00,0x00,0x00,0x00,0xaf,0xf9,0x0d,0xeb,0xbb,0xbb,0xbb,0xbe,0xf0,0x00,0x00,0x00,0x00,
  0x00,0x06,0xf6,0x00,0x04,0x53,0x3d,0xe1,0x00,0x00,0x00,0x00,0x00,0x00,0x00,0x00,0x00,0x00,0xef,0x10,0x00,0x00,0x00,0x1b,
  0xff,0xd3,0x00,0x00,0xaf,0xd3,0xdf,0xa0,0x00,0x00,0x00,0x00,0x00,0x00,0x1f,0xf0,0x00,0x00,0x00,0x00,0x00,0x00,0x00,0x00,
  0x00,0x0c,0xfe,0xce,0xfe,0x30,0x00,0x00,0x00,0x00,0x00,0x06,0xba,0xbe,0xfe,0x40,0x00,0x00,0x00,0xdf,0xfb,0x00,0x00,0x00,
  0x00,0x00,0x00,0x00,0x00,0x00,0x00,0x6f,0x70,0x00,0xed,0x11,0x11,0x11,0x1a,0xf2,0x00,0x00,0x00,0x00,0x00,0x00,0x09,0xf3,
  0x00,0x00,0x00,0x00,0x00,0x00,0x09,0xf9,0x77,0x77,0x77,0x77,0x77,0x77,0xaf,0x80,0x00,0x07,0xfe,0xda,0x73,0x00,0x96,0xee,
  0x30,0x00,0x02,0xfa,0x00,0x00,0x00,0x7f,0xdf,0x70,0x5f,0xd1,0x00,0x00,0x0d,0xf3,0x00,0x00,0x01,0xdf,0x50,0x00,0x0e,0xe0,
  0x00,0x00,0x00,0xcf,0x00,0x00,0x00,0x00,0x00,0x9f,0xc0,0x0d,0xe0,0x00,0x00,0x00,0x0d,0xf0,0x00,0x00,0x00,0x00,0x00,0x06,
  0xf6,0x00,0x07,0xff,0xff,0x90,0x00,0x00,0x00,0x00,0x00,0x00,0x00,0x20,0x00,0x07,0xfc,0x00,0x00,0x00,0x02,0xaf,0xeb,0xff,
  0x91,0x1b,0xfe,0x20,0x2e,0xfb,0x10,0x00,0x00,0x00,0x00,0x00,0x1f,0xf0,0x00,0x00,0x00,0x00,0x00,0x00,0x00,0x00,0x00,0x00,
  0x8d,0xed,0x92,0x00,0x00,0x00,0x00,0x00,0x00,0x05,0xee,0xeb,0x71,0x00,0x00,0x00,0x00,0x7c,0xfa,0x00,0x00,0x00,0x00,0x00,
  0x00,0x00,0x00,0x00,0x00,0x6f,0x60,0x00,0xef,0xff,0xff,0xff,0xff,0xf2,0x00,0x00,0x00,0x00,0x01,0x00,0x0b,0xf3,0x00,0x00,
  0x00,0x00,0x00,0x00,0x09,0xff,0xff,0xff,0xff,0xff,0xff,0xff,0xff,0x80,0x00,0x00,0x20,0x00,0x00,0x00,0x0c,0xf9,0x00,0x43,
  0x17,0xf8,0x00,0x00,0x00,0x6f,0xf7,0x03,0xef,0x40,0x00,0x00,0x05,0xfb,0x00,0x00,0x0a,0xfb,0x01,0x00,0x4f,0xc0,0x00,0x00,
  0x00,0xdf,0x00,0x00,0x00,0x00,0x00,0x0a,0x20,0x0d,0xe0,0x00,0x00,0x8a,0xaf,0xd0,0x00,0x00,0x00,0x00,0x00,0x06,0xf6,0x00,
  0x02,0x79,0x97,0x00,0x00,0x00,0x00,0x00,0x00,0x00,0x00,0xcf,0xdc,0xdf,0xf5,0x00,0x00,0x03,0xbf,0xfa,0x10,0x4d,0xe5,0xdf,
  0xd3,0x00,0x03,0xef,0xa0,0x00,0x00,0x00,0x9a,0x98,0xaf,0xe0,0x00,0x00,0x00,0x00,0x00,0x00,0x00,0x00,0x00,0x00,0x00,0x00,
  0x00,0x00,0x00,0x00,0x00,0x00,0x00,0x00,0x00,0x00,0x00,0x00,0x00,0x00,0x00,0x0d,0xe2,0x00,0x00,0x00,0x00,0x00,0x00,0x00,
  0x00,0x04,0xdb,0xdf,0x50,0x00,0xee,0x99,0x99,0x99,0x9d,0xf2,0x00,0x00,0x00,0x00,0x09,0xec,0xcf,0xf1,0x00,0x00,0x00,0x00,
  0x00,0x00,0x09,0xf6,0x44,0x44,0x44,0x44,0x44,0x44,0x7f,0x80,0x00,0x00,0x00,0x00,0x00,0x00,0xbf,0xc0,0x00,0xbf,0xff,0xe2,
  0x00,0x00,0x00,0x08,0x60,0x1d,0xf8,0x00,0x00,0x00,0x00,0xbf,0x50,0x01,0xcf,0xc1,0x07,0xee,0xff,0x80,0x00,0x9c,0xaa,0xfe,
  0x00,0x00,0x00,0x00,0x00,0x00,0x00,0x0d,0xe0,0x00,0x00,0x7f,0xfe,0x50,0x00,0x00,0x00,0x00,0x00,0x06,0xf6,0x00,0x00,0x00,
  0x00,0x00,0x00,0x00,0x00,0x00,0x00,0x00,0x00,0x6b,0xde,0xeb,0x50,0x00,0x00,0x04,0xea,0x30,0x00,0x01,0x50,0x9b,0x10,0x00,
  0x00,0x3d,0x20,0x00,0x00,0x00,0x8e,0xff,0xff,0x80,0x00,0x00,0x00,0x00,0x00,0x00,0x00,0x00,0x00,0x00,0x00,0x00,0x00,0x00,
  0x00,0x00,0x00,0x00,0x00,0x00,0x00,0x00,0x00,0x00,0x00,0x00,0x00,0x6f,0x50,0x00,0x00,0x00,0x00,0x00,0x00,0x00,0x00,0x01,
  0xef,0xfd,0x10,0x00,0xed,0x00,0x00,0x00,0x0a,0xf2,0x00,0x00,0x00,0x00,0x05,0xdf,0xfe,0x80,0x00,0x00,0x00,0x00,0x00,0x00,
  0x09,0xf3,0x00,0x00,0x00,0x00,0x00,0x00,0x5f,0x80,0x00,0x00,0x00,0x00,0x00,0x00,0x5c,0x10,0x00,0x59,0xbb,0x40,0x00,0x00,
  0x00,0x00,0x00,0x09,0xa0,0x00,0x00,0x00,0x00,0x4c,0x30,0x00,0xbb,0x10,0x03,0xce,0xd9,0x00,0x00,0x5e,0xff,0xe7,0x00,0x00,
  0x00,0x00,0x00,0x00,0x00,0x02,0x20,0x00,0x00,0x00,0x10,0x00,0x00,0x00,0x00,0x00,0x00,0x01,0x21,0x00,0x00,0x00,0x00,0x00,
  0x00,0x00,0x00,0x00,0x00,0x00,0x00,0x00,0x00,0x00,0x00,0x00,0x00,0x00,0x10,0x00,0x00,0x00,0x00,0x00,0x00,0x00,0x00,0x00,
  0x00,0x00,0x00,0x00,0x00,0x23,0x31,0x00,0x00,0x00,0x00,0x00,0x00,0x00,0x00,0x00,0x00,0x00,0x00,0x00,0x00,0x00,0x00,0x00,
  0x00,0x00,0x00,0x00,0x00,0x00,0x00,0x00,0x00,0x00,0x00,0xb9,0x00,0x00,0x00,0x00,0x00,0x00,0x00,0x00,0x00,0x00,0x01,0x10,
  0x00,0x00,0x22,0x00,0x00,0x00,0x01,0x20,0x00,0x00,0x00,0x00,0x00,0x00,0x00,0x00,0x00,0x00,0x00,0x00,0x00,0x00,0x01,0x20,
  0x00,0x00,0x00,0x00,0x00,0x00,0x02,0x10,0x00,0x00,0x00,0x00,0x00,0x00,0x00,0x00,0x00,0x00,0x00,0x00,0x00,0x00,0x00,0x00,
  0x00,0x00,0x00,0x00,0x00,0x00,0x00,0x00,0x00,0x00,0x00,0x00,0x00,0x00,0x00,0x00,0x00,0x00,0x12,0x10,0x00,0x00,0x00,0x00,
  0x00,0x00,0x00,0x00,0x00,0x00,0x00,0x00,0x00,0x00,0x00,0x00,0x00,0x00,0x00,0x00,0x00,0x00,0x00,0x00,0x00,0x00,0x00,0x00,
  0x00,0x00,0x00,0x00,0x00,0x00,0x00,0x00,0x00,0x00,0x00,0x00,0x00,0x00,0x00,0x00,0x00,0x00,0x00,0x00,0x00,0x00,0x00,0x00,
  0x00,0x00,0x00,0x00,0x00,0x00,0x00,0x00,0x00,0x00,0x00,0x00,0x00,0x00,0x00,0x00,0x00,0x00,0x00,0x00,0x00,0x00,0x00,0x00,
  0x00,0x00,0x00,0x00,0x00,0x00,0x00,0x00,0x00,0x00,0x00,0x00,0x00,0x00,0x00,0x00,0x00,0x00,0x00,0x00,0x00,0x00,0x00,0x00,
  0x00,0x00,0x00,0x00,0x00,0x00,0x00,0x00,0x00,0x00,0x00,0x00,0x00,0x00,0x00,0x00,0x00,0x00,0x00,0x00,0x00,0x00,0x00,0x00,
  0x00,0x00,0x00,0x00,0x00,0x00,0x00,0x00,0x00,0x00,0x00,0x00,0x00,0x00,0x00,0x00,0x00,0x00,0x00,0x00,0x00,0x00,0x00,0x00,
  0x00,0x00,0x00,0x00,0x00,0x00,0x00,0x00,0x00,0x00,0x00,0x00,0x00,0x00,0x00,0x00,0x00,0x00,0x00,0x00,0x00,0x00,0x00,0x00,
  0x00,0x00,0x00,0x00,0x00,0x00,0x00,0x00,0x00,0x00,0x00,0x00,0x00,0x00,0x00,0x00,0x00,0x00,0x00,0x00,0x00,0x00,0x00,0x00,
  0x00,0x00,0x00,0x00,0x00,0x00,0x00,0x00,0x00,0x00,0x00,0x00,0x00,0x00,0x00,0x00,0x00,0x00,0x00,0x00,0x00,0x00,0x00,0x00,
  0x00,0x00,0x00,0x00,0x00,0x00,0x00,0x00,0x00,0x00,0x00,0x00,0x00,0x00,0x00,0x00,0x00,0x00,0x00,0x00,0x00,0x00,0x00,0x00,
  0x00,0x00,0x00,0x00,0x00,0x00,0x00,0x00,0x00,0x00,0x00,0x00,0x00,0x00,0x00,0x00,0x00,0x00,0x00,0x00,0x00,0x00,0x00,0x00,
  0x00,0x00,0x00,0x00,0x00,0x00,0x00,0x00,0x00,0x00,0x00,0x00,0x00,0x00,0x00,0x00,0x00,0x00,0x00,0x00,0x00,0x00,0x00,0x00,
  0x00,0x00,0x00,0x00,0x00,0x00,0x00,0x00,0x00,0x00,0x00,0x00,0x00,0x00,0x00,0x00,0x00,0x00,0x00,0x00,0x00,0x00,0x00,0x00,
  0x00,0x00,0x00,0x00,0x00,0x00,0x00,0x00,0x00,0x00,0x00,0x00,0x00,0x00,0x00,0x00,0x00,0x00,
};
#define GUI_TXT_HINT_HAND_W 332
#define GUI_TXT_HINT_HAND_H 27

static const uint8_t gui_txt_hint_touch_bits[3294] = {
  0x00,0x00,0x00,0x00,0x00,0x00,0x00,0x00,0x00,0x00,0x00,0x00,0x00,0x00,0x00,0x00,0x00,0x00,0x00,0x00,0x00,0x00,0x00,0x00,
  0x00,0x00,0x00,0x00,0x00,0x00,0x00,0x00,0x00,0x00,0x00,0x00,0x00,0x00,0x00,0x00,0x00,0x00,0x00,0x00,0x00,0x00,0x00,0x00,
  0x00,0x00,0x00,0x00,0x00,0x00,0x00,0x00,0x00,0x00,0x00,0x00,0x00,0x00,0x00,0x00,0x00,0x00,0x00,0x00,0x00,0x00,0x00,0x00,
  0x00,0x00,0x00,0x00,0x00,0x00,0x00,0x00,0x00,0x00,0x00,0x00,0x00,0x00,0x00,0x00,0x00,0x00,0x00,0x00,0x00,0x00,0x00,0x00,
  0x00,0x00,0x00,0x00,0x00,0x00,0x00,0x00,0x00,0x00,0x00,0x00,0x00,0x00,0x00,0x00,0x00,0x00,0x00,0x00,0x00,0x00,0x00,0x00,
  0x00,0x00,0x00,0x00,0x00,0x00,0x00,0x00,0x00,0x00,0x00,0x00,0x00,0x00,0x00,0x00,0x00,0x00,0x00,0x00,0x00,0x00,0x00,0x00,
  0x00,0x00,0x00,0x00,0x00,0x00,0x00,0x00,0x00,0x00,0x00,0x00,0x00,0x00,0x00,0x00,0x00,0x00,0x00,0x00,0x00,0x00,0x00,0x00,
  0x00,0x00,0x00,0x00,0x00,0x00,0x00,0x00,0x00,0x00,0x00,0x00,0x00,0x00,0x00,0x00,0x00,0x00,0x00,0x00,0x00,0x00,0x00,0x00,
  0x00,0x00,0x00,0x00,0x00,0x00,0x00,0x00,0x00,0x00,0x00,0x00,0x00,0x00,0x00,0x00,0x00,0x00,0x00,0x00,0x00,0x00,0x00,0x00,
  0x00,0x00,0x00,0x00,0x00,0x00,0x00,0x00,0x00,0x00,0x00,0x00,0x00,0x00,0x00,0x00,0x00,0x00,0x00,0x00,0x00,0x00,0x00,0x00,
  0x00,0x00,0x00,0x00,0x00,0x00,0x00,0x20,0x00,0x00,0x00,0x00,0x65,0x00,0x00,0x00,0x00,0x00,0x00,0x00,0x00,0x00,0x00,0x00,
  0x00,0x00,0x00,0x00,0x00,0x00,0x00,0x00,0x00,0x00,0x00,0x00,0x00,0x00,0x25,0x20,0x00,0x00,0x00,0x16,0x30,0x00,0x16,0x30,
  0x00,0x00,0x00,0x00,0x00,0x00,0x00,0x00,0x00,0x04,0x40,0x00,0x00,0x00,0x00,0x00,0x00,0x00,0x00,0x00,0x00,0x00,0x00,0x00,
  0x00,0x00,0x00,0x00,0x00,0x00,0x00,0x00,0x05,0x60,0x00,0x00,0x05,0x50,0x00,0x00,0x00,0x00,0x00,0x00,0x00,0x00,0x00,0x00,
  0x00,0x00,0x00,0x00,0x00,0x00,0x00,0x00,0x00,0x00,0x00,0x00,0x00,0x00,0x00,0x00,0x00,0x00,0x00,0x03,0x00,0x00,0x00,0x01,
  0x64,0x00,0x10,0x00,0x00,0x00,0x00,0x00,0x09,0xf4,0x00,0x00,0x00,0x00,0xfc,0x00,0x00,0x00,0x00,0x00,0x01,0x44,0x44,0x44,
  0x44,0x44,0x44,0x44,0x44,0x41,0x00,0x00,0x00,0x00,0x00,0x00,0x00,0x24,0x69,0xbe,0xff,0xc0,0x00,0x00,0x00,0x4f,0x80,0x00,
  0x4f,0x80,0x00,0x00,0x04,0x70,0x00,0x00,0x00,0x00,0x00,0x1e,0xe0,0x00,0x00,0x00,0x00,0x00,0x00,0x00,0x0a,0xcc,0xcc,0xcc,
  0xcc,0xcc,0xcc,0xcc,0xcc,0xcc,0x00,0x02,0x44,0x44,0x4e,0xf4,0x44,0x44,0x4e,0xe4,0x44,0x44,0x20,0x00,0x00,0x00,0x00,0x00,
  0xef,0x00,0x00,0x00,0x00,0x00,0x00,0x05,0x88,0x88,0x88,0x88,0x88,0x88,0x88,0x88,0x88,0x88,0x50,0x00,0x00,0x2f,0xb0,0x00,
  0x00,0x03,0xf9,0x0b,0xd1,0x00,0x00,0x00,0x00,0x00,0x05,0xfd,0x10,0xbf,0xff,0xff,0xff,0xff,0xff,0xff,0x10,0x00,0x06,0xff,
  0xff,0xff,0xff,0xff,0xff,0xff,0xff,0xf4,0x00,0x00,0x58,0x89,0x9a,0xbd,0xef,0xff,0xff,0xfe,0xb8,0x40,0x00,0x00,0x00,0x4f,
  0x80,0x00,0x4f,0x80,0x03,0x6b,0xef,0xf7,0x00,0x00,0x00,0x00,0x00,0x6f,0xa0,0x00,0x00,0x00,0x00,0x00,0x00,0x00,0x0c,0xfb,
  0xbb,0xbb,0xbb,0xbb,0xbb,0xbb,0xbb,0xef,0x00,0x07,0xff,0xff,0xff,0xff,0xff,0xff,0xff,0xff,0xff,0xff,0x80,0x00,0x00,0x00,
  0x00,0x00,0xef,0x00,0x00,0x00,0x00,0x00,0x00,0x08,0xff,0xff,0xff,0xff,0xff,0xff,0xff,0xff,0xff,0xff,0xa0,0x00,0x00,0x7f,
  0x60,0x00,0x00,0x03,0xfa,0x07,0xfb,0x00,0x00,0x00,0x00,0x00,0x00,0xaf,0x80,0x68,0x88,0x89,0xfe,0x88,0x88,0x88,0x10,0x00,
  0x06,0xfa,0x77,0x77,0x7b,0xf9,0x77,0x77,0x7c,0xf4,0x00,0x00,0x6f,0xff,0xff,0xff,0xee,0xf9,0x63,0x10,0x00,0x00,0x00,0x00,
  0x00,0x4f,0x80,0x00,0x4f,0xca,0xef,0xff,0xd9,0x40,0x00,0x03,0x77,0x77,0x77,0xdf,0xa7,0x77,0x77,0x77,0x77,0x77,0x30,0x00,
  0x0c,0xf0,0x00,0x00,0x00,0x00,0x00,0x00,0x00,0xcf,0x00,0x02,0x44,0x44,0x4e,0xf4,0x44,0x44,0x4e,0xe4,0x44,0x44,0x20,0x00,
  0x00,0x00,0x00,0x00,0xef,0x00,0x00,0x00,0x00,0x00,0x00,0x01,0x33,0x33,0x33,0x33,0x33,0x33,0x33,0x33,0x33,0x33,0x20,0x00,
  0x00,0xde,0x10,0x00,0x00,0x02,0xfa,0x00,0xaa,0x00,0x00,0x00,0x00,0x00,0x00,0x2f,0xc0,0x00,0x00,0x00,0xfc,0x00,0x00,0x00,
  0x00,0x00,0x06,0xf6,0x00,0x00,0x08,0xf4,0x00,0x00,0x08,0xf4,0x00,0x00,0x16,0x54,0x32,0x10,0x09,0xf3,0x00,0x00,0x00,0x00,
  0x00,0x05,0x77,0x9f,0xb7,0x73,0x4f,0xfe,0xb8,0x52,0x00,0x35,0x10,0x07,0xff,0xff,0xff,0xff,0xff,0xff,0xff,0xff,0xff,0xff,
  0x70,0x00,0x0c,0xf2,0x11,0x11,0x11,0x11,0x11,0x11,0x11,0xcf,0x00,0x00,0x00,0x27,0x7f,0xf7,0x77,0x77,0x7f,0xf7,0x72,0x00,
  0x00,0x00,0x00,0x00,0x00,0x00,0xef,0x00,0x00,0x00,0x00,0x00,0x00,0x00,0x00,0x00,0x00,0x00,0x00,0x00,0x00,0x00,0x00,0x00,
  0x00,0x00,0x05,0xf8,0x02,0x61,0x00,0x02,0xfa,0x00,0x00,0x20,0x00,0x00,0x00,0x00,0x00,0x04,0x00,0x0b,0xdd,0xdd,0xfe,0xdd,
  0xdd,0xd5,0x00,0x00,0x06,0xf6,0x00,0x00,0x08,0xf4,0x00,0x00,0x08,0xf4,0x00,0x00,0x00,0x00,0x00,0x00,0x09,0xf3,0x00,0x00,
  0x00,0x00,0x00,0x0b,0xff,0xff,0xff,0xf7,0x4f,0x90,0x00,0x00,0x00,0x7f,0x60,0x02,0x44,0x44,0x4d,0xf7,0x44,0x44,0x44,0x44,
  0x44,0x44,0x20,0x00,0x0c,0xff,0xff,0xff,0xff,0xff,0xff,0xff,0xff,0xff,0x00,0x00,0x00,0x4f,0xff,0xff,0xff,0xff,0xff,0xff,
  0xf4,0x00,0x00,0x00,0x00,0x00,0x00,0x00,0xef,0x00,0x00,0x00,0x00,0x00,0x00,0x00,0x00,0x00,0x9a,0xaa,0xaa,0xaa,0xaa,0xa7,
  0x00,0x00,0x00,0x00,0x0d,0xe1,0x09,0xf6,0x00,0x02,0xfc,0x8a,0xde,0xf2,0x00,0x00,0x00,0x00,0x00,0x00,0x00,0x08,0xaa,0xaa,
  0xfe,0xaa,0xaa,0xa3,0x00,0x00,0x06,0xf6,0x00,0x00,0x08,0xf4,0x00,0x00,0x08,0xf4,0x00,0x00,0x00,0x00,0x00,0x00,0x09,0xf3,
  0x00,0x00,0x00,0x00,0x00,0x03,0x44,0x7f,0xa4,0x42,0x4f,0x80,0x00,0x00,0x00,0xcf,0x30,0x00,0x00,0x00,0x5f,0xc0,0x00,0x01,
  0x85,0x00,0x00,0x00,0x00,0x00,0x0c,0xf9,0x88,0x88,0x88,0x88,0x88,0x88,0x88,0x88,0x00,0x00,0x00,0x4f,0x81,0x11,0x11,0x11,
  0x11,0x18,0xf4,0x00,0x00,0x00,0x00,0x00,0x00,0x00,0xef,0x00,0x00,0x00,0x00,0x00,0x00,0x00,0x8b,0x20,0xde,0xdd,0xde,0xed,
  0xdd,0xfa,0x04,0xa5,0x00,0x00,0x8f,0x60,0x2e,0xd0,0x7a,0xce,0xff,0xff,0xec,0x92,0x00,0x00,0x00,0x05,0x77,0x77,0x00,0x00,
  0x00,0x00,0xfc,0x00,0x00,0x00,0x00,0x00,0x06,0xfc,0x99,0x99,0x9c,0xfb,0x99,0x99,0x9c,0xf4,0x00,0x00,0x18,0x88,0x88,0x88,
  0x8c,0xf9,0x88,0x88,0x88,0x81,0x00,0x00,0x00,0x4f,0x80,0x00,0x4f,0xd8,0x88,0x89,0xad,0xfd,0x00,0x00,0x00,0x00,0xdf,0x50,
  0x00,0x03,0xf9,0x00,0x00,0x00,0x00,0x00,0x0c,0xf0,0x00,0x07,0x50,0x00,0x00,0x06,0x82,0x00,0x00,0x00,0x00,0x4f,0xdb,0xbb,
  0xbb,0xbb,0xbb,0xbd,0xf4,0x00,0x00,0x00,0x00,0x00,0x00,0x00,0xef,0x77,0x77,0x77,0x77,0x71,0x00,0x00,0xbf,0x30,0xdd,0x00,
  0x0e,0xc0,0x00,0xfa,0x06,0xf8,0x00,0x03,0xed,0x68,0xcf,0x50,0xaf,0xec,0xfd,0x42,0x00,0x00,0x00,0x00,0x00,0x0b,0xff,0xff,
  0x17,0xcc,0xcc,0xcc,0xfe,0xcc,0xcc,0xcc,0x90,0x00,0x06,0xff,0xff,0xff,0xff,0xff,0xff,0xff,0xff,0xf4,0x00,0x00,0x2f,0xff,
  0xff,0xff,0xff,0xff,0xff,0xff,0xff,0xf2,0x00,0x00,0x00,0x4f,0x80,0x00,0x0c,0xff,0xff,0xff,0xfe,0xa2,0x00,0x00,0x00,0x59,
  0xfb,0x00,0x00,0x03,0xf9,0x00,0x00,0x00,0x00,0x00,0x0c,0xf0,0x00,0x2e,0xe3,0x00,0x00,0x0e,0xe2,0x00,0x00,0x00,0x00,0x4f,
  0xc9,0x99,0x99,0x99,0x99,0x9c,0xf4,0x00,0x00,0x00,0x00,0x00,0x00,0x00,0xef,0xff,0xff,0xff,0xff,0xf2,0x00,0x00,0xbf,0x30,
  0xdd,0x00,0x0e,0xc0,0x00,0xfa,0x06,0xf8,0x00,0x03,0xff,0xfe,0xfb,0x00,0x21,0x00,0xed,0x00,0x00,0x00,0x00,0x00,0x00,0x02,
  0x33,0xbf,0x16,0xbb,0xbb,0xbb,0xbb,0xbb,0xbb,0xbb,0x90,0x00,0x06,0xf7,0x11,0x11,0x19,0xf6,0x11,0x11,0x19,0xf4,0x00,0x00,
  0x04,0x44,0x44,0x44,0x4b,0xf6,0x44,0x44,0x44,0x40,0x00,0x00,0x00,0x4f,0x80,0x00,0x00,0x13,0x33,0x22,0x00,0x00,0x00,0x00,
  0x00,0xbf,0xe2,0x00,0x00,0x03,0xf9,0x00,0x00,0x00,0x00,0x00,0x0c,0xf0,0x00,0x05,0xfc,0x00,0x00,0x7f,0x90,0x00,0x00,0x00,
  0x00,0x4f,0x83,0x33,0x33,0x33,0x33,0x38,0xf4,0x00,0x00,0x00,0x00,0x00,0x00,0x00,0xef,0x66,0x66,0x66,0x66,0x61,0x00,0x00,
  0xbf,0x30,0xdd,0x00,0x0e,0xc0,0x00,0xfa,0x06,0xf8,0x00,0x00,0x63,0x2e,0xe2,0x00,0x00,0x00,0xde,0x00,0x14,0x7a,0x40,0x00,
  0x00,0x00,0x00,0xaf,0x10,0x00,0x00,0x00,0x00,0x00,0x00,0x00,0x00,0x00,0x06,0xf6,0x00,0x00,0x08,0xf4,0x00,0x00,0x08,0xf4,
  0x00,0x00,0x00,0x00,0x00,0x00,0x09,0xf3,0x00,0x00,0x00,0x00,0x00,0x00,0x00,0x4f,0x83,0x98,0x04,0x44,0x44,0x44,0x44,0x41,
  0x00,0x00,0x02,0xef,0x60,0x00,0x00,0x03,0xf9,0x00,0x00,0x00,0x00,0x00,0x0c,0xf0,0x8f,0xff,0xff,0xff,0xff,0xff,0xff,0xfe,
  0x00,0x00,0x00,0x4f,0xff,0xff,0xff,0xff,0xff,0xff,0xf4,0x00,0x00,0x00,0x00,0x00,0x00,0x00,0xef,0x00,0x00,0x00,0x00,0x00,
  0x00,0x00,0xbf,0x30,0xde,0xbb,0xbe,0xeb,0xbb,0xfa,0x06,0xf8,0x00,0x00,0x00,0xaf,0x70,0x00,0x00,0x00,0xcf,0xad,0xff,0xff,
  0x60,0x00,0x00,0x00,0x00,0xaf,0x10,0x09,0xaa,0xaa,0xaa,0xaa,0xaa,0xa0,0x00,0x00,0x07,0xf6,0x00,0x00,0x08,0xf4,0x00,0x00,
  0x08,0xf4,0x00,0x00,0x00,0x00,0x00,0x00,0x09,0xf3,0x00,0x00,0x00,0x00,0x00,0x00,0x00,0x5f,0xef,0xfa,0x1f,0xff,0xff,0xff,
  0xff,0xf5,0x00,0x00,0x1c,0xff,0x10,0xcf,0xff,0xff,0xff,0xff,0xff,0xf7,0x00,0x00,0x0c,0xf0,0x59,0x99,0xdf,0x99,0x99,0xdf,
  0xa9,0x99,0x00,0x00,0x00,0x15,0x55,0xbf,0x95,0x55,0x55,0x55,0x51,0x00,0x00,0x00,0x00,0x00,0x00,0x00,0xef,0x00,0x00,0x00,
  0x00,0x00,0x00,0x00,0xbf,0x30,0xde,0xcc,0xce,0xec,0xcc,0xfa,0x06,0xf8,0x00,0x00,0x06,0xfb,0x00,0x02,0x59,0xce,0xff,0xfe,
  0xb8,0x51,0x00,0x00,0x00,0x00,0x00,0xaf,0x10,0x0d,0xeb,0xbb,0xbb,0xbb,0xbe,0xf0,0x00,0x00,0x08,0xf5,0x00,0x00,0x08,0xf5,
  0x00,0x00,0x09,0xf4,0x00,0x03,0x44,0x44,0x44,0x44,0x4b,0xf6,0x44,0x44,0x44,0x44,0x30,0x01,0x6b,0xef,0xfa,0x40,0x1f,0xb6,
  0x66,0x66,0x69,0xf5,0x00,0x00,0xbf,0xff,0x10,0x9b,0xbb,0xbc,0xfd,0xbb,0xbb,0xb5,0x00,0x00,0x0d,0xe0,0x00,0x00,0xbf,0x00,
  0x00,0xaf,0x20,0x00,0x00,0x03,0x77,0x77,0x78,0xee,0x77,0x77,0x77,0x77,0x77,0x77,0x30,0x00,0x00,0x00,0x00,0x00,0xef,0x00,
  0x00,0x00,0x00,0x00,0x00,0x00,0xbf,0x30,0xdd,0x00,0x0e,0xc0,0x00,0xfa,0x06,0xf8,0x00,0x00,0x4e,0xd1,0x37,0x97,0xff,0xec,
  0xcf,0x70,0x01,0x71,0x00,0x00,0x00,0x00,0x00,0xaf,0x10,0x0d,0xe0,0x00,0x00,0x00,0x0d,0xf0,0x00,0x00,0x09,0xff,0xff,0xff,
  0xff,0xff,0xff,0xff,0xff,0xf4,0x00,0x0b,0xff,0xff,0xff,0xff,0xff,0xff,0xff,0xff,0xff,0xff,0xb0,0x0d,0xff,0xef,0x80,0x00,
  0x1f,0x90,0x00,0x00,0x06,0xf5,0x00,0x0b,0xfd,0xdf,0x10,0x00,0x00,0x03,0xf9,0x00,0x00,0x00,0x00,0x00,0x0e,0xd0,0x00,0x00,
  0xcf,0x00,0x00,0xaf,0x20,0x00,0x00,0x07,0xff,0xff,0xff,0xff,0xff,0xff,0xff,0xff,0xff,0xff,0x70,0x00,0x00,0x00,0x00,0x00,
  0xef,0x00,0x00,0x00,0x00,0x00,0x00,0x00,0xbf,0x30,0xdd,0x00,0x0e,0xc0,0x00,0xfa,0x06,0xf8,0x00,0x03,0xef,0xde,0xff,0xc3,
  0x63,0x00,0x5f,0x80,0x0a,0xf8,0x00,0x00,0x00,0x00,0x00,0xaf,0x10,0x0d,0xea,0xaa,0xaa,0xaa,0xae,0xf0,0x00,0x00,0x0b,0xfb,
  0xbb,0xbb,0xbd,0xfc,0xbb,0xbb,0xbd,0xf4,0x00,0x06,0x88,0x88,0x88,0x88,0x8c,0xf9,0x88,0x88,0x88,0x88,0x60,0x08,0xa5,0x5f,
  0x80,0x00,0x1f,0xa0,0x00,0x00,0x06,0xf5,0x00,0x0b,0xd2,0xbf,0x10,0x00,0x00,0x03,0xf9,0x00,0x00,0x00,0x00,0x00,0x1f,0xc0,
  0x33,0x33,0xdf,0x33,0x33,0xbf,0x53,0x33,0x20,0x00,0x11,0x17,0xfd,0x21,0x1e,0xf1,0x15,0xed,0x51,0x11,0x00,0x00,0x00,0x00,
  0x00,0x00,0xef,0x00,0x00,0x00,0x00,0x00,0x00,0x00,0xbf,0x30,0xdd,0x00,0x0e,0xc0,0x00,0xfa,0x06,0xf8,0x00,0x05,0xff,0xeb,
  0x62,0x00,0x00,0x00,0x1f,0xc0,0x8f,0xc0,0x00,0x00,0x00,0x00,0x00,0xaf,0x10,0x0d,0xeb,0xbb,0xbb,0xbb,0xbe,0xf0,0x00,0x00,
  0x0e,0xe0,0x00,0x00,0x08,0xf4,0x00,0x00,0x08,0xf4,0x00,0x00,0x00,0x00,0x00,0x00,0x09,0xf3,0x00,0x00,0x00,0x00,0x00,0x00,
  0x00,0x4f,0x80,0x00,0x1f,0xff,0xff,0xff,0xff,0xf5,0x00,0x01,0x20,0xbf,0x10,0x00,0x00,0x03,0xf9,0x00,0x00,0x00,0x00,0x00,
  0x3f,0xa0,0xff,0xff,0xff,0xff,0xff,0xff,0xff,0xff,0x80,0x00,0x01,0xaf,0xfb,0xaa,0xae,0xea,0xaa,0xef,0xfc,0x20,0x00,0x00,
  0x00,0x00,0x00,0x00,0xef,0x00,0x00,0x00,0x00,0x00,0x00,0x00,0xbf,0x30,0xde,0xaa,0xae,0xea,0xaa,0xfa,0x06,0xf8,0x00,0x00,
  0x52,0x00,0x00,0x00,0x00,0x00,0x0c,0xf9,0xfe,0x30,0x00,0x00,0x00,0x00,0x00,0xaf,0x28,0x0d,0xe0,0x00,0x00,0x00,0x0d,0xf0,
  0x00,0x00,0x2f,0xc0,0x00,0x00,0x08,0xf4,0x00,0x00,0x08,0xf4,0x00,0x00,0x00,0x00,0x00,0x00,0x09,0xf3,0x00,0x00,0x00,0x00,
  0x00,0x00,0x00,0x4f,0x80,0x00,0x1f,0xd9,0x99,0x99,0x9b,0xf5,0x00,0x00,0x00,0xbf,0x10,0x00,0x00,0x03,0xf9,0x00,0x00,0x00,
  0x00,0x00,0x7f,0x70,0x88,0x8a,0xfc,0x88,0x88,0xcf,0x98,0x88,0x40,0x00,0x6e,0xff,0xfc,0xcc,0xce,0xec,0xcc,0xcf,0xff,0xfa,
  0x40,0x00,0x00,0x00,0x00,0x00,0xef,0x00,0x00,0x00,0x00,0x00,0x00,0x00,0xbf,0x30,0xcd,0xdd,0xdd,0xdd,0xdd,0xd9,0x06,0xf8,
  0x00,0x00,0x00,0x00,0x03,0x71,0x00,0x00,0x06,0xff,0xe4,0x00,0x00,0x00,0x00,0x00,0x00,0xaf,0xbf,0x3d,0xea,0xaa,0xaa,0xaa,
  0xae,0xf0,0x00,0x00,0x7f,0x90,0x00,0x00,0x08,0xf4,0x00,0x00,0x08,0xf4,0x00,0x00,0x00,0x00,0x00,0x00,0x09,0xf3,0x00,0x00,
  0x00,0x00,0x00,0x00,0x00,0x4f,0x80,0x00,0x1f,0x90,0x00,0x00,0x06,0xf5,0x00,0x00,0x00,0xbf,0x10,0x00,0x00,0x03,0xf9,0x00,
  0x00,0x00,0x00,0x00,0xbf,0x40,0x00,0x0a,0xf6,0x00,0x00,0xaf,0x20,0x00,0x00,0x09,0xfd,0x4b,0xf0,0x00,0x0c,0xe0,0x00,0x08,
  0xf8,0xdf,0xb0,0x00,0x00,0x00,0x00,0x00,0xef,0x00,0x00,0x00,0x00,0x00,0x00,0x00,0xbf,0x30,0x00,0x00,0x00,0x00,0x00,0x00,
  0x06,0xf8,0x00,0x00,0x04,0x7a,0xef,0xf5,0x00,0x00,0x3c,0xff,0x50,0x0c,0x60,0x00,0x00,0x00,0x00,0xaf,0xf9,0x0d,0xeb,0xbb,
  0xbb,0xbb,0xbe,0xf0,0x00,0x00,0xcf,0x50,0x00,0x00,0x08,0xf4,0x00,0x00,0x08,0xf4,0x00,0x00,0x00,0x00,0x00,0x00,0x09,0xf3,
  0x00,0x00,0x00,0x00,0x00,0x00,0x00,0x4f,0x80,0x00,0x1f,0x90,0x00,0x00,0x06,0xf5,0x00,0x00,0x00,0xbf,0x10,0x00,0x00,0x03,
  0xf9,0x00,0x00,0x00,0x00,0x01,0xee,0x00,0x00,0x7f,0xe1,0x00,0x00,0xaf,0x20,0x00,0x00,0x02,0x70,0x0b,0xf0,0x00,0x0c,0xe0,
  0x01,0x2b,0xf3,0x07,0x10,0x00,0x00,0x00,0x00,0x00,0xef,0x00,0x00,0x00,0x00,0x00,0x00,0x00,0xbf,0x41,0x11,0x11,0x11,0x11,
  0x11,0x11,0x17,0xf8,0x00,0x08,0xef,0xff,0xea,0x50,0x00,0x3a,0xff,0xef,0x90,0x0f,0xc0,0x00,0x00,0x00,0x00,0x9f,0xc0,0x0d,
  0xe0,0x00,0x00,0x00,0x0d,0xf0,0x00,0x04,0xfe,0x00,0x00,0x00,0x08,0xf4,0x00,0x00,0x0a,0xf3,0x00,0x00,0x00,0x00,0x01,0x00,
  0x0b,0xf3,0x00,0x00,0x00,0x00,0x00,0x00,0x00,0x5f,0x80,0x00,0x1f,0xec,0xcc,0xcc,0xcd,0xf5,0x00,0x00,0x00,0xbf,0x19,0x99,
  0x99,0x9b,0xfd,0x99,0x99,0x99,0x30,0x06,0xfb,0x00,0x3b,0xff,0x50,0x00,0x00,0xaf,0x20,0x00,0x00,0x00,0x00,0x0b,0xf0,0x00,
  0x0c,0xe0,0x08,0xff,0xd0,0x00,0x00,0x01,0xbb,0xbb,0xbb,0xbb,0xef,0xbb,0xbb,0xbb,0xbb,0xbb,0x30,0x00,0xbf,0xff,0xff,0xff,
  0xff,0xff,0xff,0xff,0xff,0xf8,0x00,0x04,0xec,0x84,0x00,0x00,0x5b,0xff,0xe8,0x1c,0xf7,0x3f,0x80,0x00,0x00,0x00,0x00,0x0a,
  0x20,0x0d,0xe0,0x00,0x00,0x8a,0xaf,0xd0,0x00,0x0b,0xf9,0x00,0x00,0x00,0x08,0xf4,0x00,0xee,0xdf,0xe1,0x00,0x00,0x00,0x00,
  0x09,0xec,0xcf,0xf1,0x00,0x00,0x00,0x00,0x00,0x08,0xdb,0xdf,0x70,0x00,0x1f,0xec,0xcc,0xcc,0xcd,0xf5,0x00,0x00,0x00,0xbf,
  0x1e,0xff,0xff,0xff,0xff,0xff,0xff,0xff,0x40,0x0c,0xf6,0x05,0xff,0xe6,0x00,0x00,0x00,0xaf,0x20,0x00,0x00,0x00,0x00,0x0b,
  0xf0,0x00,0x0c,0xe0,0x02,0x77,0x20,0x00,0x00,0x01,0xff,0xff,0xff,0xff,0xff,0xff,0xff,0xff,0xff,0xff,0x40,0x00,0xbf,0xb9,
  0x99,0x99,0x99,0x99,0x99,0x99,0x9b,0xf8,0x00,0x00,0x00,0x00,0x00,0x00,0xaf,0xe9,0x20,0x03,0xef,0xef,0x40,0x00,0x00,0x00,
  0x00,0x00,0x00,0x0d,0xe0,0x00,0x00,0x7f,0xfe,0x50,0x00,0x04,0xd2,0x00,0x00,0x00,0x00,0x00,0x00,0xad,0xed,0x60,0x00,0x00,
  0x00,0x00,0x05,0xdf,0xfe,0x80,0x00,0x00,0x00,0x00,0x00,0x05,0xef,0xfd,0x20,0x00,0x1f,0x90,0x00,0x00,0x06,0xf5,0x00,0x00,
  0x00,0xbf,0x11,0x11,0x11,0x11,0x11,0x11,0x11,0x11,0x00,0x07,0xd0,0x00,0xb8,0x20,0x00,0x00,0x00,0xaf,0x20,0x00,0x00,0x00,
  0x00,0x00,0x00,0x00,0x0c,0xe0,0x00,0x00,0x00,0x00,0x00,0x00,0x11,0x11,0x11,0x11,0x11,0x11,0x11,0x11,0x11,0x11,0x00,0x00,
  0xbf,0x30,0x00,0x00,0x00,0x00,0x00,0x00,0x06,0xf8,0x00,0x00,0x00,0x00,0x00,0x00,0x27,0x10,0x00,0x00,0x3d,0xfa,0x00,0x00,
  0x00,0x00,0x00,0x00,0x00,0x02,0x20,0x00,0x00,0x00,0x10,0x00,0x00,0x00,0x00,0x00,0x00,0x00,0x00,0x00,0x00,0x00,0x00,0x00,
  0x00,0x00,0x00,0x00,0x00,0x00,0x00,0x00,0x00,0x00,0x00,0x00,0x00,0x00,0x01,0x20,0x00,0x00,0x02,0x10,0x00,0x00,0x00,0x20,
  0x00,0x00,0x00,0x00,0x00,0x00,0x00,0x00,0x00,0x00,0x00,0x00,0x00,0x00,0x00,0x00,0x00,0x00,0x00,0x00,0x00,0x12,0x00,0x00,
  0x00,0x00,0x00,0x00,0x00,0x00,0x01,0x20,0x00,0x00,0x00,0x00,0x00,0x00,0x00,0x00,0x00,0x00,0x00,0x00,0x00,0x00,0x00,0x00,
  0x00,0x00,0x12,0x00,0x00,0x00,0x00,0x00,0x00,0x00,0x00,0x21,0x00,0x00,0x00,0x00,0x00,0x00,0x00,0x00,0x00,0x00,0x00,0x20,
  0x00,0x00,0x00,0x00,0x00,0x00,0x00,0x00,0x00,0x00,0x00,0x00,0x00,0x00,0x00,0x00,0x00,0x00,0x00,0x00,0x00,0x00,0x00,0x00,
  0x00,0x00,0x00,0x00,0x00,0x00,0x00,0x00,0x00,0x00,0x00,0x00,0x00,0x00,0x00,0x00,0x00,0x00,0x00,0x00,0x00,0x00,0x00,0x00,
  0x00,0x00,0x00,0x00,0x00,0x00,0x00,0x00,0x00,0x00,0x00,0x00,0x00,0x00,0x00,0x00,0x00,0x00,0x00,0x00,0x00,0x00,0x00,0x00,
  0x00,0x00,0x00,0x00,0x00,0x00,0x00,0x00,0x00,0x00,0x00,0x00,0x00,0x00,0x00,0x00,0x00,0x00,0x00,0x00,0x00,0x00,0x00,0x00,
  0x00,0x00,0x00,0x00,0x00,0x00,0x00,0x00,0x00,0x00,0x00,0x00,0x00,0x00,0x00,0x00,0x00,0x00,0x00,0x00,0x00,0x00,0x00,0x00,
  0x00,0x00,0x00,0x00,0x00,0x00,0x00,0x00,0x00,0x00,0x00,0x00,0x00,0x00,0x00,0x00,0x00,0x00,0x00,0x00,0x00,0x00,0x00,0x00,
  0x00,0x00,0x00,0x00,0x00,0x00,0x00,0x00,0x00,0x00,0x00,0x00,0x00,0x00,0x00,0x00,0x00,0x00,0x00,0x00,0x00,0x00,0x00,0x00,
  0x00,0x00,0x00,0x00,0x00,0x00,0x00,0x00,0x00,0x00,0x00,0x00,0x00,0x00,0x00,0x00,0x00,0x00,0x00,0x00,0x00,0x00,0x00,0x00,
  0x00,0x00,0x00,0x00,0x00,0x00,0x00,0x00,0x00,0x00,0x00,0x00,0x00,0x00,0x00,0x00,0x00,0x00,0x00,0x00,0x00,0x00,0x00,0x00,
  0x00,0x00,0x00,0x00,0x00,0x00,0x00,0x00,0x00,0x00,0x00,0x00,0x00,0x00,0x00,0x00,0x00,0x00,0x00,0x00,0x00,0x00,0x00,0x00,
  0x00,0x00,0x00,0x00,0x00,0x00,
};
#define GUI_TXT_HINT_TOUCH_W 244
#define GUI_TXT_HINT_TOUCH_H 27

static const uint8_t gui_txt_clear_bits[702] = {
  0x00,0x00,0x00,0x00,0x00,0x00,0x00,0x00,0x00,0x00,0x00,0x00,0x00,0x00,0x00,0x00,0x00,0x00,0x00,0x00,0x00,0x00,0x00,0x00,
  0x00,0x00,0x00,0x00,0x00,0x00,0x00,0x00,0x00,0x00,0x00,0x00,0x00,0x00,0x00,0x00,0x00,0x00,0x00,0x00,0x00,0x00,0x00,0x00,
  0x00,0x00,0x00,0x00,0x00,0x00,0x00,0x00,0x00,0x00,0x00,0x00,0x65,0x00,0x00,0x00,0x00,0x00,0x00,0x00,0x00,0x00,0x00,0x00,
  0x42,0x00,0x00,0x00,0x00,0x00,0x00,0x00,0x5e,0x80,0x00,0x00,0x00,0x00,0xfc,0x00,0x00,0x00,0x00,0x03,0x88,0x88,0x86,0x00,
  0x00,0x01,0xee,0x10,0x00,0x00,0x00,0x00,0x00,0x00,0x5e,0xfc,0x20,0xbf,0xff,0xff,0xff,0xff,0xff,0xff,0x10,0x06,0xff,0xff,
  0xfb,0x00,0x00,0x0a,0xff,0x90,0x00,0x00,0x00,0x00,0x00,0x00,0x01,0xce,0x40,0x68,0x88,0x89,0xfe,0x88,0x88,0x88,0x10,0x06,
  0xf5,0x03,0xf9,0x00,0x00,0x7f,0xdc,0xf9,0x00,0x00,0x00,0x00,0x00,0x00,0x00,0x03,0x00,0x00,0x00,0x00,0xfc,0x00,0x00,0x00,
  0x00,0x06,0xf5,0x08,0xf3,0x00,0x04,0xee,0x31,0xdf,0xa0,0x00,0x00,0x00,0x00,0x00,0x00,0x00,0x00,0x0b,0xdd,0xdd,0xfe,0xdd,
  0xdd,0xd5,0x00,0x06,0xf5,0x0d,0xc0,0x00,0x4e,0xf6,0x00,0x1c,0xfd,0x30,0x00,0x00,0x00,0x00,0x30,0x00,0x00,0x08,0xaa,0xaa,
  0xfe,0xaa,0xaa,0xa3,0x00,0x06,0xf5,0x4f,0x60,0x05,0xef,0x70,0x00,0x01,0xbf,0xe8,0x10,0x00,0x00,0x06,0xfb,0x20,0x00,0x00,
  0x00,0x00,0xfc,0x00,0x00,0x00,0x00,0x06,0xf5,0xae,0x10,0x8f,0xe6,0x55,0x55,0x55,0x49,0xff,0x80,0x00,0x00,0x02,0xbf,0xe5,
  0x07,0xcc,0xcc,0xcc,0xfe,0xcc,0xcc,0xcc,0x90,0x06,0xf6,0xec,0x00,0x8d,0x41,0xff,0xff,0xff,0xb0,0x4b,0x00,0x00,0x00,0x00,
  0x08,0xf6,0x06,0xbb,0xbb,0xbb,0xbb,0xbb,0xbb,0xbb,0x90,0x06,0xf5,0x9f,0x40,0x00,0x00,0x44,0xcf,0x64,0x30,0x00,0x00,0x00,
  0x00,0x00,0x00,0x40,0x00,0x00,0x00,0x00,0x00,0x00,0x00,0x00,0x00,0x06,0xf5,0x1e,0xc0,0x00,0x00,0x00,0xbf,0x10,0x00,0x00,
  0x00,0x00,0x00,0x00,0x00,0x00,0x00,0x09,0xaa,0xaa,0xaa,0xaa,0xaa,0xa0,0x00,0x06,0xf5,0x09,0xf3,0x12,0x22,0x22,0xbf,0x32,
  0x22,0x22,0x00,0x00,0x00,0x00,0x00,0x04,0x20,0x0d,0xeb,0xbb,0xbb,0xbb,0xbe,0xf0,0x00,0x06,0xf5,0x04,0xf7,0xcf,0xff,0xff,
  0xff,0xff,0xff,0xfe,0x00,0x00,0x00,0x00,0x00,0x0b,0xe2,0x0d,0xe0,0x00,0x00,0x00,0x0d,0xf0,0x00,0x06,0xf5,0x02,0xf9,0x79,
  0x99,0x99,0xdf,0xa9,0x99,0x98,0x00,0x00,0x00,0x00,0x00,0x3f,0xd0,0x0d,0xea,0xaa,0xaa,0xaa,0xae,0xf0,0x00,0x06,0xf5,0x01,
  0xf9,0x00,0x12,0x00,0xbf,0x10,0x00,0x00,0x00,0x00,0x00,0x00,0x00,0xaf,0x70,0x0d,0xeb,0xbb,0xbb,0xbb,0xbe,0xf0,0x00,0x06,
  0xf5,0x05,0xf7,0x00,0x9e,0x40,0xbf,0x12,0xcb,0x00,0x00,0x00,0x00,0x00,0x02,0xee,0x10,0x0d,0xe0,0x00,0x00,0x00,0x0d,0xf0,
  0x00,0x06,0xf7,0xee,0xe2,0x04,0xfd,0x00,0xbf,0x10,0xbf,0x90,0x00,0x00,0x00,0x00,0x0a,0xf9,0x00,0x0d,0xea,0xaa,0xaa,0xaa,
  0xae,0xf0,0x00,0x06,0xf5,0x99,0x30,0x2d,0xf5,0x00,0xbf,0x10,0x1d,0xf6,0x00,0x00,0x00,0x00,0x4f,0xe2,0x00,0x0d,0xeb,0xbb,
  0xbb,0xbb,0xbe,0xf0,0x00,0x06,0xf5,0x00,0x01,0xdf,0xa0,0x00,0xbf,0x10,0x03,0xee,0x10,0x00,0x00,0x00,0xcf,0x90,0x00,0x0d,
  0xe0,0x00,0x00,0x00,0x0d,0xf0,0x00,0x06,0xf5,0x00,0x09,0xfd,0x10,0x00,0xcf,0x10,0x00,0x8f,0xa0,0x00,0x00,0x07,0xfe,0x10,
  0x00,0x0d,0xe0,0x00,0x00,0x8a,0xaf,0xd0,0x00,0x06,0xf5,0x00,0x00,0xa2,0x09,0xbb,0xee,0x00,0x00,0x09,0x20,0x00,0x00,0x00,
  0x96,0x00,0x00,0x0d,0xe0,0x00,0x00,0x7f,0xfe,0x50,0x00,0x06,0xf5,0x00,0x00,0x00,0x06,0xff,0xe8,0x00,0x00,0x00,0x00,0x00,
  0x00,0x00,0x00,0x00,0x00,0x02,0x20,0x00,0x00,0x00,0x10,0x00,0x00,0x01,0x31,0x00,0x00,0x00,0x00,0x01,0x00,0x00,0x00,0x00,
  0x00,0x00,0x00,0x00,0x00,0x00,0x00,0x00,0x00,0x00,0x00,0x00,0x00,0x00,0x00,0x00,0x00,0x00,0x00,0x00,0x00,0x00,0x00,0x00,
  0x00,0x00,0x00,0x00,0x00,0x00,0x00,0x00,0x00,0x00,0x00,0x00,0x00,0x00,0x00,0x00,0x00,0x00,0x00,0x00,0x00,0x00,0x00,0x00,
  0x00,0x00,0x00,0x00,0x00,0x00,
};
#define GUI_TXT_CLEAR_W 52
#define GUI_TXT_CLEAR_H 27

static const uint8_t gui_txt_ncr_label_bits[1140] = {
  0x00,0x00,0x00,0x00,0x00,0x00,0x00,0x00,0x00,0x00,0x00,0x00,0x00,0x00,0x00,0x00,0x00,0x00,0x00,0x00,0x00,0x00,0x00,0x00,
  0x00,0x00,0x00,0x00,0x00,0x00,0x00,0x00,0x00,0x00,0x00,0x00,0x00,0x00,0x00,0x00,0x00,0x00,0x00,0x00,0x00,0x00,0x00,0x00,
  0x00,0x00,0x00,0x00,0x00,0x00,0x00,0x00,0x00,0x00,0x00,0x00,0x00,0x00,0x00,0x00,0x00,0x00,0x00,0x00,0x00,0x00,0x00,0x00,
  0x00,0x00,0x00,0x00,0x00,0x00,0x00,0x16,0x00,0x00,0x00,0x00,0x00,0x00,0x00,0x00,0x00,0x00,0x00,0x00,0x00,0x00,0x00,0x00,
  0x00,0x00,0x00,0x00,0x00,0x00,0x03,0x85,0x00,0x00,0x00,0x00,0x00,0x00,0x00,0x00,0x00,0x00,0x00,0x00,0x02,0xdf,0x60,0x00,
  0x00,0x01,0x11,0x11,0x11,0x11,0x11,0x10,0x00,0x00,0x05,0xdd,0xdd,0xdd,0xdd,0xdd,0xc0,0x00,0x00,0x00,0x07,0xfa,0x00,0x00,
  0x00,0x00,0x00,0x00,0x00,0x00,0x00,0x00,0x00,0x00,0x00,0xaf,0xe3,0x00,0x00,0x6f,0xff,0xff,0xff,0xff,0xff,0xc0,0x00,0x00,
  0x05,0xff,0xff,0xff,0xff,0xff,0xe0,0x00,0x00,0x00,0x07,0xfa,0x00,0x00,0x00,0x00,0x00,0x00,0x00,0x00,0x00,0x00,0x00,0x00,
  0x00,0x1d,0xfb,0x00,0x00,0x6f,0xec,0xcc,0xcc,0xcc,0xdf,0xc0,0x00,0x00,0x05,0xfc,0x33,0x33,0x33,0x5f,0xe0,0x00,0x3a,0x90,
  0x07,0xfa,0x00,0x00,0x00,0x00,0x00,0x00,0x00,0x00,0x00,0x00,0x00,0x00,0x00,0x05,0xff,0x50,0x00,0x6f,0xb0,0x00,0x00,0x00,
  0x5f,0xc0,0x00,0x00,0x05,0xfc,0x00,0x00,0x00,0x3f,0xe0,0x00,0x4f,0xd0,0x07,0xfa,0x00,0x00,0x00,0x00,0x00,0x00,0x00,0x00,
  0x00,0x00,0x00,0x00,0x00,0x00,0xb9,0x10,0x00,0x6f,0xb0,0x00,0x00,0x00,0x5f,0xc0,0x00,0x00,0x05,0xfc,0x00,0x00,0x00,0x3f,
  0xe0,0x00,0x4f,0xd0,0x07,0xfa,0x00,0x00,0x00,0x00,0x00,0x00,0x00,0x00,0x00,0x00,0x00,0x00,0x00,0x00,0x00,0x00,0x00,0x6f,
  0xb0,0x00,0x00,0x00,0x5f,0xc0,0x00,0x00,0x05,0xfc,0x00,0x00,0x00,0x3f,0xe0,0x00,0x4f,0xd0,0x07,0xfa,0x00,0x00,0x00,0x00,
  0x00,0x00,0x00,0x00,0x00,0x00,0x00,0x00,0x00,0x00,0x00,0x00,0x00,0x6f,0xb0,0x00,0x00,0x00,0x5f,0xc0,0x00,0x00,0x05,0xfc,
  0x44,0x44,0x44,0x6f,0xe0,0x00,0x4f,0xd0,0x07,0xfa,0x00,0x00,0x00,0x00,0x00,0x00,0x00,0x00,0x00,0x00,0x00,0x04,0x88,0x88,
  0x82,0x00,0x00,0x6f,0xb0,0x00,0x00,0x00,0x5f,0xc0,0x00,0x00,0x05,0xff,0xff,0xff,0xff,0xff,0xe0,0x00,0x4f,0xd0,0x07,0xfa,
  0x00,0x00,0x6e,0xc1,0x00,0x00,0x00,0x00,0x00,0x00,0x00,0x08,0xff,0xff,0xf4,0x00,0x00,0x6f,0xb0,0x00,0x00,0x00,0x5f,0xc0,
  0x00,0x00,0x04,0xbb,0xbb,0xbb,0xbb,0xbb,0xb0,0x00,0x4f,0xd0,0x07,0xfa,0x00,0x00,0xdf,0xf6,0x00,0x00,0x00,0x00,0x00,0x00,
  0x00,0x03,0x66,0x6c,0xf4,0x00,0x00,0x6f,0xb0,0x00,0x00,0x00,0x5f,0xc0,0x00,0x00,0x00,0x00,0x03,0x30,0x00,0x00,0x00,0x00,
  0x4f,0xd0,0x07,0xfa,0x00,0x00,0xdf,0xf6,0x00,0x00,0x00,0x00,0x00,0x00,0x00,0x00,0x00,0x0b,0xf4,0x00,0x00,0x6f,0xb0,0x00,
  0x00,0x00,0x5f,0xc0,0x00,0x00,0x00,0x00,0x1f,0xf0,0x00,0x00,0x00,0x00,0x4f,0xd0,0x07,0xfa,0x00,0x00,0x6e,0xc1,0x00,0x00,
  0x00,0x00,0x00,0x00,0x00,0x00,0x00,0x0b,0xf4,0x00,0x00,0x6f,0xb0,0x00,0x00,0x00,0x5f,0xc0,0x00,0x00,0x00,0x00,0x1f,0xe0,
  0x00,0x00,0x00,0x00,0x4f,0xd0,0x07,0xfa,0x00,0x00,0x00,0x00,0x00,0x00,0x00,0x00,0x00,0x00,0x00,0x00,0x00,0x0b,0xf4,0x00,
  0x00,0x6f,0xee,0xee,0xee,0xee,0xef,0xc0,0x00,0x00,0x7b,0xbb,0xbf,0xeb,0xbb,0xbb,0xb4,0x00,0x4f,0xd0,0x07,0xfa,0x00,0x00,
  0x00,0x00,0x00,0x00,0x00,0x00,0x00,0x00,0x00,0x00,0x00,0x0b,0xf4,0x00,0x00,0x6f,0xff,0xff,0xff,0xff,0xff,0xc0,0x00,0x00,
  0xaf,0xff,0xff,0xff,0xff,0xff,0xf6,0x00,0x4f,0xd0,0x07,0xfa,0x00,0x00,0x00,0x00,0x00,0x00,0x00,0x00,0x00,0x00,0x00,0x00,
  0x00,0x0b,0xf4,0x00,0x00,0x00,0x00,0x00,0x00,0x00,0x00,0x00,0x00,0x00,0x23,0x33,0x6f,0xd3,0x33,0x3d,0xf6,0x00,0x4f,0xd0,
  0x07,0xfa,0x00,0x00,0x00,0x00,0x00,0x00,0x00,0x00,0x00,0x00,0x00,0x00,0x00,0x0b,0xf4,0x00,0x00,0x00,0x00,0x00,0x00,0x01,
  0x00,0x00,0x00,0x00,0x00,0x00,0x5f,0xb0,0x00,0x0d,0xf5,0x00,0x4f,0xd0,0x07,0xfa,0x00,0x00,0x00,0x00,0x00,0x00,0x00,0x00,
  0x00,0x00,0x00,0x00,0x00,0x0b,0xf4,0x00,0x00,0x00,0x1e,0x80,0x00,0x8e,0x30,0x00,0x00,0x00,0x00,0x00,0x8f,0x90,0x00,0x0d,
  0xf5,0x00,0x4f,0xd0,0x07,0xfa,0x00,0x00,0x00,0x00,0x00,0x00,0x00,0x00,0x00,0x00,0x00,0x00,0x00,0x0b,0xf4,0x02,0x00,0x00,
  0xaf,0xd0,0x00,0xaf,0xd1,0x00,0x00,0x00,0x00,0x00,0xcf,0x60,0x00,0x0e,0xf4,0x00,0x4f,0xd0,0x07,0xfa,0x00,0x00,0x00,0x00,
  0x00,0x00,0x00,0x00,0x00,0x00,0x00,0x00,0x00,0x0b,0xf4,0x3e,0x80,0x04,0xff,0x40,0x00,0x1d,0xfa,0x00,0x00,0x00,0x00,0x02,
  0xff,0x20,0x00,0x0e,0xf4,0x00,0x02,0x20,0x07,0xfa,0x00,0x00,0x6e,0xc1,0x00,0x00,0x00,0x00,0x00,0x00,0x00,0x00,0x00,0x0b,
  0xf7,0xdf,0x80,0x1d,0xfa,0x00,0x00,0x04,0xff,0x50,0x00,0x00,0x00,0x0a,0xfc,0x00,0x00,0x0f,0xf3,0x00,0x00,0x00,0x07,0xfa,
  0x00,0x00,0xdf,0xf6,0x00,0x00,0x00,0x00,0x00,0x00,0x00,0x00,0x00,0x0b,0xfe,0xfa,0x00,0xbf,0xd1,0x00,0x00,0x00,0x9f,0xd0,
  0x00,0x00,0x00,0x5f,0xf5,0x00,0x00,0x2f,0xf1,0x00,0x00,0x00,0x07,0xfa,0x00,0x00,0xdf,0xf6,0x00,0x00,0x00,0x00,0x00,0x00,
  0x00,0x00,0x00,0x0a,0xff,0xa0,0x08,0xfe,0x40,0x00,0x00,0x00,0x1e,0xf8,0x00,0x00,0x04,0xef,0xa0,0x10,0x00,0x7f,0xe0,0x00,
  0x00,0x00,0x07,0xfa,0x00,0x00,0x6e,0xc1,0x00,0x00,0x00,0x00,0x00,0x00,0x00,0x00,0x00,0x00,0xb8,0x00,0x7f,0xf8,0x00,0x00,
  0x00,0x00,0x07,0xfe,0x10,0x00,0x7e,0xfc,0x00,0x4e,0xee,0xff,0xb0,0x00,0x0d,0xb9,0x8d,0xf9,0x00,0x00,0x00,0x00,0x00,0x00,
  0x00,0x00,0x00,0x00,0x00,0x00,0x00,0x00,0x00,0x00,0x5e,0xa0,0x00,0x00,0x00,0x00,0x00,0xed,0x20,0x00,0x9f,0xb0,0x00,0x0e,
  0xff,0xfc,0x20,0x00,0x0b,0xff,0xff,0xf5,0x00,0x00,0x00,0x00,0x00,0x00,0x00,0x00,0x00,0x00,0x00,0x00,0x00,0x00,0x00,0x00,
  0x03,0x00,0x00,0x00,0x00,0x00,0x00,0x30,0x00,0x00,0x06,0x00,0x00,0x01,0x34,0x20,0x00,0x00,0x01,0x46,0x77,0x30,0x00,0x00,
  0x00,0x00,0x00,0x00,0x00,0x00,0x00,0x00,0x00,0x00,0x00,0x00,0x00,0x00,0x00,0x00,0x00,0x00,0x00,0x00,0x00,0x00,0x00,0x00,
  0x00,0x00,0x00,0x00,0x00,0x00,0x00,0x00,0x00,0x00,0x00,0x00,0x00,0x00,0x00,0x00,0x00,0x00,0x00,0x00,0x00,0x00,0x00,0x00,
  0x00,0x00,0x00,0x00,0x00,0x00,0x00,0x00,0x00,0x00,0x00,0x00,0x00,0x00,0x00,0x00,0x00,0x00,0x00,0x00,0x00,0x00,0x00,0x00,
  0x00,0x00,0x00,0x00,0x00,0x00,0x00,0x00,0x00,0x00,0x00,0x00,
};
#define GUI_TXT_NCR_LABEL_W 76
#define GUI_TXT_NCR_LABEL_H 30

static const uint8_t gui_txt_ncr_none_bits[1320] = {
  0x00,0x00,0x00,0x00,0x00,0x00,0x00,0x00,0x00,0x00,0x00,0x00,0x00,0x00,0x00,0x00,0x00,0x00,0x00,0x00,0x00,0x00,0x00,0x00,
  0x00,0x00,0x00,0x00,0x00,0x00,0x00,0x00,0x00,0x00,0x00,0x00,0x00,0x00,0x00,0x00,0x00,0x00,0x00,0x00,0x00,0x00,0x00,0x00,
  0x00,0x00,0x00,0x00,0x00,0x00,0x00,0x00,0x00,0x00,0x00,0x00,0x00,0x00,0x00,0x00,0x00,0x00,0x00,0x00,0x00,0x00,0x00,0x00,
  0x00,0x00,0x00,0x00,0x00,0x00,0x00,0x00,0x00,0x00,0x00,0x00,0x00,0x00,0x00,0x00,0x00,0x00,0x00,0x16,0x00,0x00,0x00,0x00,
  0x00,0x00,0x00,0x00,0x00,0x00,0x00,0x00,0x00,0x00,0x00,0x00,0x00,0x00,0x00,0x00,0x00,0x00,0x03,0x85,0x00,0x00,0x00,0x00,
  0x00,0x00,0x00,0x00,0x00,0x00,0x00,0x00,0x00,0x00,0x00,0x00,0x00,0x00,0x02,0xdf,0x60,0x00,0x00,0x01,0x11,0x11,0x11,0x11,
  0x11,0x10,0x00,0x00,0x05,0xdd,0xdd,0xdd,0xdd,0xdd,0xc0,0x00,0x00,0x00,0x07,0xfa,0x00,0x00,0x00,0x00,0x00,0x00,0x00,0x00,
  0x00,0x00,0x00,0x00,0x00,0x00,0x00,0x00,0x00,0x00,0x00,0xaf,0xe3,0x00,0x00,0x6f,0xff,0xff,0xff,0xff,0xff,0xc0,0x00,0x00,
  0x05,0xff,0xff,0xff,0xff,0xff,0xe0,0x00,0x00,0x00,0x07,0xfa,0x00,0x00,0x00,0x00,0x00,0x00,0x00,0x00,0x00,0x00,0x00,0x00,
  0x00,0x00,0x00,0x00,0x00,0x00,0x00,0x1d,0xfb,0x00,0x00,0x6f,0xec,0xcc,0xcc,0xcc,0xdf,0xc0,0x00,0x00,0x05,0xfc,0x33,0x33,
  0x33,0x5f,0xe0,0x00,0x3a,0x90,0x07,0xfa,0x00,0x00,0x00,0x00,0x00,0x00,0x00,0x00,0x00,0x06,0xbd,0xed,0xa5,0x00,0x00,0x00,
  0x00,0x00,0x00,0x05,0xff,0x50,0x00,0x6f,0xb0,0x00,0x00,0x00,0x5f,0xc0,0x00,0x00,0x05,0xfc,0x00,0x00,0x00,0x3f,0xe0,0x00,
  0x4f,0xd0,0x07,0xfa,0x00,0x00,0x00,0x00,0x00,0x00,0x00,0x00,0x04,0xef,0xff,0xff,0xff,0x90,0x00,0x00,0x00,0x00,0x00,0x00,
  0xb9,0x10,0x00,0x6f,0xb0,0x00,0x00,0x00,0x5f,0xc0,0x00,0x00,0x05,0xfc,0x00,0x00,0x00,0x3f,0xe0,0x00,0x4f,0xd0,0x07,0xfa,
  0x00,0x00,0x00,0x00,0x00,0x00,0x00,0x00,0x00,0xed,0x74,0x34,0xbf,0xf6,0x00,0x00,0x00,0x00,0x00,0x00,0x00,0x00,0x00,0x6f,
  0xb0,0x00,0x00,0x00,0x5f,0xc0,0x00,0x00,0x05,0xfc,0x00,0x00,0x00,0x3f,0xe0,0x00,0x4f,0xd0,0x07,0xfa,0x00,0x00,0x00,0x00,
  0x00,0x00,0x00,0x00,0x00,0x20,0x00,0x00,0x0b,0xfc,0x00,0x00,0x00,0x00,0x00,0x00,0x00,0x00,0x00,0x6f,0xb0,0x00,0x00,0x00,
  0x5f,0xc0,0x00,0x00,0x05,0xfc,0x44,0x44,0x44,0x6f,0xe0,0x00,0x4f,0xd0,0x07,0xfa,0x00,0x00,0x00,0x00,0x00,0x00,0x00,0x00,
  0x00,0x00,0x00,0x00,0x06,0xfe,0x00,0x00,0x00,0x04,0x88,0x88,0x82,0x00,0x00,0x6f,0xb0,0x00,0x00,0x00,0x5f,0xc0,0x00,0x00,
  0x05,0xff,0xff,0xff,0xff,0xff,0xe0,0x00,0x4f,0xd0,0x07,0xfa,0x00,0x00,0x6e,0xc1,0x00,0x00,0x00,0x00,0x00,0x00,0x00,0x00,
  0x06,0xfd,0x00,0x00,0x00,0x08,0xff,0xff,0xf4,0x00,0x00,0x6f,0xb0,0x00,0x00,0x00,0x5f,0xc0,0x00,0x00,0x04,0xbb,0xbb,0xbb,
  0xbb,0xbb,0xb0,0x00,0x4f,0xd0,0x07,0xfa,0x00,0x00,0xdf,0xf6,0x00,0x00,0x00,0x00,0x00,0x00,0x00,0x00,0x0a,0xfb,0x00,0x00,
  0x00,0x03,0x66,0x6c,0xf4,0x00,0x00,0x6f,0xb0,0x00,0x00,0x00,0x5f,0xc0,0x00,0x00,0x00,0x00,0x03,0x30,0x00,0x00,0x00,0x00,
  0x4f,0xd0,0x07,0xfa,0x00,0x00,0xdf,0xf6,0x00,0x00,0x00,0x00,0x00,0x00,0x00,0x00,0x4e,0xf5,0x00,0x00,0x00,0x00,0x00,0x0b,
  0xf4,0x00,0x00,0x6f,0xb0,0x00,0x00,0x00,0x5f,0xc0,0x00,0x00,0x00,0x00,0x1f,0xf0,0x00,0x00,0x00,0x00,0x4f,0xd0,0x07,0xfa,
  0x00,0x00,0x6e,0xc1,0x00,0x00,0x00,0x00,0x00,0x00,0x00,0x05,0xef,0x90,0x00,0x00,0x00,0x00,0x00,0x0b,0xf4,0x00,0x00,0x6f,
  0xb0,0x00,0x00,0x00,0x5f,0xc0,0x00,0x00,0x00,0x00,0x1f,0xe0,0x00,0x00,0x00,0x00,0x4f,0xd0,0x07,0xfa,0x00,0x00,0x00,0x00,
  0x00,0x00,0x00,0x00,0x00,0x00,0x00,0x6e,0xf9,0x00,0x00,0x00,0x00,0x00,0x00,0x0b,0xf4,0x00,0x00,0x6f,0xee,0xee,0xee,0xee,
  0xef,0xc0,0x00,0x00,0x7b,0xbb,0xbf,0xeb,0xbb,0xbb,0xb4,0x00,0x4f,0xd0,0x07,0xfa,0x00,0x00,0x00,0x00,0x00,0x00,0x00,0x00,
  0x00,0x00,0x04,0xff,0x80,0x00,0x00,0x00,0x00,0x00,0x00,0x0b,0xf4,0x00,0x00,0x6f,0xff,0xff,0xff,0xff,0xff,0xc0,0x00,0x00,
  0xaf,0xff,0xff,0xff,0xff,0xff,0xf6,0x00,0x4f,0xd0,0x07,0xfa,0x00,0x00,0x00,0x00,0x00,0x00,0x00,0x00,0x00,0x00,0x0c,0xf8,
  0x00,0x00,0x00,0x00,0x00,0x00,0x00,0x0b,0xf4,0x00,0x00,0x00,0x00,0x00,0x00,0x00,0x00,0x00,0x00,0x00,0x23,0x33,0x6f,0xd3,
  0x33,0x3d,0xf6,0x00,0x4f,0xd0,0x07,0xfa,0x00,0x00,0x00,0x00,0x00,0x00,0x00,0x00,0x00,0x00,0x1f,0xe0,0x00,0x00,0x00,0x00,
  0x00,0x00,0x00,0x0b,0xf4,0x00,0x00,0x00,0x00,0x00,0x00,0x01,0x00,0x00,0x00,0x00,0x00,0x00,0x5f,0xb0,0x00,0x0d,0xf5,0x00,
  0x4f,0xd0,0x07,0xfa,0x00,0x00,0x00,0x00,0x00,0x00,0x00,0x00,0x00,0x00,0x2f,0xb0,0x00,0x00,0x00,0x00,0x00,0x00,0x00,0x0b,
  0xf4,0x00,0x00,0x00,0x1e,0x80,0x00,0x8e,0x30,0x00,0x00,0x00,0x00,0x00,0x8f,0x90,0x00,0x0d,0xf5,0x00,0x4f,0xd0,0x07,0xfa,
  0x00,0x00,0x00,0x00,0x00,0x00,0x00,0x00,0x00,0x00,0x00,0x00,0x00,0x00,0x00,0x00,0x00,0x00,0x00,0x0b,0xf4,0x02,0x00,0x00,
  0xaf,0xd0,0x00,0xaf,0xd1,0x00,0x00,0x00,0x00,0x00,0xcf,0x60,0x00,0x0e,0xf4,0x00,0x4f,0xd0,0x07,0xfa,0x00,0x00,0x00,0x00,
  0x00,0x00,0x00,0x00,0x00,0x00,0x00,0x00,0x00,0x00,0x00,0x00,0x00,0x00,0x00,0x0b,0xf4,0x3e,0x80,0x04,0xff,0x40,0x00,0x1d,
  0xfa,0x00,0x00,0x00,0x00,0x02,0xff,0x20,0x00,0x0e,0xf4,0x00,0x02,0x20,0x07,0xfa,0x00,0x00,0x6e,0xc1,0x00,0x00,0x00,0x00,
  0x00,0x00,0x4d,0xd2,0x00,0x00,0x00,0x00,0x00,0x00,0x00,0x0b,0xf7,0xdf,0x80,0x1d,0xfa,0x00,0x00,0x04,0xff,0x50,0x00,0x00,
  0x00,0x0a,0xfc,0x00,0x00,0x0f,0xf3,0x00,0x00,0x00,0x07,0xfa,0x00,0x00,0xdf,0xf6,0x00,0x00,0x00,0x00,0x00,0x00,0xbf,0xf8,
  0x00,0x00,0x00,0x00,0x00,0x00,0x00,0x0b,0xfe,0xfa,0x00,0xbf,0xd1,0x00,0x00,0x00,0x9f,0xd0,0x00,0x00,0x00,0x5f,0xf5,0x00,
  0x00,0x2f,0xf1,0x00,0x00,0x00,0x07,0xfa,0x00,0x00,0xdf,0xf6,0x00,0x00,0x00,0x00,0x00,0x00,0xbf,0xf8,0x00,0x00,0x00,0x00,
  0x00,0x00,0x00,0x0a,0xff,0xa0,0x08,0xfe,0x40,0x00,0x00,0x00,0x1e,0xf8,0x00,0x00,0x04,0xef,0xa0,0x10,0x00,0x7f,0xe0,0x00,
  0x00,0x00,0x07,0xfa,0x00,0x00,0x6e,0xc1,0x00,0x00,0x00,0x00,0x00,0x00,0x4d,0xd2,0x00,0x00,0x00,0x00,0x00,0x00,0x00,0x00,
  0xb8,0x00,0x7f,0xf8,0x00,0x00,0x00,0x00,0x07,0xfe,0x10,0x00,0x7e,0xfc,0x00,0x4e,0xee,0xff,0xb0,0x00,0x0d,0xb9,0x8d,0xf9,
  0x00,0x00,0x00,0x00,0x00,0x00,0x00,0x00,0x00,0x00,0x00,0x00,0x00,0x00,0x00,0x00,0x00,0x00,0x00,0x00,0x00,0x00,0x5e,0xa0,
  0x00,0x00,0x00,0x00,0x00,0xed,0x20,0x00,0x9f,0xb0,0x00,0x0e,0xff,0xfc,0x20,0x00,0x0b,0xff,0xff,0xf5,0x00,0x00,0x00,0x00,
  0x00,0x00,0x00,0x00,0x00,0x00,0x00,0x00,0x00,0x00,0x00,0x00,0x00,0x00,0x00,0x00,0x00,0x00,0x03,0x00,0x00,0x00,0x00,0x00,
  0x00,0x30,0x00,0x00,0x06,0x00,0x00,0x01,0x34,0x20,0x00,0x00,0x01,0x46,0x77,0x30,0x00,0x00,0x00,0x00,0x00,0x00,0x00,0x00,
  0x00,0x00,0x00,0x00,0x00,0x00,0x00,0x00,0x00,0x00,0x00,0x00,0x00,0x00,0x00,0x00,0x00,0x00,0x00,0x00,0x00,0x00,0x00,0x00,
  0x00,0x00,0x00,0x00,0x00,0x00,0x00,0x00,0x00,0x00,0x00,0x00,0x00,0x00,0x00,0x00,0x00,0x00,0x00,0x00,0x00,0x00,0x00,0x00,
  0x00,0x00,0x00,0x00,0x00,0x00,0x00,0x00,0x00,0x00,0x00,0x00,0x00,0x00,0x00,0x00,0x00,0x00,0x00,0x00,0x00,0x00,0x00,0x00,
  0x00,0x00,0x00,0x00,0x00,0x00,0x00,0x00,0x00,0x00,0x00,0x00,0x00,0x00,0x00,0x00,0x00,0x00,0x00,0x00,0x00,0x00,0x00,0x00,
};
#define GUI_TXT_NCR_NONE_W 88
#define GUI_TXT_NCR_NONE_H 30

static const uint8_t gui_txt_led_red_bits[900] = {
  0x00,0x00,0x00,0x00,0x00,0x00,0x00,0x00,0x00,0x00,0x00,0x00,0x00,0x00,0x00,0x00,0x00,0x00,0x00,0x00,0x00,0x00,0x00,0x00,
  0x00,0x00,0x00,0x00,0x00,0x00,0x00,0x00,0x00,0x00,0x00,0x00,0x00,0x00,0x00,0x00,0x00,0x00,0x00,0x00,0x00,0x00,0x00,0x00,
  0x00,0x00,0x00,0x00,0x00,0x00,0x00,0x00,0x00,0x00,0x00,0x00,0x00,0x00,0x00,0x00,0x72,0x00,0x00,0x00,0x00,0x00,0x00,0x00,
  0x00,0x00,0x00,0x00,0x00,0x00,0x69,0x40,0x00,0x00,0x00,0x00,0x00,0x00,0x00,0x00,0x00,0x00,0x00,0x00,0x00,0x05,0xfd,0x00,
  0x00,0x11,0x11,0x11,0x11,0x11,0x11,0x11,0x00,0x00,0x00,0x00,0x9f,0x60,0x00,0x36,0x66,0x66,0x66,0x66,0x66,0x66,0x30,0x00,
  0x00,0x00,0x00,0x0b,0xf8,0x00,0x00,0xbf,0xff,0xff,0xff,0xff,0xff,0xff,0x00,0x00,0x00,0x00,0x9f,0x60,0x00,0x8f,0xff,0xff,
  0xff,0xff,0xff,0xff,0x80,0x00,0x00,0x00,0x00,0x2e,0xe2,0x00,0x00,0xae,0xee,0xee,0xff,0xee,0xee,0xee,0x00,0x00,0x00,0x00,
  0x9f,0x60,0x00,0x59,0x99,0x99,0x9a,0xfe,0x99,0x99,0x50,0x00,0x00,0x00,0x00,0x8f,0xa0,0x01,0x00,0x00,0x00,0x00,0xff,0x10,
  0x00,0x00,0x00,0x00,0x00,0x00,0x9f,0x60,0x07,0x20,0x00,0x00,0x03,0xfe,0x00,0x00,0x00,0x00,0x00,0x00,0x01,0xee,0x30,0x2e,
  0xb1,0x00,0x00,0x00,0xff,0x10,0x00,0x00,0x00,0x00,0x19,0x50,0x9f,0x60,0x6f,0xe1,0x00,0x00,0x03,0xfe,0x00,0x00,0x00,0x00,
  0x00,0x00,0x09,0xf9,0x00,0x9f,0xb0,0x00,0x00,0x00,0xff,0x10,0x00,0x00,0x00,0x00,0x3f,0xe0,0x9f,0x65,0xef,0x70,0x00,0x00,
  0x03,0xfe,0x00,0x00,0x00,0x00,0x00,0x00,0x4f,0xd1,0x02,0xef,0x30,0x00,0x00,0x00,0xff,0x10,0x00,0x00,0x00,0x00,0x5f,0xc0,
  0x9f,0xbe,0xf9,0x00,0x00,0x00,0x03,0xfe,0x00,0x00,0x00,0x00,0x00,0x00,0xdf,0xa8,0x9d,0xfa,0x00,0x00,0x00,0x00,0xff,0x10,
  0x00,0x00,0x00,0x00,0x8f,0x90,0x9f,0xff,0x80,0x00,0x00,0x00,0x03,0xfe,0x00,0x00,0x00,0x00,0x00,0x00,0xef,0xff,0xff,0xe2,
  0x00,0x00,0x00,0x00,0xff,0x10,0x00,0x00,0x00,0x00,0xcf,0x60,0x9f,0xe5,0x00,0x00,0x00,0x00,0x03,0xfe,0x00,0x00,0x00,0x00,
  0x00,0x00,0x88,0x54,0xef,0x80,0x00,0x00,0x00,0x00,0xff,0x10,0x00,0x00,0x00,0x01,0xff,0x30,0x9f,0x60,0x00,0x00,0x00,0x00,
  0x03,0xfe,0x00,0x00,0x00,0x00,0x00,0x00,0x00,0x0a,0xfc,0x00,0x00,0x00,0x00,0x00,0xff,0x10,0x00,0x00,0x00,0x06,0xfd,0x00,
  0x9f,0x60,0x00,0x00,0x00,0x00,0x03,0xfe,0x00,0x00,0x00,0x00,0x00,0x00,0x00,0x6f,0xe3,0x00,0x00,0x00,0x00,0x00,0xff,0x10,
  0x00,0x00,0x00,0x0c,0xf8,0x00,0xaf,0x50,0x00,0x00,0x00,0x00,0x03,0xfe,0x00,0x00,0x00,0x00,0x00,0x00,0x03,0xef,0x60,0x00,
  0x00,0x00,0x00,0x00,0xff,0x10,0x00,0x00,0x00,0x03,0xc3,0x00,0xbf,0x40,0x00,0x00,0x00,0x00,0x03,0xfe,0x00,0x00,0x00,0x00,
  0x00,0x00,0x1d,0xf9,0x26,0xae,0x40,0x00,0x00,0x00,0xff,0x10,0x00,0x00,0x00,0x00,0x00,0x00,0xdf,0x30,0x00,0x00,0x00,0x00,
  0x03,0xfe,0x00,0x00,0x00,0x00,0x00,0x01,0xdf,0xfd,0xff,0xfd,0x50,0x00,0x00,0x00,0xff,0x10,0x00,0x00,0x00,0x00,0x00,0x01,
  0xef,0x80,0x00,0x00,0x00,0x00,0x03,0xfe,0x00,0x00,0x00,0x00,0x00,0x02,0xff,0xff,0xc8,0x30,0x00,0x00,0x00,0x00,0xff,0x10,
  0x00,0x00,0x00,0x00,0x00,0x04,0xff,0xf6,0x00,0x00,0x00,0x00,0x03,0xfe,0x00,0x00,0x00,0x00,0x00,0x00,0x87,0x41,0x00,0x00,
  0x00,0x00,0x00,0x00,0xff,0x10,0x00,0x00,0x00,0x00,0x00,0x09,0xfd,0xfe,0x50,0x00,0x00,0x00,0x03,0xfe,0x00,0x00,0x00,0x00,
  0x00,0x00,0x00,0x00,0x00,0x00,0x10,0x00,0x00,0x00,0xff,0x10,0x00,0x00,0x00,0x00,0x00,0x1e,0xf3,0xaf,0xe3,0x00,0x00,0x00,
  0x03,0xfe,0x00,0x00,0x00,0x00,0x00,0x00,0x00,0x00,0x26,0xae,0xb0,0x00,0x00,0x00,0xff,0x10,0x00,0x00,0x00,0x00,0x00,0x7f,
  0xd0,0x1d,0xfd,0x10,0x00,0x00,0x03,0xfe,0x00,0x00,0x00,0x00,0x00,0x01,0x47,0xae,0xff,0xff,0xc0,0x00,0x00,0x00,0xff,0x10,
  0x00,0x00,0x00,0x00,0x01,0xef,0x60,0x03,0xef,0x90,0x00,0x00,0x03,0xfe,0x00,0x00,0x00,0x00,0x00,0x05,0xff,0xff,0xfc,0x73,
  0x00,0x00,0x00,0x00,0xff,0x10,0x00,0x00,0x00,0x00,0x0b,0xfd,0x00,0x00,0x8e,0x20,0x00,0x00,0x03,0xfe,0x00,0x00,0x00,0x00,
  0x00,0x00,0xed,0x96,0x20,0x00,0x05,0x66,0x66,0x67,0xff,0x76,0x66,0x66,0x30,0x00,0x8f,0xf5,0x00,0x00,0x04,0x00,0x00,0x00,
  0x04,0xfe,0x00,0x00,0x00,0x00,0x00,0x00,0x10,0x00,0x00,0x00,0x0c,0xff,0xff,0xff,0xff,0xff,0xff,0xff,0x80,0x06,0xff,0x90,
  0x00,0x00,0x00,0x00,0x00,0xed,0xce,0xfc,0x00,0x00,0x00,0x00,0x00,0x00,0x00,0x00,0x00,0x00,0x08,0x99,0x99,0x99,0x99,0x99,
  0x99,0x99,0x50,0x04,0xeb,0x00,0x00,0x00,0x00,0x00,0x00,0xcf,0xff,0xf6,0x00,0x00,0x00,0x00,0x00,0x00,0x00,0x00,0x00,0x00,
  0x00,0x00,0x00,0x00,0x00,0x00,0x00,0x00,0x00,0x00,0x10,0x00,0x00,0x00,0x00,0x00,0x00,0x24,0x55,0x20,0x00,0x00,0x00,0x00,
  0x00,0x00,0x00,0x00,0x00,0x00,0x00,0x00,0x00,0x00,0x00,0x00,0x00,0x00,0x00,0x00,0x00,0x00,0x00,0x00,0x00,0x00,0x00,0x00,
  0x00,0x00,0x00,0x00,0x00,0x00,0x00,0x00,0x00,0x00,0x00,0x00,0x00,0x00,0x00,0x00,0x00,0x00,0x00,0x00,0x00,0x00,0x00,0x00,
  0x00,0x00,0x00,0x00,0x00,0x00,0x00,0x00,0x00,0x00,0x00,0x00,
};
#define GUI_TXT_LED_RED_W 60
#define GUI_TXT_LED_RED_H 30

static const uint8_t gui_txt_led_green_bits[900] = {
  0x00,0x00,0x00,0x00,0x00,0x00,0x00,0x00,0x00,0x00,0x00,0x00,0x00,0x00,0x00,0x00,0x00,0x00,0x00,0x00,0x00,0x00,0x00,0x00,
  0x00,0x00,0x00,0x00,0x00,0x00,0x00,0x00,0x00,0x00,0x00,0x00,0x00,0x00,0x00,0x00,0x00,0x00,0x00,0x00,0x00,0x00,0x00,0x00,
  0x00,0x00,0x00,0x00,0x00,0x00,0x00,0x00,0x00,0x00,0x00,0x00,0x00,0x00,0x00,0x00,0x72,0x00,0x00,0x00,0x00,0x00,0x00,0x00,
  0x00,0x00,0x00,0x00,0x00,0x00,0x69,0x40,0x00,0x00,0x00,0x00,0x00,0x00,0x00,0x00,0x00,0x00,0x00,0x00,0x00,0x05,0xfd,0x00,
  0x00,0x06,0x66,0x66,0x66,0x66,0x64,0x00,0x00,0x00,0x00,0x00,0x9f,0x60,0x00,0x36,0x66,0x66,0x66,0x66,0x66,0x66,0x30,0x00,
  0x00,0x00,0x00,0x0b,0xf8,0x00,0x00,0x0e,0xff,0xff,0xff,0xff,0xfb,0x00,0x00,0x00,0x00,0x00,0x9f,0x60,0x00,0x8f,0xff,0xff,
  0xff,0xff,0xff,0xff,0x80,0x00,0x00,0x00,0x00,0x2e,0xe2,0x00,0x00,0x07,0x88,0x88,0x88,0x8a,0xfb,0x00,0x00,0x00,0x00,0x00,
  0x9f,0x60,0x00,0x59,0x99,0x99,0x9a,0xfe,0x99,0x99,0x50,0x00,0x00,0x00,0x00,0x8f,0xa0,0x01,0x00,0x00,0x00,0x00,0x00,0x05,
  0xfb,0x00,0x00,0x00,0x00,0x00,0x9f,0x60,0x07,0x20,0x00,0x00,0x03,0xfe,0x00,0x00,0x00,0x00,0x00,0x00,0x01,0xee,0x30,0x2e,
  0xb1,0x01,0x22,0x22,0x22,0x26,0xfb,0x00,0x00,0x00,0x19,0x50,0x9f,0x60,0x6f,0xe1,0x00,0x00,0x03,0xfe,0x00,0x00,0x00,0x00,
  0x00,0x00,0x09,0xf9,0x00,0x9f,0xb0,0x0b,0xff,0xff,0xff,0xff,0xfb,0x00,0x00,0x00,0x3f,0xe0,0x9f,0x65,0xef,0x70,0x00,0x00,
  0x03,0xfe,0x00,0x00,0x00,0x00,0x00,0x00,0x4f,0xd1,0x02,0xef,0x30,0x07,0xaa,0xaa,0xaa,0xab,0xfb,0x00,0x00,0x00,0x5f,0xc0,
  0x9f,0xbe,0xf9,0x00,0x00,0x00,0x03,0xfe,0x00,0x00,0x00,0x00,0x00,0x00,0xdf,0xa8,0x9d,0xfa,0x00,0x00,0x00,0x00,0x00,0x05,
  0xfb,0x00,0x00,0x00,0x8f,0x90,0x9f,0xff,0x80,0x00,0x00,0x00,0x03,0xfe,0x00,0x00,0x00,0x00,0x00,0x00,0xef,0xff,0xff,0xe2,
  0x00,0x00,0x00,0x00,0x00,0x05,0xfb,0x00,0x00,0x00,0xcf,0x60,0x9f,0xe5,0x00,0x00,0x00,0x00,0x03,0xfe,0x00,0x00,0x00,0x00,
  0x00,0x00,0x88,0x54,0xef,0x80,0x2f,0xff,0xff,0xff,0xff,0xff,0xff,0xff,0x80,0x01,0xff,0x30,0x9f,0x60,0x00,0x00,0x00,0x00,
  0x03,0xfe,0x00,0x00,0x00,0x00,0x00,0x00,0x00,0x0a,0xfc,0x00,0x2e,0xee,0xee,0xee,0xfe,0xee,0xee,0xee,0x80,0x06,0xfd,0x00,
  0x9f,0x60,0x00,0x00,0x00,0x00,0x03,0xfe,0x00,0x00,0x00,0x00,0x00,0x00,0x00,0x6f,0xe3,0x00,0x00,0x00,0x00,0x02,0xfd,0x00,
  0x00,0x00,0x00,0x0c,0xf8,0x00,0xaf,0x50,0x00,0x00,0x00,0x00,0x03,0xfe,0x00,0x00,0x00,0x00,0x00,0x00,0x03,0xef,0x60,0x00,
  0x00,0x3b,0x10,0x02,0xfd,0x00,0x0a,0x70,0x00,0x03,0xc3,0x00,0xbf,0x40,0x00,0x00,0x00,0x00,0x03,0xfe,0x00,0x00,0x00,0x00,
  0x00,0x00,0x1d,0xf9,0x26,0xae,0x40,0xcf,0xd2,0x02,0xfe,0x00,0x4f,0xf4,0x00,0x00,0x00,0x00,0xdf,0x30,0x00,0x00,0x00,0x00,
  0x03,0xfe,0x00,0x00,0x00,0x00,0x00,0x01,0xdf,0xfd,0xff,0xfd,0x50,0x1c,0xfd,0x12,0xff,0x81,0xdf,0x90,0x00,0x00,0x00,0x01,
  0xef,0x80,0x00,0x00,0x00,0x00,0x03,0xfe,0x00,0x00,0x00,0x00,0x00,0x02,0xff,0xff,0xc8,0x30,0x00,0x01,0xdb,0x12,0xff,0xec,
  0xfd,0x10,0x00,0x00,0x00,0x04,0xff,0xf6,0x00,0x00,0x00,0x00,0x03,0xfe,0x00,0x00,0x00,0x00,0x00,0x00,0x87,0x41,0x00,0x00,
  0x00,0x00,0x30,0x2b,0xff,0xff,0xe2,0x00,0x00,0x00,0x00,0x09,0xfd,0xfe,0x50,0x00,0x00,0x00,0x03,0xfe,0x00,0x00,0x00,0x00,
  0x00,0x00,0x00,0x00,0x00,0x00,0x10,0x00,0x06,0xef,0xfd,0xaf,0xc0,0x00,0x00,0x00,0x00,0x1e,0xf3,0xaf,0xe3,0x00,0x00,0x00,
  0x03,0xfe,0x00,0x00,0x00,0x00,0x00,0x00,0x00,0x00,0x26,0xae,0xb0,0x03,0xbf,0xea,0xfd,0x1d,0xfb,0x00,0x00,0x00,0x00,0x7f,
  0xd0,0x1d,0xfd,0x10,0x00,0x00,0x03,0xfe,0x00,0x00,0x00,0x00,0x00,0x01,0x47,0xae,0xff,0xff,0xc2,0x9e,0xfe,0x42,0xfd,0x03,
  0xef,0xc2,0x00,0x00,0x01,0xef,0x60,0x03,0xef,0x90,0x00,0x00,0x03,0xfe,0x00,0x00,0x00,0x00,0x00,0x05,0xff,0xff,0xfc,0x73,
  0x0e,0xff,0xb2,0x02,0xfd,0x00,0x3e,0xfe,0x80,0x00,0x0b,0xfd,0x00,0x00,0x8e,0x20,0x00,0x00,0x03,0xfe,0x00,0x00,0x00,0x00,
  0x00,0x00,0xed,0x96,0x20,0x00,0x0a,0xe6,0x00,0x03,0xfd,0x00,0x02,0xdf,0x90,0x00,0x8f,0xf5,0x00,0x00,0x04,0x00,0x00,0x00,
  0x04,0xfe,0x00,0x00,0x00,0x00,0x00,0x00,0x10,0x00,0x00,0x00,0x02,0x10,0x19,0x8c,0xfc,0x00,0x00,0x08,0x10,0x06,0xff,0x90,
  0x00,0x00,0x00,0x00,0x00,0xed,0xce,0xfc,0x00,0x00,0x00,0x00,0x00,0x00,0x00,0x00,0x00,0x00,0x00,0x00,0x0e,0xff,0xf7,0x00,
  0x00,0x00,0x00,0x04,0xeb,0x00,0x00,0x00,0x00,0x00,0x00,0xcf,0xff,0xf6,0x00,0x00,0x00,0x00,0x00,0x00,0x00,0x00,0x00,0x00,
  0x00,0x00,0x05,0x77,0x40,0x00,0x00,0x00,0x00,0x00,0x10,0x00,0x00,0x00,0x00,0x00,0x00,0x24,0x55,0x20,0x00,0x00,0x00,0x00,
  0x00,0x00,0x00,0x00,0x00,0x00,0x00,0x00,0x00,0x00,0x00,0x00,0x00,0x00,0x00,0x00,0x00,0x00,0x00,0x00,0x00,0x00,0x00,0x00,
  0x00,0x00,0x00,0x00,0x00,0x00,0x00,0x00,0x00,0x00,0x00,0x00,0x00,0x00,0x00,0x00,0x00,0x00,0x00,0x00,0x00,0x00,0x00,0x00,
  0x00,0x00,0x00,0x00,0x00,0x00,0x00,0x00,0x00,0x00,0x00,0x00,
};
#define GUI_TXT_LED_GREEN_W 60
#define GUI_TXT_LED_GREEN_H 30

static const uint8_t gui_txt_pwm_label_bits[1334] = {
  0x00,0x00,0x00,0x00,0x00,0x00,0x00,0x00,0x00,0x00,0x00,0x00,0x00,0x00,0x00,0x00,0x00,0x00,0x00,0x00,0x00,0x00,0x00,0x00,
  0x00,0x00,0x00,0x00,0x00,0x00,0x00,0x00,0x00,0x00,0x00,0x00,0x00,0x00,0x00,0x00,0x00,0x00,0x00,0x00,0x00,0x00,0x00,0x00,
  0x00,0x00,0x00,0x00,0x00,0x00,0x00,0x00,0x00,0x00,0x00,0x00,0x00,0x00,0x00,0x00,0x00,0x00,0x00,0x00,0x00,0x00,0x00,0x00,
  0x00,0x00,0x00,0x00,0x00,0x00,0x00,0x00,0x00,0x00,0x00,0x00,0x00,0x00,0x00,0x00,0x00,0x00,0x00,0x00,0x00,0x00,0x00,0x00,
  0x00,0x00,0x00,0x00,0x00,0x00,0x00,0x00,0x00,0x00,0x00,0x00,0x00,0x00,0x00,0x00,0x00,0x00,0x00,0x00,0x00,0x00,0x00,0x00,
  0x00,0x00,0x00,0x00,0x00,0x00,0x00,0x00,0x00,0x00,0x00,0x00,0x00,0x00,0x00,0x00,0x00,0x00,0x00,0x00,0x00,0x00,0x00,0x00,
  0x00,0x00,0x00,0x12,0x00,0x00,0x00,0x00,0x00,0x00,0x00,0x00,0x00,0x02,0x10,0x00,0x00,0x00,0x00,0x00,0x00,0x00,0x00,0x00,
  0x00,0x00,0x00,0x00,0x00,0x00,0x00,0x00,0x00,0x00,0x00,0x00,0x00,0x00,0x00,0x00,0x00,0x00,0x00,0x00,0x00,0x00,0x00,0x00,
  0x00,0x00,0x00,0x00,0x00,0x00,0x00,0x00,0x00,0x00,0x00,0x00,0x00,0x9d,0x00,0x00,0x00,0x00,0x00,0x00,0x00,0x00,0x00,0x3f,
  0x80,0x00,0x00,0x00,0x00,0x00,0x5e,0x30,0x00,0x00,0x5e,0x30,0x00,0x00,0x00,0x00,0x00,0x00,0x00,0x00,0x00,0x00,0x00,0x00,
  0x00,0x00,0x00,0x00,0x00,0x00,0x00,0x00,0x00,0x00,0x00,0x00,0x00,0x00,0x00,0x00,0x00,0x00,0x00,0x00,0x00,0x00,0x00,0x9d,
  0x00,0x00,0x00,0x00,0x00,0x03,0x66,0x66,0x66,0x6d,0xe6,0x66,0x66,0x66,0x30,0x00,0x6f,0x30,0x00,0x00,0x5f,0x40,0x00,0x00,
  0x00,0x00,0x00,0x00,0xff,0xfe,0xdb,0x50,0x00,0xaf,0x30,0x00,0x03,0xfe,0x00,0x00,0x08,0xf5,0x00,0xff,0xc0,0x00,0x00,0x00,
  0x6f,0xf6,0x00,0x00,0x00,0x00,0x00,0x00,0x00,0x9d,0x00,0x00,0x00,0x00,0x00,0x07,0xfe,0xee,0xee,0xee,0xee,0xee,0xee,0xef,
  0x70,0x00,0x6f,0x30,0x00,0x00,0x5f,0x40,0x00,0x00,0x00,0x00,0x00,0x00,0xfd,0x77,0x9e,0xf9,0x00,0x5f,0x70,0x00,0x07,0xff,
  0x30,0x00,0x0c,0xf1,0x00,0xfe,0xf2,0x00,0x00,0x00,0xbe,0xf6,0x00,0x00,0x00,0x00,0x00,0x00,0x00,0x9e,0xbb,0xbb,0xbb,0xb9,
  0x00,0x07,0xf0,0x00,0x00,0x00,0x00,0x00,0x00,0x0f,0x70,0x00,0x6f,0x30,0x00,0x00,0x5f,0x40,0x00,0x36,0x00,0x00,0x00,0x00,
  0xfb,0x00,0x01,0xdf,0x20,0x1f,0xb0,0x00,0x0b,0xce,0x70,0x00,0x0e,0xc0,0x00,0xfa,0xf7,0x00,0x00,0x01,0xfa,0xf6,0x00,0x00,
  0x00,0x00,0x00,0x00,0x00,0x9e,0xbb,0xbb,0xbb,0xba,0x00,0x07,0xf0,0x00,0x0a,0x20,0x00,0x92,0x00,0x0f,0x70,0x00,0x6f,0x30,
  0x00,0x00,0x5f,0x40,0x19,0xfe,0x10,0x00,0x00,0x00,0xfb,0x00,0x00,0x7f,0x60,0x0c,0xe0,0x00,0x0e,0x8c,0xb0,0x00,0x4f,0x80,
  0x00,0xf8,0xdd,0x00,0x00,0x07,0xe6,0xf6,0x00,0x00,0x00,0x00,0x00,0x00,0x00,0x9d,0x00,0x00,0x00,0x00,0x00,0x01,0x20,0x03,
  0xce,0x50,0x05,0xee,0x91,0x02,0x10,0x00,0x6f,0x75,0x55,0x50,0x5f,0x69,0xef,0xa2,0x00,0x00,0x00,0x00,0xfb,0x00,0x00,0x6f,
  0x70,0x08,0xf4,0x00,0x4f,0x48,0xe1,0x00,0x7f,0x40,0x00,0xf8,0x7f,0x30,0x00,0x0c,0xb5,0xf6,0x00,0x00,0x00,0x00,0x00,0x00,
  0x00,0x9d,0x00,0x00,0x00,0x00,0x00,0x00,0x02,0x9e,0xd4,0x00,0x00,0x19,0xee,0x60,0x00,0x00,0x6f,0xff,0xff,0xf0,0x5f,0xfe,
  0xa3,0x00,0x00,0x00,0x00,0x00,0xfb,0x00,0x00,0x8f,0x50,0x04,0xf8,0x00,0x8e,0x14,0xf4,0x00,0xbe,0x10,0x00,0xf9,0x2f,0x80,
  0x00,0x2f,0x55,0xf6,0x00,0x00,0x00,0x00,0x00,0x00,0x00,0x9d,0x00,0x00,0x00,0x00,0x00,0x01,0xae,0xe9,0x10,0x00,0x00,0x00,
  0x3c,0xfb,0x10,0x00,0x6f,0x52,0x22,0x20,0x5f,0x91,0x00,0x00,0x00,0x00,0x00,0x00,0xfb,0x00,0x02,0xee,0x10,0x00,0xeb,0x00,
  0xcc,0x00,0xe9,0x00,0xec,0x00,0x00,0xf9,0x0c,0xd0,0x00,0x8e,0x05,0xf6,0x00,0x00,0x00,0x00,0x08,0x88,0x88,0xce,0x88,0x88,
  0x88,0x70,0x00,0x00,0xa9,0x20,0x00,0x00,0x00,0x00,0x00,0x9b,0x00,0x00,0x6f,0x30,0x00,0x00,0x5f,0x40,0x00,0x00,0x00,0x00,
  0x00,0x00,0xfd,0x77,0x9e,0xe5,0x00,0x00,0xbe,0x01,0xf8,0x00,0xbd,0x02,0xf8,0x00,0x00,0xf9,0x06,0xf4,0x00,0xda,0x05,0xf6,
  0x00,0x00,0x00,0x00,0x0f,0xed,0xdd,0xdd,0xdd,0xdd,0xde,0xd0,0x00,0x00,0x03,0x33,0x33,0x33,0x33,0x33,0x33,0x32,0x00,0x00,
  0x6f,0x30,0x00,0x00,0x5f,0x40,0x00,0x00,0x00,0x00,0x00,0x00,0xff,0xfe,0xd9,0x30,0x00,0x00,0x7f,0x45,0xf3,0x00,0x7f,0x26,
  0xf4,0x00,0x00,0xf9,0x01,0xe9,0x03,0xf4,0x05,0xf6,0x00,0x00,0x00,0x00,0x0f,0x80,0x00,0x00,0x00,0x00,0x0a,0xd0,0x00,0x00,
  0x1f,0xff,0xff,0xff,0xff,0xff,0xff,0xf7,0x00,0x00,0x6f,0x30,0x00,0x00,0x5f,0x40,0x00,0x00,0x00,0x00,0x00,0x00,0xfb,0x00,
  0x00,0x00,0x00,0x00,0x3f,0x78,0xe0,0x00,0x2f,0x69,0xe0,0x00,0x00,0xf9,0x00,0xbe,0x09,0xd0,0x05,0xf6,0x00,0x00,0x00,0x00,
  0x0f,0x80,0x00,0x00,0x00,0x00,0x0a,0xd0,0x00,0x00,0x04,0x44,0x44,0x4b,0xe4,0x44,0x44,0x42,0x00,0x00,0x6f,0x30,0x00,0x00,
  0x5f,0x40,0x00,0x00,0x00,0x00,0x00,0x00,0xfb,0x00,0x00,0x00,0x00,0x00,0x0e,0xab,0xb0,0x00,0x0d,0x9c,0xb0,0x00,0x00,0xf9,
  0x00,0x6f,0x5e,0x80,0x05,0xf6,0x00,0x00,0x00,0x00,0x0f,0x80,0x00,0x00,0x00,0x00,0x0a,0xd0,0x00,0x00,0x00,0x00,0x00,0x09,
  0xe0,0x00,0x00,0x00,0x00,0x00,0x6f,0x30,0x00,0x00,0x5f,0x40,0x00,0x00,0x00,0x00,0x00,0x00,0xfb,0x00,0x00,0x00,0x00,0x00,
  0x0a,0xde,0x60,0x00,0x09,0xde,0x80,0x00,0x00,0xf9,0x00,0x1e,0xef,0x30,0x05,0xf6,0x00,0x00,0x00,0x00,0x0f,0x80,0x00,0x00,
  0x00,0x00,0x0a,0xd0,0x00,0x00,0x00,0x00,0x00,0x09,0xe0,0x00,0x00,0x00,0x00,0x00,0x6f,0x30,0x00,0x00,0x5f,0x40,0x00,0x06,
  0x60,0x00,0x00,0x00,0xfb,0x00,0x00,0x00,0x00,0x00,0x06,0xff,0x20,0x00,0x05,0xff,0x40,0x00,0x00,0xf9,0x00,0x0a,0xfd,0x00,
  0x05,0xf6,0x00,0x00,0x00,0x00,0x0f,0x80,0x00,0x00,0x00,0x00,0x0a,0xd0,0x00,0x00,0x00,0x00,0x00,0x09,0xe0,0x00,0x00,0x00,
  0x00,0x00,0x6f,0x30,0x17,0xc0,0x5f,0x40,0x00,0x0a,0xd0,0x00,0x00,0x00,0xfb,0x00,0x00,0x00,0x00,0x00,0x02,0xfd,0x00,0x00,
  0x01,0xee,0x00,0x00,0x00,0xf9,0x00,0x05,0xf7,0x00,0x05,0xf6,0x00,0x00,0x00,0x00,0x0f,0xff,0xff,0xff,0xff,0xff,0xff,0xd0,
  0x00,0x00,0x44,0x44,0x44,0x4b,0xe4,0x44,0x44,0x44,0x30,0x00,0x6f,0x7a,0xef,0xc0,0x5f,0x71,0x11,0x4e,0xa0,0x00,0x00,0x00,
  0x00,0x00,0x00,0x00,0x00,0x00,0x00,0x00,0x00,0x00,0x00,0x00,0x00,0x00,0x00,0x00,0x00,0x00,0x00,0x00,0x00,0x00,0x00,0x00,
  0x00,0x00,0x0f,0xb7,0x77,0x77,0x77,0x77,0x7c,0xd0,0x00,0x03,0xff,0xff,0xff,0xff,0xff,0xff,0xff,0xff,0xa0,0x00,0x6f,0xfe,
  0x93,0x00,0x1e,0xff,0xff,0xff,0x40,0x00,0x00,0x00,0x00,0x00,0x00,0x00,0x00,0x00,0x00,0x00,0x00,0x00,0x00,0x00,0x00,0x00,
  0x00,0x00,0x00,0x00,0x00,0x00,0x00,0x00,0x00,0x00,0x00,0x00,0x0c,0x60,0x00,0x00,0x00,0x00,0x08,0xa0,0x00,0x00,0x22,0x22,
  0x22,0x22,0x22,0x22,0x22,0x22,0x10,0x00,0x19,0x50,0x00,0x00,0x01,0x57,0x88,0x73,0x00,0x00,0x00,0x00,0x00,0x00,0x00,0x00,
  0x00,0x00,0x00,0x00,0x00,0x00,0x00,0x00,0x00,0x00,0x00,0x00,0x00,0x00,0x00,0x00,0x00,0x00,0x00,0x00,0x00,0x00,0x00,0x00,
  0x00,0x00,0x00,0x00,0x00,0x00,0x00,0x00,0x00,0x00,0x00,0x00,0x00,0x00,0x00,0x00,0x00,0x00,0x00,0x00,0x00,0x00,0x00,0x00,
  0x00,0x00,0x00,0x00,0x00,0x00,0x00,0x00,0x00,0x00,0x00,0x00,0x00,0x00,0x00,0x00,0x00,0x00,0x00,0x00,0x00,0x00,0x00,0x00,
  0x00,0x00,0x00,0x00,0x00,0x00,0x00,0x00,0x00,0x00,0x00,0x00,0x00,0x00,0x00,0x00,0x00,0x00,0x00,0x00,0x00,0x00,0x00,0x00,
  0x00,0x00,0x00,0x00,0x00,0x00,0x00,0x00,0x00,0x00,0x00,0x00,0x00,0x00,
};
#define GUI_TXT_PWM_LABEL_W 116
#define GUI_TXT_PWM_LABEL_H 23

static const uint8_t gui_txt_spark_txt_bits[462] = {
  0x00,0x00,0x00,0x00,0x00,0x00,0x00,0x00,0x00,0x00,0x00,0x00,0x00,0x00,0x00,0x00,0x00,0x00,0x00,0x00,0x00,0x00,0x00,0x00,
  0x00,0x00,0x00,0x00,0x00,0x00,0x00,0x00,0x00,0x00,0x00,0x00,0x00,0x00,0x00,0x00,0x00,0x00,0x00,0x00,0x00,0x00,0x00,0x00,
  0x00,0x00,0x00,0x00,0x00,0x00,0x00,0x00,0x00,0x00,0x00,0x00,0x00,0x9b,0x00,0x00,0x00,0x00,0x00,0x00,0x00,0x00,0x00,0x00,
  0x00,0x00,0x00,0x00,0x00,0x00,0x00,0x00,0x00,0x00,0x00,0x9b,0x00,0x00,0x00,0x00,0x00,0x00,0x00,0x00,0x00,0x00,0x00,0x00,
  0x00,0x00,0x00,0x00,0x00,0x00,0x00,0x00,0x00,0x9b,0x00,0x00,0x00,0x00,0x00,0x00,0x00,0x00,0x00,0x00,0x00,0x00,0x00,0x00,
  0x00,0x00,0x00,0x00,0x00,0x00,0x00,0x9b,0x00,0x00,0x00,0x00,0x00,0x03,0xbe,0xda,0x20,0x98,0x6d,0xea,0x10,0x03,0xad,0xeb,
  0x30,0x00,0x98,0x4d,0xe0,0x9b,0x00,0x5e,0x40,0x00,0x00,0x0e,0x93,0x48,0x00,0x9e,0xb4,0x4d,0xc0,0x04,0x84,0x3c,0xd0,0x00,
  0x9b,0xc6,0x40,0x9b,0x02,0xe6,0x00,0x00,0x00,0x1f,0x40,0x00,0x00,0x9e,0x10,0x04,0xf3,0x00,0x00,0x04,0xf2,0x00,0x9f,0x20,
  0x00,0x9b,0x0c,0x90,0x00,0x00,0x00,0x0b,0xd6,0x00,0x00,0x9c,0x00,0x00,0xf6,0x00,0x00,0x02,0xf3,0x00,0x9d,0x00,0x00,0x9a,
  0xac,0x00,0x00,0x00,0x00,0x00,0x8e,0xd5,0x00,0x9b,0x00,0x00,0xe7,0x02,0x9c,0xee,0xf3,0x00,0x9b,0x00,0x00,0x9e,0xed,0x00,
  0x00,0x00,0x00,0x00,0x01,0x9f,0x30,0x9c,0x00,0x00,0xf6,0x0d,0xc6,0x35,0xf3,0x00,0x9b,0x00,0x00,0x9d,0x2d,0x80,0x00,0x00,
  0x00,0x00,0x00,0x0e,0x60,0x9e,0x10,0x04,0xf3,0x3f,0x40,0x05,0xf3,0x00,0x9b,0x00,0x00,0x9b,0x05,0xe3,0x00,0x00,0x00,0x38,
  0x43,0x7e,0x30,0x9e,0xb4,0x4d,0xb0,0x1e,0x93,0x5c,0xf3,0x00,0x9b,0x00,0x00,0x9b,0x00,0xac,0x00,0x00,0x00,0x2b,0xee,0xc5,
  0x00,0x9b,0x6d,0xea,0x10,0x05,0xde,0xb2,0xd3,0x00,0x9b,0x00,0x00,0x9b,0x00,0x1e,0x80,0x00,0x00,0x00,0x00,0x00,0x00,0x9b,
  0x00,0x00,0x00,0x00,0x00,0x00,0x00,0x00,0x00,0x00,0x00,0x00,0x00,0x00,0x00,0x00,0x00,0x00,0x00,0x00,0x00,0x9b,0x00,0x00,
  0x00,0x00,0x00,0x00,0x00,0x00,0x00,0x00,0x00,0x00,0x00,0x00,0x00,0x00,0x00,0x00,0x00,0x00,0x00,0x9b,0x00,0x00,0x00,0x00,
  0x00,0x00,0x00,0x00,0x00,0x00,0x00,0x00,0x00,0x00,0x00,0x00,0x00,0x00,0x00,0x00,0x00,0x9b,0x00,0x00,0x00,0x00,0x00,0x00,
  0x00,0x00,0x00,0x00,0x00,0x00,0x00,0x00,0x00,0x00,0x00,0x00,0x00,0x00,0x00,0x00,0x00,0x00,0x00,0x00,0x00,0x00,0x00,0x00,
  0x00,0x00,0x00,0x00,0x00,0x00,0x00,0x00,0x00,0x00,0x00,0x00,0x00,0x00,0x00,0x00,0x00,0x00,0x00,0x00,0x00,0x00,0x00,0x00,
  0x00,0x00,0x00,0x00,0x00,0x00,
};
#define GUI_TXT_SPARK_TXT_W 44
#define GUI_TXT_SPARK_TXT_H 21

static const uint8_t gui_txt_sp_label_bits[1350] = {
  0x00,0x00,0x00,0x00,0x00,0x00,0x00,0x00,0x00,0x00,0x00,0x00,0x00,0x00,0x00,0x00,0x00,0x00,0x00,0x00,0x00,0x00,0x00,0x00,
  0x00,0x00,0x00,0x00,0x00,0x00,0x00,0x00,0x00,0x00,0x00,0x00,0x00,0x00,0x00,0x00,0x00,0x00,0x00,0x00,0x00,0x00,0x00,0x00,
  0x00,0x00,0x00,0x00,0x00,0x00,0x00,0x00,0x00,0x00,0x00,0x00,0x00,0x00,0x00,0x00,0x00,0x00,0x00,0x00,0x00,0x00,0x00,0x00,
  0x00,0x00,0x00,0x00,0x00,0x00,0x00,0x00,0x00,0x00,0x00,0x00,0x00,0x00,0x00,0x00,0x00,0x00,0x00,0x00,0x00,0x00,0x00,0x00,
  0x00,0x00,0x00,0x00,0x00,0x00,0x00,0x00,0x00,0x00,0x00,0x00,0x00,0x00,0x65,0x00,0x00,0x00,0x00,0x00,0x00,0x00,0x00,0x00,
  0x00,0x54,0x00,0x10,0x00,0x00,0x01,0x10,0x00,0x00,0x00,0x00,0x16,0x30,0x00,0x00,0x00,0x00,0x00,0x00,0x00,0x00,0x00,0x00,
  0x00,0x00,0x00,0x00,0x00,0x00,0x00,0x00,0x00,0x00,0x00,0x00,0x00,0x00,0x00,0x00,0xfd,0x00,0x00,0x00,0x05,0xf6,0x00,0x00,
  0x00,0x00,0x00,0xec,0x0c,0xc0,0x00,0x00,0x1c,0xd6,0x00,0x00,0x00,0x00,0x4f,0x80,0x00,0x00,0x00,0x00,0x77,0x77,0x77,0x77,
  0x77,0x71,0x00,0x00,0x0a,0xc3,0x00,0x00,0x00,0x02,0x99,0x99,0x99,0x94,0x00,0x00,0x00,0x00,0xfd,0x00,0x00,0x00,0x05,0xf6,
  0x00,0x00,0x00,0x00,0x00,0xec,0x09,0xf7,0x00,0x00,0x08,0xef,0xc2,0x00,0x00,0x00,0x4f,0x80,0x00,0x00,0x00,0x01,0xff,0xff,
  0xff,0xff,0xff,0xf3,0x00,0x00,0x7f,0xd1,0x00,0x00,0x00,0x03,0xff,0xff,0xff,0xf7,0x00,0x00,0x00,0x00,0xfd,0x00,0x00,0x00,
  0x05,0xf6,0x00,0x00,0x00,0x00,0x00,0xed,0x01,0x81,0x00,0x00,0x00,0x2c,0xfe,0x20,0x66,0x66,0x8f,0xb6,0x66,0x66,0x10,0x00,
  0x44,0xee,0x44,0x4e,0xe4,0x41,0x00,0x07,0xfe,0x40,0x00,0x00,0x00,0x03,0xf8,0x00,0x05,0xf7,0x00,0x00,0x00,0x00,0xfd,0x00,
  0x00,0x00,0x05,0xf6,0x00,0x4c,0xcc,0xcc,0xcc,0xee,0xcc,0xcc,0x90,0x00,0x00,0x00,0x99,0x00,0xff,0xff,0xff,0xff,0xff,0xff,
  0x30,0x00,0x00,0xed,0x00,0x0d,0xe0,0x00,0x00,0x9f,0xf5,0x00,0x00,0x00,0x00,0x03,0xf8,0x00,0x04,0xf7,0x58,0x88,0x88,0x88,
  0xfe,0x88,0x50,0x00,0x05,0xf6,0x00,0x4c,0xcc,0xcc,0xcc,0xee,0xcc,0xcc,0x90,0x00,0x00,0x00,0x00,0x00,0xfb,0x55,0x8f,0xb5,
  0x55,0xef,0x20,0x00,0x00,0xed,0x00,0x0d,0xe0,0x00,0x1b,0xfe,0x60,0x00,0x00,0x00,0x00,0x03,0xf8,0x00,0x04,0xf7,0xaf,0xff,
  0xff,0xff,0xff,0xff,0xa0,0x09,0xdd,0xfe,0xdc,0x00,0x00,0x00,0x00,0xce,0x00,0x00,0x00,0x00,0x54,0x00,0x00,0x00,0xf9,0x00,
  0x4f,0x80,0x04,0xfc,0x00,0x00,0x00,0xed,0x00,0x0d,0xe0,0x04,0xef,0xe4,0x00,0x00,0x00,0x00,0x00,0x03,0xf8,0x00,0x04,0xf7,
  0x23,0x33,0x33,0x33,0xfd,0x33,0x20,0x09,0xde,0xfe,0xdd,0x00,0x00,0x00,0x00,0xbf,0x00,0x02,0x00,0x03,0xef,0xb2,0x00,0x00,
  0xf9,0x00,0x4f,0x80,0x09,0xf5,0x00,0x00,0x00,0xed,0x00,0x0d,0xe0,0x01,0xda,0x10,0x02,0xb3,0x00,0x00,0x00,0x03,0xf8,0x00,
  0x04,0xf7,0x00,0x00,0x00,0x00,0xfd,0x00,0x00,0x00,0x05,0xf6,0x00,0x0a,0xff,0xff,0xf2,0xaf,0x10,0x2f,0x80,0x00,0x3c,0xfe,
  0x60,0x00,0xf9,0x00,0x4f,0x80,0x07,0xb0,0x00,0x00,0x00,0xed,0x00,0x0d,0xe0,0x00,0x10,0x00,0x1c,0xfa,0x00,0x00,0x00,0x03,
  0xfe,0xdd,0xdd,0xf7,0x04,0xd5,0x00,0x00,0xfd,0x00,0x00,0x00,0x05,0xf6,0x00,0x0a,0xe8,0x8c,0xf2,0x9f,0x20,0x7f,0x50,0x00,
  0x00,0x8f,0x80,0x00,0xf9,0x00,0x4f,0x90,0x00,0x00,0x00,0x00,0x00,0xed,0x00,0x0d,0xe0,0x00,0x00,0x01,0xcf,0xd1,0x00,0x00,
  0x00,0x03,0xfd,0xcc,0xcd,0xf7,0x02,0xed,0x00,0x00,0xfd,0x00,0x00,0x00,0x05,0xf6,0x00,0x0a,0xe0,0x07,0xf2,0x7f,0x30,0xde,
  0x00,0x00,0x00,0x04,0x00,0x00,0xff,0xff,0xff,0xff,0xff,0xf5,0x00,0x06,0x88,0xee,0x88,0x8e,0xe8,0x84,0x00,0x2c,0xfd,0x20,
  0x00,0x00,0x00,0x03,0xf8,0x00,0x04,0xf7,0x00,0xaf,0x70,0x00,0xfd,0x00,0x00,0x00,0x05,0xf6,0x00,0x0a,0xe0,0x07,0xf2,0x6f,
  0x54,0xf9,0x00,0x00,0x00,0x00,0x00,0x01,0xfd,0x99,0x99,0x99,0x9e,0xf2,0x00,0x0b,0xff,0xff,0xff,0xff,0xff,0xf7,0x05,0xef,
  0xd2,0x00,0x00,0x00,0x00,0x03,0xf8,0x00,0x04,0xf7,0x00,0x2f,0xd0,0x00,0xfd,0x00,0x00,0x00,0x05,0xf6,0x00,0x0a,0xe4,0x49,
  0xf2,0x4f,0x7b,0xf2,0x00,0x00,0x00,0x03,0x10,0x01,0xf9,0x01,0x00,0x00,0x0e,0xd0,0x00,0x02,0x33,0xed,0x33,0x3d,0xe3,0x31,
  0xaf,0xfb,0x10,0x00,0x00,0x00,0x00,0x03,0xf8,0x00,0x04,0xf7,0x00,0x0b,0xf5,0x00,0xfd,0x00,0x00,0x00,0x05,0xf6,0x00,0x0a,
  0xff,0xff,0xf2,0x2f,0xcf,0xa0,0x00,0x00,0x00,0x0b,0xd1,0x02,0xf7,0x9d,0x00,0x00,0x6f,0x80,0x00,0x00,0x00,0xfc,0x00,0x0d,
  0xe0,0x00,0x7e,0x60,0x00,0x2a,0x20,0x00,0x00,0x03,0xf8,0x00,0x04,0xf7,0x00,0x06,0xfb,0x00,0xfd,0x00,0x00,0x00,0x05,0xf6,
  0x24,0x03,0x44,0x44,0x40,0x0e,0xff,0x30,0x00,0x00,0x00,0x2f,0xe0,0x04,0xf6,0x7f,0x90,0x00,0xde,0x20,0x00,0x00,0x01,0xfb,
  0x00,0x0d,0xe0,0x00,0x01,0x00,0x01,0xdf,0x90,0x00,0x00,0x03,0xf8,0x00,0x05,0xf7,0x00,0x00,0xb5,0x00,0xfd,0x00,0x00,0x00,
  0x05,0xfd,0xeb,0x00,0x00,0x02,0x7c,0x0c,0xfa,0x00,0x00,0x00,0x00,0x9f,0x80,0x08,0xf4,0x0c,0xf6,0x08,0xf9,0x00,0x00,0x00,
  0x04,0xf9,0x00,0x0d,0xe0,0x00,0x00,0x00,0x0b,0xfc,0x00,0x00,0x00,0x03,0xff,0xff,0xff,0xf7,0x00,0x00,0x00,0x00,0xfd,0x00,
  0x00,0x06,0xbe,0xfe,0xa3,0x02,0x59,0xdf,0xfd,0x5e,0xf3,0x03,0x40,0x00,0x02,0xee,0x20,0x0c,0xe0,0x02,0xef,0x9f,0xd1,0x00,
  0x00,0x00,0x08,0xf6,0x00,0x0d,0xe0,0x00,0x00,0x00,0xbf,0xd2,0x00,0x00,0x00,0x03,0xfc,0x99,0x9b,0xf7,0x00,0x00,0x00,0x00,
  0xfd,0x00,0x00,0x0c,0xfd,0x82,0x00,0xcf,0xff,0xd8,0x33,0xef,0xf6,0x08,0xe0,0x00,0x0a,0xfa,0x00,0x2f,0xb0,0x00,0x3e,0xfe,
  0x30,0x00,0x00,0x00,0x0d,0xf2,0x00,0x0d,0xe0,0x00,0x00,0x2c,0xfd,0x20,0x00,0x00,0x00,0x03,0xf8,0x00,0x04,0xe6,0x00,0x00,
  0x00,0x00,0xfd,0x00,0x00,0x04,0x30,0x00,0x00,0x9b,0x73,0x00,0x3e,0xf7,0xeb,0x09,0xd0,0x00,0x4f,0xe2,0x00,0xaf,0x60,0x02,
  0xbf,0xff,0xb2,0x00,0x00,0x00,0x5f,0xb0,0x00,0x0d,0xe0,0x00,0x04,0xef,0xd2,0x00,0x00,0x00,0x00,0x02,0xa6,0x00,0x00,0x00,
  0x00,0x00,0x20,0x00,0xfc,0x00,0x00,0x00,0x00,0x00,0x00,0x00,0x00,0x06,0xef,0x70,0xae,0x2c,0xb0,0x00,0xcf,0x90,0x03,0xfe,
  0x03,0x9e,0xfc,0x4c,0xfe,0x92,0x00,0x01,0xdf,0x40,0x00,0x0d,0xe0,0x01,0x9f,0xfb,0x10,0x00,0x00,0x00,0x00,0x00,0x00,0x00,
  0x00,0x00,0x00,0x00,0x9e,0xdd,0xfb,0x00,0x00,0x00,0x00,0x00,0x00,0x00,0x00,0x3f,0xe6,0x00,0x3f,0xef,0x80,0x08,0xfe,0x10,
  0x0c,0xf6,0x6f,0xfe,0x70,0x00,0x8e,0xfe,0x70,0x0a,0xfb,0x00,0x00,0x0d,0xe0,0x0d,0xfe,0x70,0x00,0x00,0x00,0x00,0x00,0x00,
  0x00,0x00,0x00,0x00,0x00,0x00,0x4c,0xef,0xd4,0x00,0x00,0x00,0x00,0x00,0x00,0x00,0x00,0x09,0x30,0x00,0x08,0xfe,0x20,0x01,
  0xb6,0x00,0x08,0xc0,0x1d,0x71,0x00,0x00,0x02,0xbd,0x10,0x04,0xc1,0x00,0x00,0x0d,0xe0,0x07,0xa2,0x00,0x00,0x00,0x00,0x00,
  0x00,0x00,0x00,0x00,0x00,0x00,0x00,0x00,0x00,0x00,0x00,0x00,0x00,0x00,0x00,0x00,0x00,0x00,0x00,0x00,0x00,0x00,0x00,0x21,
  0x00,0x00,0x00,0x00,0x00,0x00,0x00,0x00,0x00,0x00,0x00,0x01,0x00,0x00,0x00,0x00,0x00,0x02,0x20,0x00,0x00,0x00,0x00,0x00,
  0x00,0x00,0x00,0x00,0x00,0x00,0x00,0x00,0x00,0x00,0x00,0x00,0x00,0x00,0x00,0x00,0x00,0x00,0x00,0x00,0x00,0x00,0x00,0x00,
  0x00,0x00,0x00,0x00,0x00,0x00,0x00,0x00,0x00,0x00,0x00,0x00,0x00,0x00,0x00,0x00,0x00,0x00,0x00,0x00,0x00,0x00,0x00,0x00,
  0x00,0x00,0x00,0x00,0x00,0x00,0x00,0x00,0x00,0x00,0x00,0x00,0x00,0x00,0x00,0x00,0x00,0x00,0x00,0x00,0x00,0x00,0x00,0x00,
  0x00,0x00,0x00,0x00,0x00,0x00,0x00,0x00,0x00,0x00,0x00,0x00,0x00,0x00,0x00,0x00,0x00,0x00,0x00,0x00,0x00,0x00,0x00,0x00,
  0x00,0x00,0x00,0x00,0x00,0x00,
};
#define GUI_TXT_SP_LABEL_W 100
#define GUI_TXT_SP_LABEL_H 27

static const uint8_t gui_txt_fft_label_bits[1269] = {
  0x00,0x00,0x00,0x00,0x00,0x00,0x00,0x00,0x00,0x00,0x00,0x00,0x00,0x00,0x00,0x00,0x00,0x00,0x00,0x00,0x00,0x00,0x00,0x00,
  0x00,0x00,0x00,0x00,0x00,0x00,0x00,0x00,0x00,0x00,0x00,0x00,0x00,0x00,0x00,0x00,0x00,0x00,0x00,0x00,0x00,0x00,0x00,0x00,
  0x00,0x00,0x00,0x00,0x00,0x00,0x00,0x00,0x00,0x00,0x00,0x00,0x00,0x00,0x00,0x00,0x00,0x00,0x00,0x00,0x00,0x00,0x00,0x00,
  0x00,0x00,0x00,0x00,0x00,0x00,0x00,0x00,0x00,0x00,0x00,0x00,0x00,0x00,0x00,0x00,0x00,0x00,0x00,0x00,0x00,0x00,0x00,0x00,
  0x00,0x00,0x00,0x00,0x00,0x00,0x00,0x00,0x00,0x00,0x00,0x00,0x00,0x00,0x00,0x00,0x00,0x00,0x00,0x00,0x00,0x00,0x00,0x67,
  0x00,0x00,0x00,0x00,0x00,0x00,0x00,0x00,0x00,0x00,0x20,0x00,0x00,0x04,0x00,0x00,0x02,0x51,0x00,0x00,0x00,0x00,0x00,0x00,
  0x00,0x00,0x00,0x00,0x00,0x00,0x00,0x00,0x00,0x00,0x00,0x00,0x00,0x00,0x00,0x00,0x00,0x00,0x00,0x00,0x00,0x00,0xce,0x00,
  0x05,0x99,0x99,0x99,0x99,0x99,0x40,0x00,0x0a,0xe3,0x00,0x00,0xbe,0x20,0x00,0x09,0xf8,0x00,0x00,0x00,0x00,0x00,0x00,0x00,
  0x00,0x00,0x00,0x00,0x00,0x00,0x00,0x00,0x00,0x00,0x00,0x00,0x00,0x00,0x00,0x00,0x00,0x00,0x00,0x09,0x90,0xce,0x00,0x08,
  0xff,0xff,0xff,0xff,0xff,0x60,0x00,0x08,0xfc,0x00,0x00,0x4f,0x90,0x00,0x1e,0xe1,0x00,0x00,0x00,0x00,0x00,0xaf,0xff,0xff,
  0xff,0xf3,0x00,0xaf,0xff,0xff,0xff,0xf3,0xbf,0xff,0xff,0xff,0xff,0xff,0x30,0x00,0x00,0x00,0x0d,0xd0,0xce,0x88,0x50,0x00,
  0x04,0xf8,0x00,0x00,0x00,0x00,0x00,0xdf,0x41,0x88,0x9e,0xe8,0x88,0xbf,0xd8,0x88,0x10,0x00,0x00,0x00,0xaf,0xdb,0xbb,0xbb,
  0xb2,0x00,0xaf,0xdb,0xbb,0xbb,0xb2,0x8b,0xbb,0xbe,0xfc,0xbb,0xbb,0x20,0x00,0x00,0x00,0x0d,0xd0,0xcf,0xff,0x80,0x11,0x17,
  0xf7,0x11,0x10,0x00,0x00,0x00,0x6e,0x53,0xff,0xff,0xff,0xff,0xff,0xff,0xff,0x10,0x00,0x00,0x00,0xaf,0x70,0x00,0x00,0x00,
  0x00,0xaf,0x70,0x00,0x00,0x00,0x00,0x00,0x0c,0xf4,0x00,0x00,0x00,0x00,0x00,0x00,0x0d,0xd0,0xce,0x00,0x00,0xaf,0xff,0xff,
  0xff,0xf9,0x00,0x00,0x00,0x01,0x00,0x01,0x01,0xf8,0x00,0xea,0x00,0x20,0x00,0x00,0x00,0x00,0xaf,0x70,0x00,0x00,0x00,0x00,
  0xaf,0x70,0x00,0x00,0x00,0x00,0x00,0x0c,0xf4,0x00,0x00,0x00,0x00,0x00,0x00,0x0d,0xd0,0xce,0x00,0x00,0xaf,0x98,0x88,0x8a,
  0xf9,0x00,0x00,0x00,0x00,0x00,0xdc,0x01,0xf8,0x00,0xea,0x00,0xcd,0x00,0x00,0x00,0x00,0xaf,0x70,0x00,0x00,0x00,0x00,0xaf,
  0x70,0x00,0x00,0x00,0x00,0x00,0x0c,0xf4,0x00,0x00,0x00,0x00,0x00,0x00,0x0d,0xd0,0xce,0x00,0x00,0xaf,0x20,0x00,0x03,0xf9,
  0x00,0x05,0x77,0x74,0x00,0x5f,0x81,0xf8,0x00,0xea,0x07,0xf8,0x00,0x00,0x00,0x00,0xaf,0x70,0x00,0x00,0x00,0x00,0xaf,0x70,
  0x00,0x00,0x00,0x00,0x00,0x0c,0xf4,0x00,0x00,0x00,0x00,0x00,0x06,0xff,0xff,0xff,0xff,0xf6,0xaf,0x20,0x65,0x03,0xf9,0x00,
  0x0b,0xff,0xf9,0x00,0x0c,0xd2,0xf8,0x00,0xea,0x2e,0xd1,0x00,0x00,0x00,0x00,0xaf,0x70,0x00,0x00,0x00,0x00,0xaf,0x70,0x00,
  0x00,0x00,0x00,0x00,0x0c,0xf4,0x00,0x00,0x00,0x00,0x00,0x03,0x88,0x88,0x88,0x88,0x83,0xaf,0x20,0xed,0x03,0xf9,0x00,0x02,
  0x34,0xf9,0x00,0x03,0x11,0xf9,0x00,0xea,0x04,0x30,0x00,0x00,0x00,0x00,0xaf,0xff,0xff,0xff,0xb0,0x00,0xaf,0xff,0xff,0xff,
  0xb0,0x00,0x00,0x0c,0xf4,0x00,0x00,0x00,0x00,0x00,0x00,0x00,0x00,0x22,0x00,0x00,0xaf,0x20,0xed,0x03,0xf9,0x00,0x00,0x00,
  0xf9,0x0e,0xff,0xff,0xff,0xff,0xff,0xff,0xff,0xb0,0x00,0x00,0x00,0xaf,0xdb,0xbb,0xbb,0x90,0x00,0xaf,0xdb,0xbb,0xbb,0x90,
  0x00,0x00,0x0c,0xf4,0x00,0x00,0x00,0x00,0x00,0x00,0x05,0x30,0xfb,0x00,0x00,0xaf,0x20,0xfd,0x03,0xf9,0x00,0x00,0x00,0xf9,
  0x09,0x99,0x99,0x99,0x99,0x99,0x99,0x99,0x70,0x00,0x00,0x00,0xaf,0x70,0x00,0x00,0x00,0x00,0xaf,0x70,0x00,0x00,0x00,0x00,
  0x00,0x0c,0xf4,0x00,0x00,0x00,0x00,0x00,0x00,0x0e,0xd0,0xfb,0x06,0x60,0xaf,0x20,0xfc,0x03,0xf9,0x00,0x00,0x00,0xf9,0x00,
  0x00,0x00,0x00,0x00,0x00,0x00,0x00,0x00,0x00,0x00,0x00,0xaf,0x70,0x00,0x00,0x00,0x00,0xaf,0x70,0x00,0x00,0x00,0x00,0x00,
  0x0c,0xf4,0x00,0x00,0x00,0x00,0x00,0x00,0x5f,0x80,0xfb,0x0d,0xe1,0xaf,0x21,0xfb,0x03,0xf9,0x00,0x00,0x00,0xf9,0x00,0x0f,
  0xff,0xff,0xff,0xff,0xff,0x80,0x00,0x00,0x00,0x00,0xaf,0x70,0x00,0x00,0x00,0x00,0xaf,0x70,0x00,0x00,0x00,0x00,0x00,0x0c,
  0xf4,0x00,0x00,0x00,0x00,0x00,0x00,0xbf,0x20,0xfb,0x5f,0xa0,0xaf,0x23,0xfa,0x03,0xf9,0x00,0x00,0x00,0xf9,0x00,0x0f,0xe8,
  0x88,0x88,0x88,0x9f,0x80,0x00,0x00,0x00,0x00,0xaf,0x70,0x00,0x00,0x00,0x00,0xaf,0x70,0x00,0x00,0x00,0x00,0x00,0x0c,0xf4,
  0x00,0x00,0x00,0x00,0x00,0x03,0xfb,0x00,0xfc,0xde,0x20,0xaf,0x26,0xf9,0x03,0xf9,0x00,0x00,0x00,0xf9,0x00,0x0f,0xd0,0x00,
  0x00,0x00,0x2f,0x80,0x00,0x00,0x00,0x00,0xaf,0x70,0x00,0x00,0x00,0x00,0xaf,0x70,0x00,0x00,0x00,0x00,0x00,0x0c,0xf4,0x00,
  0x00,0x00,0x00,0x00,0x08,0xf4,0x00,0xff,0xf9,0x00,0xaf,0x2c,0xf5,0x03,0xf9,0x00,0x00,0x00,0xf9,0x03,0x0f,0xe9,0x99,0x99,
  0x99,0xaf,0x80,0x00,0x00,0x00,0x00,0xaf,0x70,0x00,0x00,0x00,0x00,0xaf,0x70,0x00,0x00,0x00,0x00,0x00,0x0c,0xf4,0x00,0x00,
  0x00,0x00,0x00,0x00,0x30,0x00,0xff,0xc0,0x00,0x22,0x6f,0xd4,0xd6,0x10,0x00,0x00,0x00,0xf9,0xae,0x1f,0xec,0xcc,0xcc,0xcc,
  0xdf,0x80,0x00,0x00,0x00,0x00,0xaf,0x70,0x00,0x00,0x00,0x00,0xaf,0x70,0x00,0x00,0x00,0x00,0x00,0x0c,0xf4,0x00,0x00,0x00,
  0x00,0x00,0x00,0x00,0x07,0xfd,0x20,0x00,0x04,0xef,0x54,0xef,0x80,0x00,0x00,0x00,0xfe,0xf9,0x0f,0xd0,0x00,0x00,0x00,0x2f,
  0x80,0x00,0x00,0x00,0x00,0xaf,0x70,0x00,0x00,0x00,0x00,0xaf,0x70,0x00,0x00,0x00,0x00,0x00,0x0c,0xf4,0x00,0x00,0x00,0x00,
  0x00,0x00,0x02,0xbf,0xd2,0x00,0x00,0x8e,0xf8,0x00,0x3d,0xf8,0x00,0x00,0x00,0xef,0xb0,0x0f,0xe7,0x77,0x77,0x77,0x8f,0x80,
  0x00,0x00,0x00,0x00,0x00,0x00,0x00,0x00,0x00,0x00,0x00,0x00,0x00,0x00,0x00,0x00,0x00,0x00,0x00,0x00,0x00,0x00,0x00,0x00,
  0x00,0xaf,0xfa,0x10,0x00,0x5d,0xfe,0x70,0x00,0x02,0xef,0x70,0x00,0x00,0x49,0x00,0x0f,0xff,0xff,0xff,0xff,0xff,0x80,0x00,
  0x00,0x00,0x00,0x00,0x00,0x00,0x00,0x00,0x00,0x00,0x00,0x00,0x00,0x00,0x00,0x00,0x00,0x00,0x00,0x00,0x00,0x00,0x00,0x00,
  0xab,0x40,0x00,0x00,0x1d,0xa2,0x00,0x00,0x00,0x3c,0x10,0x00,0x00,0x00,0x00,0x0f,0xd3,0x33,0x33,0x33,0x5f,0x80,0x00,0x00,
  0x00,0x00,0x00,0x00,0x00,0x00,0x00,0x00,0x00,0x00,0x00,0x00,0x00,0x00,0x00,0x00,0x00,0x00,0x00,0x00,0x00,0x00,0x00,0x00,
  0x00,0x00,0x00,0x00,0x00,0x00,0x00,0x00,0x00,0x00,0x00,0x00,0x00,0x00,0x02,0x20,0x00,0x00,0x00,0x02,0x10,0x00,0x00,0x00,
  0x00,0x00,0x00,0x00,0x00,0x00,0x00,0x00,0x00,0x00,0x00,0x00,0x00,0x00,0x00,0x00,0x00,0x00,0x00,0x00,0x00,0x00,0x00,0x00,
  0x00,0x00,0x00,0x00,0x00,0x00,0x00,0x00,0x00,0x00,0x00,0x00,0x00,0x00,0x00,0x00,0x00,0x00,0x00,0x00,0x00,0x00,0x00,0x00,
  0x00,0x00,0x00,0x00,0x00,0x00,0x00,0x00,0x00,0x00,0x00,0x00,0x00,0x00,0x00,0x00,0x00,0x00,0x00,0x00,0x00,0x00,0x00,0x00,
  0x00,0x00,0x00,0x00,0x00,0x00,0x00,0x00,0x00,0x00,0x00,0x00,0x00,0x00,0x00,0x00,0x00,0x00,0x00,0x00,0x00,
};
#define GUI_TXT_FFT_LABEL_W 94
#define GUI_TXT_FFT_LABEL_H 27

static const uint8_t gui_txt_m_line1_bits[1998] = {
  0x00,0x00,0x00,0x00,0x00,0x00,0x00,0x00,0x00,0x00,0x00,0x00,0x00,0x00,0x00,0x00,0x00,0x00,0x00,0x00,0x00,0x00,0x00,0x00,
  0x00,0x00,0x00,0x00,0x00,0x00,0x00,0x00,0x00,0x00,0x00,0x00,0x00,0x00,0x00,0x00,0x00,0x00,0x00,0x00,0x00,0x00,0x00,0x00,
  0x00,0x00,0x00,0x00,0x00,0x00,0x00,0x00,0x00,0x00,0x00,0x00,0x00,0x00,0x00,0x00,0x00,0x00,0x00,0x00,0x00,0x00,0x00,0x00,
  0x00,0x00,0x00,0x00,0x00,0x00,0x00,0x00,0x00,0x00,0x00,0x00,0x00,0x00,0x00,0x00,0x00,0x00,0x00,0x00,0x00,0x00,0x00,0x00,
  0x00,0x00,0x00,0x00,0x00,0x00,0x00,0x00,0x00,0x00,0x00,0x00,0x00,0x00,0x00,0x00,0x00,0x00,0x00,0x00,0x00,0x00,0x00,0x00,
  0x00,0x00,0x00,0x00,0x00,0x00,0x00,0x00,0x00,0x00,0x00,0x00,0x00,0x00,0x00,0x00,0x00,0x00,0x00,0x00,0x00,0x00,0x00,0x00,
  0x00,0x00,0x00,0x00,0x00,0x00,0x00,0x00,0x00,0x00,0x00,0x00,0x00,0x00,0x00,0x46,0x00,0x00,0x00,0x00,0x00,0x00,0x00,0x00,
  0x00,0x00,0x00,0x00,0x00,0x00,0x00,0x46,0x00,0x00,0x00,0x00,0x04,0x00,0x00,0x00,0x00,0x00,0x00,0x00,0x06,0x40,0x00,0x00,
  0x00,0x00,0x00,0x34,0x00,0x00,0x00,0x00,0x00,0x00,0x00,0x00,0x65,0x00,0x00,0x00,0x00,0x00,0x00,0x00,0x51,0x00,0x00,0x00,
  0x00,0x00,0x00,0x00,0x00,0x00,0x00,0x00,0x99,0x00,0x01,0x11,0x11,0x11,0x10,0x00,0x00,0x9f,0x10,0x00,0x00,0xde,0xee,0xee,
  0xee,0xee,0xee,0xee,0xeb,0x00,0x00,0x00,0x00,0xbf,0x10,0x00,0x00,0x00,0xbf,0x50,0x00,0x00,0x00,0x00,0x04,0xb2,0x0f,0xc0,
  0x00,0x00,0x00,0x00,0x00,0xcf,0x00,0x00,0x00,0x00,0x00,0x00,0x00,0x00,0xfc,0x00,0x00,0x00,0x00,0x00,0x00,0x06,0xfc,0x00,
  0x00,0x06,0xc3,0x00,0x00,0x00,0x00,0x00,0x00,0x01,0xbf,0xb0,0x2f,0xff,0xff,0xff,0xf1,0x00,0x00,0x9f,0x10,0x00,0x00,0xee,
  0x77,0x77,0x77,0x77,0x77,0x77,0xfb,0x00,0x00,0x00,0x00,0xbf,0x10,0x00,0x00,0x00,0x6f,0xa0,0x00,0x00,0x00,0x00,0x0a,0xf2,
  0x0f,0xc0,0x00,0x00,0x00,0x00,0x00,0xcf,0x00,0x02,0x55,0x55,0x55,0x54,0x00,0x00,0xfc,0x00,0x00,0x00,0x00,0x00,0x00,0x1e,
  0xe3,0x1a,0x20,0x07,0xf4,0x00,0x01,0x62,0x00,0x00,0x00,0x00,0x0b,0xfa,0x2f,0xc7,0x77,0x7c,0xf1,0x5e,0x50,0x9f,0x10,0x00,
  0x00,0xee,0x77,0x77,0x77,0x77,0x77,0x78,0xfb,0x00,0x00,0x00,0x00,0xbf,0x10,0x0a,0xbb,0xbb,0xcf,0xeb,0xbb,0xbb,0x50,0x00,
  0x1e,0xfe,0xef,0xee,0xee,0xe4,0x00,0xcb,0x00,0xcf,0x00,0x07,0xff,0xff,0xff,0xfc,0x00,0x00,0xfc,0x00,0x00,0x00,0x00,0x00,
  0x00,0xbf,0x80,0x4f,0xc0,0x07,0xf4,0x05,0xae,0xfc,0x00,0x00,0x00,0x00,0x01,0xc3,0x2f,0x90,0x00,0x0a,0xf1,0x6f,0x50,0x9f,
  0x10,0x00,0x00,0xee,0xcc,0xcc,0xcc,0xcc,0xcc,0xcc,0xfb,0x00,0x00,0x04,0x77,0xdf,0x76,0x0d,0xfd,0xdd,0xdd,0xdd,0xdd,0xef,
  0x70,0x00,0x8f,0xcc,0xcf,0xec,0xcc,0xc3,0x00,0xed,0x00,0xcf,0x00,0x03,0x66,0x9f,0xb6,0x65,0x12,0x23,0xfd,0x22,0x22,0x22,
  0x00,0x00,0x0b,0xfb,0x00,0x08,0xf8,0x07,0xfc,0xef,0xfc,0x71,0x00,0x00,0x00,0x00,0x00,0x00,0x2f,0x90,0x55,0x0a,0xf1,0x6f,
  0x50,0x9f,0x10,0x00,0x00,0xed,0x22,0x22,0x22,0x22,0x22,0x23,0xfb,0x00,0x00,0x0a,0xff,0xff,0xfe,0x0d,0xe0,0x00,0x00,0x00,
  0x00,0x5f,0x70,0x02,0xee,0x00,0x0f,0xc0,0x00,0x00,0x00,0xed,0x00,0xcf,0x00,0x00,0x00,0x4f,0x80,0x00,0x7f,0xff,0xff,0xff,
  0xff,0xff,0x30,0x01,0xcf,0xe8,0x9b,0xdf,0xfe,0x27,0xfe,0xa6,0x20,0x00,0x00,0x00,0x00,0x00,0x20,0x00,0x2f,0x90,0xdd,0x0a,
  0xf1,0x6f,0x50,0x9f,0x10,0x00,0x00,0xef,0xff,0xff,0xff,0xff,0xff,0xff,0xfb,0x00,0x00,0x03,0x44,0xcf,0x54,0x0d,0xe0,0x00,
  0x00,0x01,0x00,0x5f,0x70,0x08,0xf7,0x00,0x0f,0xc0,0x00,0x00,0x00,0xed,0x00,0xcf,0x00,0x00,0x00,0x4f,0x80,0x00,0x48,0x89,
  0xfe,0x88,0x88,0xcf,0x30,0x03,0xff,0xff,0xfe,0xc9,0x9f,0xa7,0xf4,0x00,0x00,0x01,0x00,0x00,0x00,0x09,0xe7,0x00,0x2f,0x90,
  0xdd,0x0a,0xf1,0x6f,0x50,0x9f,0x10,0x00,0x00,0x55,0x55,0x55,0x55,0x55,0x55,0x55,0x54,0x00,0x00,0x00,0x00,0xbf,0x10,0x0b,
  0xb0,0x2d,0x60,0x1c,0xc1,0x38,0x40,0x07,0xea,0x99,0xaf,0xe9,0x99,0x99,0x20,0xed,0x00,0xcf,0x00,0x00,0x00,0x4f,0x80,0x00,
  0x00,0x01,0xfc,0x00,0x00,0xaf,0x30,0x00,0x54,0x32,0x00,0x00,0x08,0x27,0xf4,0x00,0x00,0x3e,0x50,0x00,0x00,0x03,0xdf,0xa0,
  0x2f,0x90,0xdd,0x0a,0xf1,0x6f,0x50,0x9f,0x10,0x04,0xaa,0xaa,0xaa,0xaa,0xaa,0xaa,0xaa,0xaa,0xaa,0xaa,0x30,0x00,0x00,0xbf,
  0x10,0x00,0x01,0xdf,0x70,0x1b,0xfd,0x30,0x00,0x0b,0xff,0xff,0xff,0xff,0xff,0xff,0x30,0xed,0x00,0xcf,0x00,0x00,0x00,0x4f,
  0x80,0x00,0x00,0x01,0xfb,0x00,0x00,0xaf,0x20,0x00,0x16,0x66,0x66,0x66,0x62,0x07,0xf4,0x00,0x00,0x8f,0x50,0x00,0x00,0x00,
  0x1d,0xe3,0x2f,0x90,0xdd,0x0a,0xf1,0x6f,0x50,0x9f,0x10,0x04,0xaa,0xaa,0xaa,0xaa,0xaa,0xaa,0xaa,0xaa,0xaa,0xaa,0x30,0x00,
  0x00,0xbf,0x10,0x00,0x2d,0xfa,0x00,0x00,0x8f,0xe3,0x00,0x01,0x11,0x11,0x2f,0xc1,0x11,0x11,0x00,0xed,0x00,0xcf,0x00,0x00,
  0x00,0x4f,0x80,0x00,0x00,0x03,0xfa,0x00,0x00,0xaf,0x20,0x00,0x2f,0xff,0xff,0xff,0xf6,0x05,0xfe,0xba,0xac,0xfe,0x10,0x00,
  0x00,0x00,0x01,0x50,0x2f,0x90,0xdc,0x0a,0xf1,0x6f,0x50,0x9f,0x10,0x00,0x00,0x55,0x55,0x55,0x55,0x55,0x55,0x55,0x55,0x00,
  0x00,0x00,0x00,0xbf,0x5b,0x55,0xef,0x90,0x00,0x00,0x08,0xfb,0x00,0x00,0x00,0x00,0x0f,0xc0,0x00,0x00,0x00,0xed,0x00,0xcf,
  0x00,0x00,0x00,0x4f,0x80,0x00,0x00,0x05,0xf8,0x00,0x00,0xbf,0x20,0x00,0x2f,0xb3,0x33,0x38,0xf6,0x00,0x6a,0xcd,0xdd,0xb4,
  0x00,0x00,0x00,0x00,0x00,0x00,0x2f,0x90,0xec,0x0a,0xf1,0x6f,0x50,0x9f,0x10,0x00,0x00,0xff,0xff,0xff,0xff,0xff,0xff,0xff,
  0xfe,0x00,0x00,0x00,0x01,0xcf,0xfe,0x62,0xe6,0x00,0x00,0x00,0x00,0x92,0x00,0x00,0x46,0x66,0x7f,0xd6,0x66,0x64,0x00,0xed,
  0x00,0xcf,0x00,0x00,0x00,0x4f,0x80,0x00,0x00,0x07,0xf6,0x00,0x00,0xbf,0x20,0x00,0x2f,0xa0,0x00,0x06,0xf6,0x01,0x20,0x00,
  0x00,0x00,0x00,0x00,0x00,0x00,0x00,0x00,0x2f,0x90,0xeb,0x0a,0xf1,0x6f,0x50,0x9f,0x10,0x00,0x00,0xfc,0x11,0x11,0x2f,0xe1,
  0x11,0x11,0xde,0x00,0x00,0x04,0xae,0xff,0xb2,0x00,0x00,0x00,0x00,0x00,0x00,0x00,0x00,0x00,0xbf,0xff,0xff,0xff,0xff,0xfa,
  0x00,0xed,0x00,0xcf,0x00,0x00,0x00,0x4f,0x80,0x00,0x00,0x0a,0xf3,0x00,0x00,0xcf,0x10,0x00,0x2f,0xda,0xaa,0xac,0xf6,0x07,
  0xf4,0x00,0x00,0x00,0x00,0x00,0x00,0x00,0x01,0xc2,0x2f,0x90,0xfa,0x0a,0xf1,0x6f,0x50,0x9f,0x10,0x00,0x00,0xfe,0xcc,0xcc,
  0xcf,0xec,0xcc,0xcc,0xee,0x00,0x00,0x09,0xfe,0xef,0x10,0x00,0x99,0x99,0x99,0x99,0x99,0x94,0x00,0x00,0xbf,0x65,0x5f,0xd5,
  0x57,0xfa,0x00,0xed,0x00,0xcf,0x00,0x00,0x00,0x4f,0x80,0x00,0x00,0x0e,0xe0,0x00,0x00,0xcf,0x10,0x00,0x2f,0xec,0xcc,0xcd,
  0xf6,0x07,0xf4,0x00,0x03,0x99,0x00,0x00,0x00,0x00,0x05,0xf6,0x2f,0x92,0xf8,0x0a,0xf1,0x6f,0x50,0x9f,0x10,0x00,0x00,0xfd,
  0x55,0x55,0x5f,0xe5,0x55,0x55,0xee,0x00,0x00,0x03,0x71,0xbf,0x10,0x00,0xef,0xff,0xff,0xff,0xff,0xf7,0x00,0x00,0xbf,0x10,
  0x0f,0xc0,0x02,0xfa,0x00,0xed,0x00,0xcf,0x00,0x00,0x00,0x4f,0x80,0x00,0x00,0x4f,0xb0,0x00,0x00,0xdf,0x00,0x00,0x2f,0xa0,
  0x00,0x06,0xf6,0x07,0xf4,0x38,0xcf,0xfe,0x30,0x00,0x00,0x00,0x0a,0xf2,0x2f,0x95,0xf5,0x0a,0xf1,0x6f,0x50,0x9f,0x10,0x00,
  0x00,0xfe,0xaa,0xaa,0xaf,0xea,0xaa,0xaa,0xee,0x00,0x00,0x00,0x00,0xbf,0x10,0x00,0x00,0x00,0x3f,0xa0,0x00,0x00,0x00,0x00,
  0xbf,0x10,0x0f,0xc0,0x02,0xfa,0x00,0xed,0x00,0xcf,0x00,0x00,0x00,0x4f,0x80,0x49,0x80,0xaf,0x60,0x00,0x00,0xee,0x00,0x00,
  0x2f,0xa1,0x11,0x17,0xf6,0x07,0xfe,0xff,0xea,0x50,0x00,0x00,0x00,0x00,0x0e,0xc0,0x16,0x4a,0xf1,0x03,0x50,0x4a,0x40,0x9f,
  0x10,0x00,0x00,0xcc,0xcc,0xcc,0xcf,0xec,0xcc,0xcc,0xcb,0x00,0x00,0x00,0x00,0xbf,0x10,0x00,0x00,0x00,0x2f,0xa0,0x00,0x00,
  0x00,0x00,0xbf,0x10,0x0f,0xc0,0x02,0xfa,0x00,0xa9,0x00,0xcf,0x00,0x00,0x00,0x6f,0xde,0xff,0xa3,0xfe,0x10,0x00,0x00,0xed,
  0x00,0x00,0x2f,0xff,0xff,0xff,0xf6,0x07,0xfc,0x73,0x00,0x00,0x00,0x00,0x00,0x00,0x6f,0x80,0x00,0x2e,0xb2,0xb3,0x00,0x00,
  0x00,0x9f,0x10,0x00,0x03,0x33,0x33,0x33,0x4f,0xe3,0x33,0x33,0x33,0x30,0x00,0x00,0x00,0xbf,0x10,0x00,0x00,0x00,0x2f,0xa0,
  0x00,0x00,0x00,0x00,0xbf,0x10,0x0f,0xc0,0x02,0xfa,0x00,0x00,0x00,0xcf,0x00,0x06,0xbe,0xff,0xeb,0x62,0x0c,0xf8,0x00,0x00,
  0x01,0xfc,0x00,0x00,0x2f,0xc5,0x55,0x59,0xf6,0x07,0xf4,0x00,0x00,0x03,0x00,0x00,0x00,0x00,0xcf,0x30,0x00,0xaf,0x42,0xed,
  0x10,0x00,0x00,0x9f,0x10,0x00,0x0c,0xff,0xff,0xff,0xff,0xff,0xff,0xff,0xff,0xc0,0x00,0x00,0x00,0xbf,0x10,0x00,0x00,0x00,
  0x2f,0xa0,0x00,0x00,0x00,0x00,0xbf,0x10,0x0f,0xc3,0x58,0xf9,0x00,0x00,0x00,0xcf,0x00,0x08,0xec,0x84,0x10,0x00,0x8f,0xd1,
  0x00,0x00,0x03,0xfa,0x00,0x00,0x2f,0xa0,0x00,0x06,0xf6,0x07,0xf4,0x00,0x00,0x0e,0xc0,0x00,0x00,0x04,0xfb,0x00,0x07,0xfb,
  0x00,0x6f,0x90,0x00,0x00,0xaf,0x10,0x00,0x01,0x22,0x22,0x22,0x2f,0xe2,0x22,0x22,0x22,0x10,0x00,0x00,0x00,0xcf,0x10,0x04,
  0x44,0x44,0x6f,0xb4,0x44,0x44,0x20,0x00,0xbf,0x10,0x0f,0xc6,0xff,0xe4,0x00,0x00,0x00,0xdf,0x00,0x01,0x00,0x00,0x00,0x07,
  0xfe,0x40,0x02,0x10,0x0a,0xf6,0x00,0x00,0x2f,0xa0,0x00,0x07,0xf6,0x07,0xf4,0x00,0x00,0x3f,0xa0,0x00,0x00,0x0b,0xf5,0x00,
  0x7f,0xd1,0x00,0x0c,0xe3,0x0d,0xcb,0xef,0x00,0x0b,0xdd,0xdd,0xdd,0xdd,0xdf,0xed,0xdd,0xdd,0xdd,0xdd,0xa0,0x08,0xcb,0xfe,
  0x00,0x1f,0xff,0xff,0xff,0xff,0xff,0xff,0xa0,0x00,0x34,0x00,0x0f,0xc1,0x55,0x20,0x00,0x9c,0xaa,0xfe,0x00,0x00,0x00,0x00,
  0x00,0x9f,0xf6,0x00,0x0b,0xff,0xff,0xe1,0x00,0x00,0x2f,0xa0,0x8b,0xbd,0xf4,0x05,0xfe,0xbb,0xab,0xef,0x60,0x00,0x00,0x05,
  0xd0,0x00,0x3d,0x20,0x00,0x04,0xb2,0x09,0xef,0xf9,0x00,0x09,0xaa,0xaa,0xaa,0xaa,0xaa,0xaa,0xaa,0xaa,0xaa,0xaa,0x80,0x04,
  0xef,0xf8,0x00,0x06,0x66,0x66,0x66,0x66,0x66,0x66,0x40,0x00,0x00,0x00,0x0f,0xc0,0x00,0x00,0x00,0x5e,0xff,0xe7,0x00,0x00,
  0x00,0x00,0x00,0x2d,0x50,0x00,0x04,0x9a,0xb9,0x20,0x00,0x00,0x2f,0xa0,0x5d,0xed,0x80,0x00,0x7b,0xde,0xee,0xc8,0x00,0x00,
  0x00,0x00,0x00,0x00,0x00,0x00,0x00,0x00,0x00,0x00,0x01,0x10,0x00,0x00,0x00,0x00,0x00,0x00,0x00,0x00,0x00,0x00,0x00,0x00,
  0x00,0x00,0x01,0x10,0x00,0x00,0x00,0x00,0x00,0x00,0x00,0x00,0x00,0x00,0x00,0x00,0x02,0x10,0x00,0x00,0x00,0x00,0x12,0x10,
  0x00,0x00,0x00,0x00,0x00,0x00,0x00,0x00,0x00,0x00,0x00,0x00,0x00,0x00,0x02,0x10,0x00,0x00,0x00,0x00,0x00,0x00,0x00,0x00,
  0x00,0x00,0x00,0x00,0x00,0x00,0x00,0x00,0x00,0x00,0x00,0x00,0x00,0x00,0x00,0x00,0x00,0x00,0x00,0x00,0x00,0x00,0x00,0x00,
  0x00,0x00,0x00,0x00,0x00,0x00,0x00,0x00,0x00,0x00,0x00,0x00,0x00,0x00,0x00,0x00,0x00,0x00,0x00,0x00,0x00,0x00,0x00,0x00,
  0x00,0x00,0x00,0x00,0x00,0x00,0x00,0x00,0x00,0x00,0x00,0x00,0x00,0x00,0x00,0x00,0x00,0x00,0x00,0x00,0x00,0x00,0x00,0x00,
  0x00,0x00,0x00,0x00,0x00,0x00,0x00,0x00,0x00,0x00,0x00,0x00,0x00,0x00,0x00,0x00,0x00,0x00,0x00,0x00,0x00,0x00,0x00,0x00,
  0x00,0x00,0x00,0x00,0x00,0x00,0x00,0x00,0x00,0x00,0x00,0x00,0x00,0x00,0x00,0x00,0x00,0x00,0x00,0x00,0x00,0x00,0x00,0x00,
  0x00,0x00,0x00,0x00,0x00,0x00,0x00,0x00,0x00,0x00,0x00,0x00,0x00,0x00,0x00,0x00,0x00,0x00,0x00,0x00,0x00,0x00,0x00,0x00,
  0x00,0x00,0x00,0x00,0x00,0x00,
};
#define GUI_TXT_M_LINE1_W 148
#define GUI_TXT_M_LINE1_H 27

static const uint8_t gui_txt_m_line2_bits[4509] = {
  0x00,0x00,0x00,0x00,0x00,0x00,0x00,0x00,0x00,0x00,0x00,0x00,0x00,0x00,0x00,0x00,0x00,0x00,0x00,0x00,0x00,0x00,0x00,0x00,
  0x00,0x00,0x00,0x00,0x00,0x00,0x00,0x00,0x00,0x00,0x00,0x00,0x00,0x00,0x00,0x00,0x00,0x00,0x00,0x00,0x00,0x00,0x00,0x00,
  0x00,0x00,0x00,0x00,0x00,0x00,0x00,0x00,0x00,0x00,0x00,0x00,0x00,0x00,0x00,0x00,0x00,0x00,0x00,0x00,0x00,0x00,0x00,0x00,
  0x00,0x00,0x00,0x00,0x00,0x00,0x00,0x00,0x00,0x00,0x00,0x00,0x00,0x00,0x00,0x00,0x00,0x00,0x00,0x00,0x00,0x00,0x00,0x00,
  0x00,0x00,0x00,0x00,0x00,0x00,0x00,0x00,0x00,0x00,0x00,0x00,0x00,0x00,0x00,0x00,0x00,0x00,0x00,0x00,0x00,0x00,0x00,0x00,
  0x00,0x00,0x00,0x00,0x00,0x00,0x00,0x00,0x00,0x00,0x00,0x00,0x00,0x00,0x00,0x00,0x00,0x00,0x00,0x00,0x00,0x00,0x00,0x00,
  0x00,0x00,0x00,0x00,0x00,0x00,0x00,0x00,0x00,0x00,0x00,0x00,0x00,0x00,0x00,0x00,0x00,0x00,0x00,0x00,0x00,0x00,0x00,0x00,
  0x00,0x00,0x00,0x00,0x00,0x00,0x00,0x00,0x00,0x00,0x00,0x00,0x00,0x00,0x00,0x00,0x00,0x00,0x00,0x00,0x00,0x00,0x00,0x00,
  0x00,0x00,0x00,0x00,0x00,0x00,0x00,0x00,0x00,0x00,0x00,0x00,0x00,0x00,0x00,0x00,0x00,0x00,0x00,0x00,0x00,0x00,0x00,0x00,
  0x00,0x00,0x00,0x00,0x00,0x00,0x00,0x00,0x00,0x00,0x00,0x00,0x00,0x00,0x00,0x00,0x00,0x00,0x00,0x00,0x00,0x00,0x00,0x00,
  0x00,0x00,0x00,0x00,0x00,0x00,0x00,0x00,0x00,0x00,0x00,0x00,0x00,0x00,0x00,0x00,0x00,0x00,0x00,0x00,0x00,0x00,0x00,0x00,
  0x00,0x00,0x00,0x00,0x00,0x00,0x00,0x00,0x00,0x00,0x00,0x00,0x00,0x00,0x00,0x00,0x00,0x00,0x00,0x00,0x00,0x00,0x00,0x00,
  0x00,0x00,0x00,0x00,0x00,0x00,0x00,0x00,0x00,0x00,0x00,0x00,0x00,0x00,0x00,0x00,0x00,0x00,0x00,0x00,0x00,0x00,0x00,0x00,
  0x00,0x00,0x00,0x00,0x00,0x00,0x00,0x00,0x00,0x00,0x00,0x00,0x00,0x00,0x00,0x00,0x00,0x00,0x00,0x00,0x00,0x00,0x00,0x00,
  0x00,0x00,0x20,0x00,0x00,0x00,0x07,0x50,0x00,0x00,0x00,0x00,0x00,0x56,0x00,0x00,0x00,0x00,0x03,0x10,0x00,0x00,0x00,0x00,
  0x00,0x00,0x00,0x00,0x20,0x00,0x00,0x00,0x00,0x00,0x00,0x00,0x00,0x00,0x00,0x00,0x00,0x00,0x00,0x00,0x00,0x00,0x00,0x00,
  0x00,0x00,0x00,0x00,0x00,0x00,0x00,0x00,0x00,0x00,0x00,0x00,0x00,0x00,0x00,0x00,0x01,0x50,0x00,0x00,0x00,0x00,0x00,0x00,
  0x00,0x00,0x00,0x00,0x00,0x00,0x00,0x00,0x00,0x00,0x00,0x00,0x00,0x00,0x05,0x50,0x00,0x00,0x00,0x00,0x00,0x00,0x00,0x00,
  0x00,0x00,0x00,0x00,0x00,0x00,0x00,0x00,0x00,0x00,0x00,0x00,0x00,0x00,0x00,0x00,0x00,0x00,0x00,0x00,0x00,0x00,0x00,0x00,
  0x00,0x55,0x00,0x00,0x00,0x00,0x00,0x00,0x00,0x00,0x00,0x00,0x00,0x00,0x01,0x40,0x00,0x00,0x00,0x00,0x00,0x00,0x00,0x00,
  0x00,0x00,0x00,0x00,0x00,0x13,0x10,0x00,0x00,0x00,0x00,0x51,0x00,0x00,0x30,0x00,0x00,0x00,0x00,0x00,0x00,0x00,0x00,0x00,
  0x07,0xe6,0x00,0x00,0x00,0x1f,0xb0,0x00,0x00,0x00,0x00,0x00,0xdf,0x00,0x00,0x00,0x00,0x8f,0x70,0x00,0x00,0x00,0x00,0x00,
  0x00,0x00,0x09,0xf4,0x00,0x00,0x00,0x00,0x00,0x00,0x00,0x5e,0x70,0x00,0x07,0x77,0x77,0x77,0x77,0x77,0x10,0x00,0x00,0x5e,
  0x70,0x00,0x57,0x77,0x77,0x77,0x77,0x77,0x72,0x00,0x00,0x00,0x00,0x00,0x00,0x0a,0xf7,0x00,0x00,0x00,0x00,0x00,0x00,0x00,
  0x00,0x00,0x00,0x00,0x00,0x00,0x00,0x00,0x00,0x00,0x00,0x00,0x00,0x0e,0xd0,0x00,0x00,0x00,0x00,0x00,0x00,0x02,0x99,0x99,
  0x99,0x99,0x99,0x99,0x99,0x99,0x99,0x93,0x00,0x00,0x00,0x00,0x00,0x00,0x00,0x00,0x00,0x00,0x00,0x00,0x00,0x00,0x00,0x00,
  0xed,0x00,0x00,0x00,0x00,0x00,0x00,0x00,0x5e,0x70,0x00,0x00,0x00,0x0b,0xf4,0x00,0x00,0x00,0x00,0x00,0x00,0x00,0x11,0x23,
  0x45,0x67,0x9a,0xce,0xff,0xa0,0x00,0x00,0x00,0x07,0xf9,0x00,0x07,0xf5,0x00,0x00,0x00,0x00,0x00,0x00,0x00,0x00,0x00,0x3e,
  0xe1,0x00,0x00,0x00,0x1f,0xb0,0x00,0x00,0x00,0x00,0x00,0xdf,0x00,0x00,0x00,0x00,0x5f,0xb0,0x00,0x00,0x00,0x00,0x00,0x00,
  0x00,0x08,0xfd,0x00,0x00,0x00,0x00,0x00,0x00,0x00,0x5e,0xfc,0x10,0x1f,0xff,0xff,0xff,0xff,0xff,0x30,0x00,0x00,0x5e,0xfc,
  0x10,0xcf,0xff,0xff,0xff,0xff,0xff,0xf5,0x00,0x00,0x05,0x88,0x88,0x88,0x8a,0xfd,0x88,0x88,0x88,0x88,0x10,0x00,0x00,0x00,
  0x00,0x00,0x00,0x00,0x00,0x00,0x00,0x00,0x00,0x00,0x00,0x00,0x0e,0xd0,0x00,0x00,0x00,0x00,0x00,0x00,0x04,0xff,0xff,0xff,
  0xff,0xff,0xff,0xff,0xff,0xff,0xf4,0x00,0x00,0x00,0x00,0x00,0x00,0x00,0x00,0x00,0x00,0x00,0x00,0x00,0x00,0x00,0x00,0xed,
  0x00,0x00,0x00,0x00,0x00,0x00,0x00,0x5e,0xfc,0x10,0x00,0x00,0x03,0xfc,0x00,0x00,0x00,0x00,0x00,0x7f,0xff,0xff,0xff,0xff,
  0xff,0xff,0xec,0xa8,0x70,0x00,0x00,0x00,0x2e,0xf9,0x88,0x88,0xfd,0x88,0x88,0x88,0x84,0x00,0x00,0x00,0x00,0x01,0xdf,0x50,
  0x01,0xaa,0xaa,0xaf,0xea,0xaa,0xa8,0x00,0x00,0x00,0xdf,0x00,0x08,0xff,0xff,0xff,0xff,0xff,0xff,0x40,0x00,0x00,0x00,0x00,
  0x00,0xdf,0x70,0x00,0x00,0x00,0x00,0x00,0x00,0x02,0xcf,0xc0,0x1f,0xc3,0x33,0x33,0x33,0xaf,0x30,0x00,0x00,0x02,0xcf,0xc0,
  0xcf,0x33,0x33,0x33,0x33,0x39,0xf5,0x00,0x00,0x0a,0xff,0xff,0xff,0xff,0xff,0xff,0xff,0xff,0xff,0x30,0x00,0x00,0x00,0x00,
  0x00,0x00,0x8f,0x70,0x00,0x00,0x00,0x02,0x44,0x44,0x44,0x4e,0xe4,0x44,0x44,0x44,0x30,0x00,0x00,0x04,0xf9,0x11,0x11,0x11,
  0x11,0x11,0x11,0x11,0x11,0x10,0x00,0x00,0x00,0x00,0x00,0x00,0x08,0xf7,0x00,0x00,0x00,0x00,0x24,0x44,0x44,0x44,0xee,0x44,
  0x44,0x44,0x43,0x00,0x00,0x00,0x02,0xcf,0xc0,0x9b,0xbb,0xbb,0xef,0xcb,0xbb,0xbb,0x40,0x00,0x2b,0xaa,0x99,0x87,0x65,0x43,
  0x20,0x00,0x25,0x00,0x00,0x00,0x00,0xcf,0xff,0xff,0xff,0xff,0xff,0xff,0xff,0xf8,0x00,0x00,0x00,0x00,0x2d,0xf9,0x00,0x02,
  0xff,0xff,0xff,0xff,0xff,0xfc,0x00,0x03,0x77,0xef,0x77,0x35,0x99,0x99,0x99,0x99,0x99,0x99,0x20,0x00,0x00,0x00,0x00,0x00,
  0x5f,0xe1,0x00,0x00,0x00,0x00,0x00,0x00,0x00,0x0a,0x50,0x1f,0xb0,0x00,0x00,0x00,0x9f,0x30,0x00,0x00,0x00,0x0a,0x50,0xcf,
  0x00,0x00,0x00,0x00,0x07,0xf5,0x00,0x00,0x0a,0xf4,0x22,0x24,0x52,0x22,0x22,0x35,0x32,0x22,0x00,0x00,0x00,0x00,0x00,0x00,
  0x00,0xdf,0x20,0x00,0x00,0x00,0x08,0xff,0xff,0xff,0xff,0xff,0xff,0xff,0xff,0xa0,0x00,0x00,0x04,0xf8,0x00,0x00,0x00,0x01,
  0x10,0x00,0x00,0x00,0x00,0x00,0x00,0x00,0x00,0x00,0x00,0x0d,0xf2,0x00,0x00,0x00,0x00,0x8f,0xff,0xff,0xff,0xff,0xff,0xff,
  0xff,0xfa,0x00,0x00,0x00,0x00,0x0a,0x50,0xbd,0xdd,0xef,0xed,0xdd,0xdd,0xdd,0x50,0x00,0x00,0x41,0x00,0x00,0x3c,0x30,0x00,
  0x00,0x9f,0x80,0x00,0x00,0x0b,0xff,0x30,0x00,0x00,0xfd,0x00,0x00,0x00,0x00,0x00,0x00,0x00,0x03,0xdf,0x90,0x00,0x00,0x00,
  0x00,0x1f,0xb0,0x00,0x00,0x00,0x07,0xff,0xff,0xff,0x80,0x04,0xa1,0x00,0x00,0x99,0x20,0x00,0x00,0x00,0x00,0x00,0x00,0x0e,
  0xf7,0x00,0x00,0x00,0x00,0x00,0x00,0x00,0x00,0x00,0x1f,0xd8,0x88,0x88,0x88,0xcf,0x30,0x00,0x00,0x00,0x00,0x00,0xcf,0xaa,
  0xaa,0xaa,0xaa,0xac,0xf5,0x00,0x00,0x0a,0xf2,0x00,0x0c,0xe0,0x00,0x00,0x4f,0x70,0x00,0x00,0x00,0x00,0x00,0x00,0x00,0x04,
  0xfb,0x00,0x00,0x00,0x00,0x08,0xf9,0x77,0x77,0x7e,0xe7,0x77,0x77,0x8f,0xa0,0x00,0x00,0x04,0xf8,0x00,0x00,0x00,0x0a,0xf2,
  0x00,0x00,0x00,0x00,0x00,0x00,0x00,0x00,0x00,0x00,0x4f,0xb0,0x00,0x00,0x00,0x00,0x8f,0x97,0x77,0x77,0xee,0x77,0x77,0x78,
  0xfa,0x00,0x00,0x00,0x00,0x00,0x00,0x00,0x00,0xde,0x30,0x00,0x20,0x00,0x00,0x00,0x05,0xfb,0x00,0x00,0x5f,0xd0,0x00,0x02,
  0xee,0x10,0x00,0x00,0xbf,0xff,0xa9,0x99,0x99,0xfe,0x99,0x99,0x99,0x30,0x00,0x00,0x00,0x04,0xe8,0x00,0x6b,0x20,0x00,0x00,
  0x1f,0xb0,0x00,0x00,0x00,0x02,0x44,0xdf,0x44,0x20,0x05,0xf8,0x00,0x01,0xee,0x10,0x00,0x00,0x00,0x00,0x00,0x00,0x3f,0xfe,
  0x00,0x00,0x00,0x00,0x00,0x00,0x30,0x00,0x00,0x1f,0xff,0xff,0xff,0xff,0xff,0x30,0x00,0x00,0x30,0x00,0x00,0xcf,0xee,0xee,
  0xee,0xee,0xee,0xf5,0x00,0x00,0x0a,0xf4,0x66,0x6d,0xe6,0x66,0x66,0x8f,0xa6,0x66,0x00,0x00,0x00,0x00,0x00,0x00,0x0a,0xf5,
  0x00,0x00,0x00,0x00,0x08,0xf4,0x00,0x00,0x0e,0xd0,0x00,0x00,0x2f,0xa0,0x00,0x00,0x04,0xf8,0x00,0x00,0x00,0x0a,0xf2,0x00,
  0x00,0x00,0x00,0x00,0x00,0x00,0x00,0x00,0x00,0xaf,0x50,0x00,0x00,0x00,0x00,0x8f,0x40,0x00,0x00,0xed,0x00,0x00,0x02,0xfa,
  0x00,0x00,0x00,0x30,0x00,0x00,0x00,0x08,0xf9,0x00,0x06,0xe5,0x00,0x00,0x00,0x00,0xbf,0x80,0x00,0x0a,0xf8,0x00,0x0a,0xf8,
  0x00,0x00,0x08,0xfc,0xcf,0xdd,0xdd,0xdd,0xfe,0xdd,0xdd,0xdd,0x40,0x00,0x00,0x00,0x00,0x20,0x01,0xee,0x32,0x22,0x22,0x3f,
  0xc2,0x22,0x22,0x10,0x00,0x00,0xdf,0x00,0x00,0x00,0xde,0x00,0x07,0xf8,0x00,0x00,0x00,0x00,0x00,0x00,0x00,0x9f,0xff,0x50,
  0x00,0x00,0x00,0x00,0x06,0xfb,0x20,0x00,0x1f,0xc2,0x22,0x22,0x22,0xaf,0x30,0x00,0x06,0xfb,0x20,0x00,0xcf,0x00,0x00,0x00,
  0x00,0x07,0xf5,0x00,0x00,0x0a,0xf8,0xff,0xff,0xff,0xff,0xff,0xff,0xff,0xff,0x00,0x00,0x00,0x00,0x00,0x00,0x1e,0xe0,0x00,
  0x00,0x00,0x00,0x08,0xf4,0x00,0x00,0x0e,0xd0,0x00,0x00,0x2f,0xa0,0x00,0x00,0x04,0xf8,0x00,0x00,0x00,0x0a,0xf2,0x00,0x00,
  0x00,0x00,0x00,0x00,0x00,0x00,0x00,0x01,0xee,0x00,0x00,0x00,0x00,0x00,0x8f,0x40,0x00,0x00,0xed,0x00,0x00,0x02,0xfa,0x00,
  0x00,0x06,0xfb,0x20,0x00,0x00,0x4f,0xd0,0x00,0x04,0xee,0x20,0x00,0x00,0x00,0x1e,0xe3,0x00,0x01,0xed,0x00,0x4f,0xd1,0x00,
  0x00,0x02,0xb1,0xaf,0x20,0x00,0x00,0xfd,0x00,0x00,0x00,0x00,0x00,0x00,0x00,0x00,0x00,0x0a,0xf7,0x5f,0xff,0xff,0xff,0xff,
  0xff,0xff,0xa0,0x00,0x00,0xdf,0x00,0x1a,0xaa,0xdf,0xba,0xae,0xfb,0xaa,0x70,0x00,0x00,0x00,0x00,0x00,0xef,0x8f,0xb0,0x00,
  0x00,0x00,0x00,0x02,0xbf,0xe5,0x00,0x1f,0xb0,0x00,0x00,0x00,0x9f,0x30,0x00,0x02,0xbf,0xe5,0x00,0xcf,0x00,0x00,0x00,0x00,
  0x07,0xf5,0x00,0x00,0x0a,0xf3,0x22,0x2c,0xe2,0x22,0x22,0x6f,0x82,0x22,0x00,0x00,0x00,0x00,0x00,0x00,0x6f,0x90,0x00,0x00,
  0x00,0x00,0x08,0xf5,0x00,0x00,0x0e,0xd0,0x00,0x00,0x3f,0xa0,0x00,0x00,0x04,0xf8,0x00,0x00,0x00,0x0a,0xf2,0x00,0x00,0x00,
  0x00,0x00,0x00,0x00,0x00,0x00,0x06,0xf9,0x00,0x00,0x00,0x00,0x00,0x8f,0x50,0x00,0x00,0xed,0x00,0x00,0x03,0xfa,0x00,0x00,
  0x02,0xbf,0xe5,0x00,0x03,0xee,0x20,0x00,0x02,0xbf,0xb0,0x00,0x00,0x00,0x06,0xe6,0x00,0x00,0x40,0x00,0xbf,0x40,0x00,0x00,
  0x00,0x00,0xaf,0xba,0xaa,0xaa,0xfe,0xaa,0xaa,0xaa,0x30,0x00,0x00,0x00,0x00,0x00,0x7f,0xc0,0x38,0x88,0x88,0x88,0x88,0x88,
  0x88,0x60,0x00,0x00,0xdf,0x00,0x1e,0xee,0xee,0xee,0xee,0xee,0xee,0xa0,0x00,0x00,0x00,0x00,0x06,0xfb,0x0e,0xf2,0x00,0x00,
  0x00,0x00,0x00,0x08,0xf6,0x00,0x1f,0xd7,0x77,0x77,0x77,0xcf,0x30,0x00,0x00,0x08,0xf6,0x00,0xcf,0xee,0xee,0xee,0xee,0xee,
  0xf5,0x00,0x00,0x0a,0xf2,0x00,0x0c,0xe0,0x00,0x00,0x4f,0x70,0x00,0x00,0x00,0x00,0x00,0x00,0x00,0xcf,0x30,0x00,0x00,0x00,
  0x00,0x08,0xff,0xff,0xff,0xff,0xff,0xff,0xff,0xff,0xa0,0x00,0x00,0x04,0xf8,0x02,0x44,0x44,0x4c,0xf6,0x44,0x44,0x41,0x00,
  0x00,0x00,0x00,0x00,0x00,0x0c,0xf3,0x00,0x00,0x00,0x00,0x00,0x8f,0xff,0xff,0xff,0xff,0xff,0xff,0xff,0xfa,0x00,0x00,0x00,
  0x08,0xf6,0x00,0x4e,0xfb,0x9a,0xbd,0xff,0xff,0xf4,0x00,0x00,0x00,0x00,0x20,0x00,0x0b,0x90,0x00,0x04,0x00,0x00,0x00,0x00,
  0x00,0xaf,0xba,0xaa,0xaa,0xfe,0xaa,0xaa,0xaa,0x30,0x00,0x00,0x00,0x00,0x06,0xff,0x20,0x00,0x00,0x00,0x00,0x00,0x8b,0x10,
  0x00,0x00,0x00,0xdf,0x02,0x10,0x00,0x02,0x52,0x00,0x00,0x00,0x00,0x00,0x00,0x00,0x00,0x0c,0xf5,0x09,0xf7,0x00,0x00,0x00,
  0x00,0x00,0x00,0x40,0x00,0x1f,0xff,0xff,0xff,0xff,0xff,0x30,0x00,0x00,0x00,0x40,0x00,0x9a,0xaa,0xaa,0xaa,0xaa,0xaa,0xa4,
  0x00,0x00,0x0a,0xf2,0x00,0x0c,0xe9,0x99,0x99,0xbf,0x70,0x00,0x00,0x00,0x00,0x00,0x00,0x02,0xfd,0x00,0x00,0x00,0x00,0x00,
  0x08,0xfc,0xaa,0xaa,0xae,0xea,0xaa,0xaa,0xbf,0xa0,0x00,0x00,0x04,0xf8,0x08,0xff,0xff,0xff,0xff,0xff,0xff,0xf5,0x00,0x00,
  0x00,0x00,0x00,0x00,0x2f,0xd0,0x00,0x00,0x00,0x00,0x00,0x8f,0xca,0xaa,0xaa,0xee,0xaa,0xaa,0xab,0xfa,0x00,0x00,0x00,0x00,
  0x40,0x00,0x4f,0xfe,0xdc,0xb9,0x76,0x46,0xfc,0x00,0x00,0x00,0x00,0x00,0x00,0x0f,0xc0,0x00,0x00,0x00,0x00,0x00,0x00,0x00,
  0xaf,0x20,0x00,0x00,0xfd,0x00,0x00,0x00,0x00,0x00,0x00,0x00,0x00,0x6e,0xff,0x00,0x00,0x00,0x00,0x00,0x00,0xaf,0x20,0x00,
  0x00,0x00,0xdf,0xbf,0x40,0x00,0x09,0xf5,0x00,0x00,0x00,0x00,0x00,0x00,0x00,0x00,0x4f,0xd0,0x03,0xfd,0x00,0x00,0x00,0x00,
  0x00,0x00,0x00,0x00,0x02,0x22,0x22,0x22,0x22,0x22,0x00,0x00,0x00,0x00,0x00,0x00,0x00,0x00,0x32,0x01,0x31,0x00,0x00,0x00,
  0x00,0x0b,0xf2,0x00,0x0b,0xee,0xee,0xee,0xee,0x60,0x00,0x00,0x00,0x00,0x00,0x00,0x08,0xf7,0x00,0x00,0x00,0x00,0x00,0x08,
  0xf4,0x00,0x00,0x0e,0xd0,0x00,0x00,0x2f,0xa0,0x00,0x00,0x04,0xf8,0x03,0x77,0x77,0x7c,0xf8,0x77,0x77,0x72,0x00,0x00,0x00,
  0x00,0x00,0x00,0x8f,0x70,0x00,0x00,0x00,0x00,0x00,0x8f,0x40,0x00,0x00,0xed,0x00,0x00,0x02,0xfa,0x00,0x00,0x00,0x00,0x00,
  0x00,0x02,0x10,0x00,0x00,0x00,0x00,0x72,0x00,0x02,0xaa,0xaa,0xaa,0xaa,0xaf,0xea,0xaa,0xaa,0xaa,0xaa,0x10,0x00,0x00,0xaf,
  0xff,0xff,0xff,0xff,0xff,0xff,0xff,0xfc,0x00,0x00,0x00,0x07,0xfe,0xdf,0x00,0x1a,0xaa,0xaa,0xaa,0xaa,0xdf,0xba,0x80,0x00,
  0x49,0xef,0xfa,0x68,0x88,0x9e,0xf9,0x88,0x88,0x88,0x60,0x00,0x00,0x00,0x00,0xcf,0x60,0x00,0xcf,0x50,0x00,0x00,0x00,0x00,
  0x00,0x20,0x00,0x11,0x11,0x11,0x11,0x11,0x11,0x10,0x00,0x00,0x00,0x20,0x00,0x00,0x00,0xfb,0x06,0xf5,0x00,0x10,0x00,0x00,
  0x0c,0xf1,0x00,0x00,0x00,0x00,0x00,0x00,0x00,0x00,0x00,0x00,0x00,0x00,0x00,0x0d,0xf2,0x00,0x00,0x00,0x00,0x00,0x08,0xf4,
  0x00,0x00,0x0e,0xd0,0x00,0x00,0x2f,0xa0,0x00,0x00,0x05,0xf7,0x00,0x00,0x00,0x0a,0xf2,0x00,0x00,0x00,0x00,0x00,0x00,0x00,
  0x00,0x00,0xdf,0x20,0x00,0x00,0x00,0x00,0x00,0x8f,0x40,0x00,0x00,0xed,0x00,0x00,0x02,0xfa,0x00,0x00,0x00,0x00,0x20,0x00,
  0x00,0xac,0x01,0x85,0x03,0xa4,0x00,0x00,0x03,0xff,0xff,0xff,0xff,0xff,0xff,0xff,0xff,0xff,0xff,0x10,0x00,0x00,0xaf,0xa8,
  0x88,0x88,0x88,0x88,0x88,0x88,0x87,0x00,0x00,0x00,0x05,0xd3,0xbf,0x00,0x2f,0xff,0xff,0xff,0xff,0xff,0xff,0xb0,0x0a,0xff,
  0xff,0x20,0x7f,0xff,0xff,0xff,0xff,0xff,0xff,0xa0,0x00,0x00,0x00,0x06,0xfd,0x00,0x00,0x5f,0xc0,0x00,0x00,0x00,0x00,0x00,
  0xbc,0x01,0xff,0xff,0xff,0xff,0xff,0xff,0xf4,0x00,0x00,0x00,0xbc,0x04,0xd4,0x00,0xfb,0x06,0xf5,0x00,0xbc,0x10,0x00,0x0c,
  0xf0,0x37,0x77,0x77,0x77,0x77,0x77,0x77,0x30,0x00,0x00,0x00,0x00,0x00,0x4f,0xb0,0x00,0x00,0x00,0x00,0x00,0x08,0xf4,0x00,
  0x00,0x0e,0xd0,0x00,0x00,0x2f,0xa0,0x00,0x00,0x06,0xf7,0x00,0x00,0x00,0x0a,0xf2,0x04,0xd4,0x00,0x00,0x00,0x00,0x00,0x00,
  0x04,0xfb,0x00,0x00,0x00,0x00,0x00,0x00,0x8f,0x40,0x00,0x00,0xed,0x00,0x00,0x02,0xfa,0x00,0x00,0x00,0x00,0xbc,0x00,0x00,
  0xcf,0x01,0xf9,0x05,0xf6,0x00,0x00,0x00,0x00,0x00,0x00,0x2d,0xef,0xef,0xb1,0x00,0x00,0x00,0x00,0x00,0x00,0x58,0x10,0x00,
  0x0a,0xa0,0x00,0x00,0x00,0x00,0x00,0x00,0x00,0x00,0x10,0xbf,0x00,0x01,0x11,0x11,0x11,0x11,0xbf,0x31,0x10,0x05,0xd7,0xdf,
  0x00,0x01,0x13,0xed,0x11,0x11,0xaf,0x51,0x00,0x00,0x00,0x00,0x1e,0xf5,0x00,0x00,0x0d,0xf5,0x00,0x00,0x00,0x00,0x01,0xfd,
  0x01,0xfc,0x89,0xfb,0x8a,0xfa,0x8b,0xf4,0x00,0x00,0x01,0xfd,0x04,0xfc,0x00,0xfb,0x06,0xf5,0x04,0xfc,0x00,0x00,0x0e,0xe0,
  0x6f,0xff,0xff,0xff,0xff,0xff,0xff,0x70,0x00,0x00,0x00,0x00,0x00,0xaf,0x50,0x00,0x00,0x00,0x00,0x00,0x08,0xfd,0xcc,0xcc,
  0xce,0xec,0xcc,0xcc,0xcf,0xa0,0x00,0x00,0x08,0xf6,0x00,0x00,0x00,0x0a,0xf2,0x03,0xee,0x20,0x00,0x00,0x00,0x00,0x00,0x0a,
  0xf5,0x00,0x00,0x00,0x00,0x00,0x00,0x8f,0xdc,0xcc,0xcc,0xee,0xcc,0xcc,0xcc,0xfa,0x00,0x00,0x00,0x01,0xfd,0x00,0x00,0xee,
  0x01,0xf9,0x05,0xf6,0x00,0x00,0x00,0x00,0x00,0x01,0xcf,0x7f,0xc8,0xfa,0x00,0x00,0x00,0x00,0x01,0x33,0x33,0x33,0x33,0x3e,
  0xe3,0x33,0x33,0x33,0x33,0x10,0x00,0x00,0x00,0x00,0xbf,0x00,0x00,0x18,0x90,0x00,0x00,0xaf,0x20,0x00,0x00,0x00,0xdf,0x00,
  0x00,0x0b,0xe4,0x00,0x01,0xed,0x00,0x00,0x00,0x00,0x00,0xbf,0xb0,0x00,0x00,0x06,0xfd,0x00,0x00,0x00,0x00,0x07,0xf9,0x01,
  0xf9,0x02,0xf7,0x05,0xf5,0x07,0xf4,0x00,0x00,0x07,0xf9,0x00,0xbf,0x50,0xfb,0x06,0xf5,0x0c,0xf5,0x00,0x00,0x2f,0xc0,0x02,
  0xcf,0x91,0x11,0x11,0x2a,0xfe,0x20,0x00,0x00,0x00,0x00,0x01,0xee,0x00,0x00,0x00,0x00,0x00,0x00,0x08,0xfe,0xee,0xee,0xef,
  0xfe,0xee,0xee,0xee,0xa0,0x00,0x00,0x0a,0xf4,0x00,0x00,0x00,0x0a,0xf2,0x00,0x6f,0xb0,0x00,0x00,0x00,0x00,0x00,0x1e,0xe0,
  0x00,0x00,0x00,0x00,0x00,0x00,0x8f,0xee,0xee,0xee,0xff,0xee,0xee,0xee,0xea,0x00,0x00,0x00,0x07,0xf9,0x00,0x01,0xfc,0x01,
  0xf9,0x05,0xf6,0x00,0x00,0x00,0x00,0x00,0x3d,0xf8,0x0f,0xc0,0xaf,0xb1,0x00,0x00,0x00,0x06,0xff,0xff,0xff,0xff,0xff,0xff,
  0xff,0xff,0xff,0xff,0x40,0x00,0x00,0x00,0x00,0xbf,0x00,0x00,0x0c,0xf4,0x00,0x00,0xaf,0x20,0x00,0x00,0x00,0xdf,0x00,0x00,
  0x5f,0xd5,0x00,0x08,0xf7,0x00,0x00,0x00,0x00,0x09,0xfe,0x20,0x00,0x00,0x00,0xcf,0x80,0x00,0x00,0x00,0x0c,0xf4,0x01,0xf9,
  0x02,0xf7,0x05,0xf5,0x07,0xf4,0x00,0x00,0x0c,0xf4,0x00,0x3f,0xb0,0xfb,0x06,0xf5,0x7f,0xb0,0x00,0x00,0x5f,0x90,0x00,0x2d,
  0xf8,0x00,0x00,0xaf,0xe3,0x00,0x00,0x00,0x00,0x00,0x06,0xf9,0x00,0x00,0x00,0x00,0x00,0x00,0x08,0xf4,0x00,0x00,0x0e,0xd0,
  0x00,0x00,0x00,0x00,0x00,0x00,0x0c,0xf2,0x00,0x00,0x00,0x0a,0xf2,0x00,0x0b,0xf6,0x00,0x00,0x00,0x00,0x00,0x6f,0x90,0x00,
  0x00,0x00,0x00,0x00,0x00,0x8f,0x40,0x00,0x00,0xed,0x00,0x00,0x00,0x00,0x00,0x00,0x00,0x0c,0xf4,0x00,0x05,0xf9,0x01,0xf9,
  0x05,0xf6,0x00,0x00,0x00,0x00,0x06,0xef,0x70,0x0f,0xc0,0x0a,0xfd,0x40,0x00,0x00,0x02,0x55,0x55,0x55,0x7e,0xee,0xee,0xd6,
  0x55,0x55,0x55,0x10,0x00,0x00,0x00,0x00,0xbf,0x00,0x00,0x03,0xfc,0x00,0x00,0xaf,0x20,0x00,0x00,0x00,0xdf,0x00,0x00,0x39,
  0xef,0xe9,0x6e,0xd0,0x00,0x00,0x00,0x00,0x8f,0xe3,0x00,0x00,0x00,0x00,0x3e,0xf5,0x00,0x00,0x00,0x4f,0xe0,0x01,0xf9,0x02,
  0xf7,0x05,0xf5,0x07,0xf4,0x00,0x00,0x4f,0xe0,0x00,0x0c,0xd1,0xfb,0x06,0xf5,0xad,0x10,0x00,0x00,0x9f,0x60,0x00,0x03,0xdf,
  0xb2,0x5d,0xfd,0x30,0x00,0x00,0x00,0x00,0x00,0x0c,0xf3,0x00,0x00,0x00,0x00,0x00,0x00,0x01,0x20,0x00,0x00,0x0e,0xd0,0x00,
  0x00,0x00,0x02,0x71,0x00,0x0e,0xe0,0x00,0x00,0x00,0x0a,0xf2,0x00,0x02,0xa2,0x00,0x00,0x00,0x00,0x00,0xcf,0x30,0x00,0x00,
  0x00,0x00,0x00,0x00,0x12,0x00,0x00,0x00,0xed,0x00,0x00,0x00,0x00,0x27,0x10,0x00,0x4f,0xe0,0x00,0x0a,0xf6,0x01,0xf9,0x05,
  0xf6,0x00,0x00,0x00,0x02,0xbf,0xe6,0x00,0x0f,0xc0,0x00,0x9f,0xfa,0x20,0x00,0x00,0x00,0x00,0x18,0xed,0x3e,0xe4,0xee,0x60,
  0x00,0x00,0x00,0x00,0x00,0x00,0x00,0xbf,0x00,0x00,0x00,0xca,0x10,0x00,0xaf,0x20,0x00,0x00,0x00,0xdf,0x00,0x00,0x00,0x06,
  0xcf,0xff,0x90,0x00,0x00,0x00,0x09,0xfe,0x50,0x00,0x00,0x00,0x00,0x07,0xfe,0x50,0x00,0x00,0xcf,0x80,0x01,0xf9,0x02,0xf7,
  0x05,0xf5,0x07,0xf4,0x00,0x00,0xcf,0x80,0x00,0x03,0x00,0xfb,0x06,0xf5,0x03,0x00,0x00,0x00,0xef,0x20,0x00,0x00,0x2b,0xff,
  0xff,0x91,0x00,0x00,0x00,0x00,0x00,0x00,0x3f,0xd0,0x00,0x00,0x00,0x00,0x00,0x00,0x00,0x00,0x00,0x00,0x0e,0xd0,0x00,0x00,
  0x00,0x05,0xfb,0x00,0x3f,0xb0,0x00,0x00,0x00,0x0a,0xf2,0x00,0x00,0x00,0x00,0x00,0x00,0x00,0x03,0xfd,0x00,0x00,0x00,0x00,
  0x00,0x00,0x00,0x00,0x00,0x00,0x00,0xed,0x00,0x00,0x00,0x00,0x5f,0xb0,0x00,0xcf,0x80,0x00,0x4f,0xe1,0x01,0xf9,0x05,0xf6,
  0x08,0x20,0x02,0xae,0xfc,0x20,0x00,0x0f,0xc0,0x00,0x06,0xef,0xea,0x40,0x00,0x00,0x28,0xef,0x91,0x0e,0xe0,0x2b,0xfe,0x83,
  0x00,0x00,0x00,0x00,0x00,0x00,0xbf,0x00,0x00,0x00,0x00,0x00,0x00,0xbf,0x20,0x00,0x00,0x00,0xde,0x00,0x00,0x00,0x15,0xcf,
  0xee,0xfd,0x71,0x00,0x01,0xaf,0xe6,0x00,0x00,0x00,0x00,0x00,0x00,0x9f,0xf8,0x00,0x04,0xff,0x21,0x24,0xfa,0x25,0xf8,0x27,
  0xf7,0x28,0xf6,0x20,0x04,0xff,0x20,0x12,0x22,0x22,0xfc,0x28,0xf7,0x22,0x22,0x20,0x06,0xfc,0x00,0x00,0x15,0x9e,0xff,0xff,
  0xc8,0x41,0x00,0x00,0x00,0x00,0x00,0x8f,0x70,0x00,0x00,0x00,0x00,0x00,0x00,0x00,0x00,0x00,0x00,0x0e,0xe3,0x00,0x00,0x01,
  0x2b,0xf8,0x00,0x8f,0x71,0x88,0x88,0x88,0x8d,0xf9,0x88,0x88,0x88,0x80,0x00,0x00,0x00,0x08,0xf7,0x00,0x00,0x00,0x00,0x00,
  0x00,0x00,0x00,0x00,0x00,0x00,0xee,0x30,0x00,0x00,0x12,0xbf,0x80,0x04,0xff,0x20,0x02,0xdf,0x70,0x01,0xf9,0x05,0xf6,0x1f,
  0xb0,0x09,0xfe,0x70,0x00,0x00,0x0f,0xc0,0x00,0x00,0x2a,0xff,0x80,0x02,0x7c,0xff,0xc4,0x00,0x0e,0xe0,0x00,0x6d,0xff,0xd9,
  0x40,0x00,0x00,0x00,0x00,0xbf,0x00,0x00,0x00,0x00,0x8d,0xbb,0xff,0x00,0x00,0x04,0xcb,0xfd,0x00,0x00,0xac,0xef,0xea,0x21,
  0x8e,0xfe,0x10,0x08,0xfe,0x40,0x00,0x00,0x00,0x00,0x00,0x00,0x09,0xff,0xb0,0x0b,0xfa,0x07,0xff,0xff,0xff,0xff,0xff,0xff,
  0xff,0xff,0xb0,0x0b,0xfa,0x00,0x8f,0xff,0xff,0xff,0xff,0xff,0xff,0xff,0xb0,0x0c,0xf6,0x18,0xad,0xff,0xfd,0x83,0x6d,0xff,
  0xff,0xed,0x90,0x00,0x00,0x00,0x00,0x00,0x00,0x00,0x00,0x00,0x00,0x00,0x00,0x00,0x00,0x00,0x0b,0xff,0xff,0xff,0xff,0xff,
  0xe2,0x00,0xcf,0x33,0xff,0xff,0xff,0xff,0xff,0xff,0xff,0xff,0xf0,0x00,0x00,0x00,0x00,0x00,0x00,0x00,0x00,0x00,0x00,0x00,
  0x00,0x00,0x00,0x00,0x00,0xbf,0xff,0xff,0xff,0xff,0xfe,0x20,0x0b,0xfa,0x00,0x2d,0xfc,0x00,0x01,0xf9,0x04,0xfe,0xdf,0x80,
  0x00,0x71,0x00,0x00,0x00,0x0f,0xc0,0x00,0x00,0x00,0x3b,0x10,0x06,0xff,0xb4,0x00,0x00,0x0e,0xe0,0x00,0x00,0x6c,0xff,0x70,
  0x00,0x00,0x00,0x00,0xbf,0x00,0x00,0x00,0x00,0x5e,0xff,0xe8,0x00,0x00,0x01,0xef,0xf8,0x00,0x00,0x9d,0xa6,0x20,0x00,0x01,
  0x97,0x00,0x02,0xc2,0x00,0x00,0x00,0x00,0x00,0x00,0x00,0x00,0x6c,0x20,0x02,0xc3,0x03,0x77,0x77,0x77,0x77,0x77,0x77,0x77,
  0x77,0x50,0x02,0xc3,0x00,0x47,0x77,0x77,0x77,0x77,0x77,0x77,0x77,0x50,0x05,0xd0,0x0b,0xfd,0xa6,0x20,0x00,0x00,0x27,0x9c,
  0xde,0x70,0x00,0x00,0x00,0x00,0x00,0x00,0x00,0x00,0x00,0x00,0x00,0x00,0x00,0x00,0x00,0x01,0x7a,0xbb,0xbb,0xba,0x97,0x30,
  0x00,0x8c,0x00,0x33,0x33,0x33,0x33,0x33,0x33,0x33,0x33,0x30,0x00,0x00,0x00,0x00,0x00,0x00,0x00,0x00,0x00,0x00,0x00,0x00,
  0x00,0x00,0x00,0x00,0x17,0xab,0xbb,0xbb,0xa9,0x73,0x00,0x02,0xc3,0x00,0x0a,0xc1,0x00,0x01,0xf9,0x00,0xbe,0xeb,0x10,0x00,
  0x00,0x00,0x00,0x00,0x0f,0xc0,0x00,0x00,0x00,0x00,0x00,0x00,0x62,0x00,0x00,0x00,0x0e,0xe0,0x00,0x00,0x00,0x38,0x00,0x00,
  0x00,0x00,0x00,0x23,0x00,0x00,0x00,0x00,0x00,0x12,0x00,0x00,0x00,0x00,0x01,0x10,0x00,0x00,0x00,0x00,0x00,0x00,0x00,0x00,
  0x00,0x00,0x00,0x00,0x00,0x00,0x00,0x00,0x00,0x00,0x00,0x00,0x00,0x00,0x00,0x00,0x00,0x00,0x00,0x00,0x00,0x00,0x00,0x00,
  0x00,0x00,0x00,0x00,0x00,0x00,0x00,0x00,0x00,0x00,0x00,0x00,0x00,0x00,0x00,0x01,0x10,0x00,0x00,0x00,0x00,0x00,0x00,0x00,
  0x00,0x00,0x00,0x00,0x00,0x00,0x00,0x00,0x00,0x00,0x00,0x00,0x00,0x00,0x00,0x00,0x00,0x00,0x00,0x00,0x00,0x00,0x00,0x00,
  0x00,0x00,0x00,0x00,0x00,0x00,0x00,0x00,0x00,0x00,0x00,0x00,0x00,0x00,0x00,0x00,0x00,0x00,0x00,0x00,0x00,0x00,0x00,0x00,
  0x00,0x00,0x00,0x00,0x00,0x00,0x00,0x00,0x00,0x00,0x00,0x00,0x00,0x00,0x00,0x00,0x00,0x21,0x00,0x00,0x00,0x00,0x00,0x00,
  0x00,0x00,0x00,0x02,0x10,0x00,0x00,0x00,0x00,0x00,0x00,0x00,0x00,0x00,0x00,0x03,0x30,0x00,0x00,0x00,0x00,0x00,0x00,0x00,
  0x00,0x00,0x00,0x00,0x00,0x00,0x00,0x00,0x00,0x00,0x00,0x00,0x00,0x00,0x00,0x00,0x00,0x00,0x00,0x00,0x00,0x00,0x00,0x00,
  0x00,0x00,0x00,0x00,0x00,0x00,0x00,0x00,0x00,0x00,0x00,0x00,0x00,0x00,0x00,0x00,0x00,0x00,0x00,0x00,0x00,0x00,0x00,0x00,
  0x00,0x00,0x00,0x00,0x00,0x00,0x00,0x00,0x00,0x00,0x00,0x00,0x00,0x00,0x00,0x00,0x00,0x00,0x00,0x00,0x00,0x00,0x00,0x00,
  0x00,0x00,0x00,0x00,0x00,0x00,0x00,0x00,0x00,0x00,0x00,0x00,0x00,0x00,0x00,0x00,0x00,0x00,0x00,0x00,0x00,0x00,0x00,0x00,
  0x00,0x00,0x00,0x00,0x00,0x00,0x00,0x00,0x00,0x00,0x00,0x00,0x00,0x00,0x00,0x00,0x00,0x00,0x00,0x00,0x00,0x00,0x00,0x00,
  0x00,0x00,0x00,0x00,0x00,0x00,0x00,0x00,0x00,0x00,0x00,0x00,0x00,0x00,0x00,0x00,0x00,0x00,0x00,0x00,0x00,0x00,0x00,0x00,
  0x00,0x00,0x00,0x00,0x00,0x00,0x00,0x00,0x00,0x00,0x00,0x00,0x00,0x00,0x00,0x00,0x00,0x00,0x00,0x00,0x00,0x00,0x00,0x00,
  0x00,0x00,0x00,0x00,0x00,0x00,0x00,0x00,0x00,0x00,0x00,0x00,0x00,0x00,0x00,0x00,0x00,0x00,0x00,0x00,0x00,0x00,0x00,0x00,
  0x00,0x00,0x00,0x00,0x00,0x00,0x00,0x00,0x00,0x00,0x00,0x00,0x00,0x00,0x00,0x00,0x00,0x00,0x00,0x00,0x00,0x00,0x00,0x00,
  0x00,0x00,0x00,0x00,0x00,0x00,0x00,0x00,0x00,0x00,0x00,0x00,0x00,0x00,0x00,0x00,0x00,0x00,0x00,0x00,0x00,0x00,0x00,0x00,
  0x00,0x00,0x00,0x00,0x00,0x00,0x00,0x00,0x00,0x00,0x00,0x00,0x00,0x00,0x00,0x00,0x00,0x00,0x00,0x00,0x00,0x00,0x00,0x00,
  0x00,0x00,0x00,0x00,0x00,0x00,0x00,0x00,0x00,0x00,0x00,0x00,0x00,0x00,0x00,0x00,0x00,0x00,0x00,0x00,0x00,0x00,0x00,0x00,
  0x00,0x00,0x00,0x00,0x00,0x00,0x00,0x00,0x00,0x00,0x00,0x00,0x00,0x00,0x00,0x00,0x00,0x00,0x00,0x00,0x00,0x00,0x00,0x00,
  0x00,0x00,0x00,0x00,0x00,0x00,0x00,0x00,0x00,0x00,0x00,0x00,0x00,0x00,0x00,0x00,0x00,0x00,0x00,0x00,0x00,
};
#define GUI_TXT_M_LINE2_W 334
#define GUI_TXT_M_LINE2_H 27

static const uint8_t gui_txt_cal_hint_bits[5704] = {
  0x00,0x00,0x00,0x00,0x00,0x00,0x00,0x00,0x00,0x00,0x00,0x00,0x00,0x00,0x00,0x00,0x00,0x00,0x00,0x00,0x00,0x00,0x00,0x00,
  0x00,0x00,0x00,0x00,0x00,0x00,0x00,0x00,0x00,0x00,0x00,0x00,0x00,0x00,0x00,0x00,0x00,0x00,0x00,0x00,0x00,0x00,0x00,0x00,
  0x00,0x00,0x00,0x00,0x00,0x00,0x00,0x00,0x00,0x00,0x00,0x00,0x00,0x00,0x00,0x00,0x00,0x00,0x00,0x00,0x00,0x00,0x00,0x00,
  0x00,0x00,0x00,0x00,0x00,0x00,0x00,0x00,0x00,0x00,0x00,0x00,0x00,0x00,0x00,0x00,0x00,0x00,0x00,0x00,0x00,0x00,0x00,0x00,
  0x00,0x00,0x00,0x00,0x00,0x00,0x00,0x00,0x00,0x00,0x00,0x00,0x00,0x00,0x00,0x00,0x00,0x00,0x00,0x00,0x00,0x00,0x00,0x00,
  0x00,0x00,0x00,0x00,0x00,0x00,0x00,0x00,0x00,0x00,0x00,0x00,0x00,0x00,0x00,0x00,0x00,0x00,0x00,0x00,0x00,0x00,0x00,0x00,
  0x00,0x00,0x00,0x00,0x00,0x00,0x00,0x00,0x00,0x00,0x00,0x00,0x00,0x00,0x00,0x00,0x00,0x00,0x00,0x00,0x00,0x00,0x00,0x00,
  0x00,0x00,0x00,0x00,0x00,0x00,0x00,0x00,0x00,0x00,0x00,0x00,0x00,0x00,0x00,0x00,0x00,0x00,0x00,0x00,0x00,0x00,0x00,0x00,
  0x00,0x00,0x00,0x00,0x00,0x00,0x00,0x00,0x00,0x00,0x00,0x00,0x00,0x00,0x00,0x00,0x00,0x00,0x00,0x00,0x00,0x00,0x00,0x00,
  0x00,0x00,0x00,0x00,0x00,0x00,0x00,0x00,0x00,0x00,0x00,0x00,0x00,0x00,0x00,0x00,0x00,0x00,0x00,0x00,0x00,0x00,0x00,0x00,
  0x00,0x00,0x00,0x00,0x00,0x00,0x00,0x00,0x00,0x00,0x00,0x00,0x00,0x00,0x00,0x00,0x00,0x00,0x00,0x00,0x00,0x00,0x00,0x00,
  0x00,0x00,0x00,0x00,0x00,0x00,0x00,0x00,0x00,0x00,0x00,0x00,0x00,0x00,0x00,0x00,0x00,0x00,0x00,0x00,0x00,0x00,0x00,0x00,
  0x00,0x00,0x00,0x00,0x00,0x00,0x00,0x00,0x00,0x00,0x00,0x00,0x00,0x00,0x00,0x00,0x00,0x00,0x00,0x00,0x00,0x00,0x00,0x00,
  0x00,0x00,0x00,0x00,0x00,0x00,0x00,0x00,0x00,0x00,0x00,0x00,0x00,0x00,0x00,0x00,0x00,0x00,0x00,0x00,0x00,0x00,0x00,0x00,
  0x00,0x00,0x00,0x00,0x00,0x00,0x00,0x00,0x00,0x00,0x00,0x00,0x00,0x00,0x00,0x00,0x00,0x00,0x00,0x00,0x00,0x00,0x00,0x00,
  0x00,0x00,0x00,0x00,0x00,0x00,0x00,0x00,0x00,0x00,0x00,0x00,0x00,0x00,0x00,0x00,0x00,0x00,0x00,0x00,0x00,0x00,0x00,0x00,
  0x00,0x00,0x00,0x00,0x00,0x00,0x00,0x00,0x00,0x00,0x00,0x00,0x00,0x00,0x00,0x00,0x00,0x00,0x00,0x00,0x00,0x00,0x00,0x00,
  0x00,0x00,0x00,0x00,0x00,0x00,0x00,0x00,0x00,0x00,0x00,0x00,0x00,0x00,0x00,0x00,0x00,0x00,0x00,0x00,0x00,0x00,0x00,0x00,
  0x00,0x00,0x00,0x00,0x00,0x00,0x00,0x00,0x00,0x00,0x00,0x00,0x00,0x00,0x00,0x00,0x00,0x00,0x00,0x00,0x00,0x00,0x00,0x00,
  0x00,0x00,0x00,0x00,0x00,0x00,0x00,0x00,0x00,0x00,0x00,0x00,0x00,0x00,0x00,0x00,0x00,0x00,0x00,0x00,0x00,0x00,0x00,0x00,
  0x00,0x00,0x00,0x00,0x00,0x00,0x00,0x00,0x00,0x00,0x00,0x00,0x00,0x00,0x00,0x00,0x00,0x00,0x00,0x00,0x00,0x00,0x00,0x00,
  0x00,0x00,0x00,0x00,0x00,0x00,0x00,0x00,0x00,0x00,0x00,0x00,0x00,0x00,0x00,0x00,0x00,0x00,0x00,0x00,0x00,0x00,0x00,0x00,
  0x00,0x00,0x00,0x00,0x00,0x00,0x00,0x00,0x00,0x00,0x00,0x00,0x00,0x01,0x00,0x00,0x00,0x00,0x00,0x00,0x00,0x00,0x00,0x00,
  0x00,0x00,0x00,0x15,0x00,0x00,0x00,0x00,0x00,0x69,0x40,0x00,0x00,0x00,0x00,0x00,0x00,0x00,0x00,0x00,0x00,0x00,0x00,0x00,
  0x00,0x00,0x00,0x00,0x00,0x00,0x00,0x00,0x00,0x78,0x00,0x00,0x00,0x00,0x3a,0x70,0x00,0x00,0x00,0x00,0x00,0x05,0x96,0x00,
  0x00,0x59,0x60,0x00,0x00,0x00,0x00,0x00,0x00,0x00,0x00,0x00,0x45,0x10,0x00,0x00,0x03,0x60,0x00,0x00,0x00,0x00,0x00,0x00,
  0x00,0x00,0x00,0x00,0x00,0x06,0x93,0x00,0x00,0x00,0x00,0x00,0x00,0x00,0x00,0x00,0x00,0x00,0x00,0x69,0x50,0x00,0x00,0x00,
  0x00,0x00,0x00,0x00,0x00,0x00,0x00,0x00,0x00,0x09,0x91,0x00,0x00,0x00,0x00,0x00,0x00,0x00,0x00,0x00,0x00,0x00,0x00,0x00,
  0x00,0x00,0x00,0x00,0x00,0x00,0x00,0x00,0x00,0x00,0x00,0x79,0x40,0x00,0x00,0x03,0x97,0x00,0x00,0x00,0x00,0x00,0x00,0x00,
  0x00,0x00,0x00,0x00,0x00,0x00,0x00,0x00,0x00,0x00,0x00,0x00,0x00,0x00,0x00,0x00,0x00,0x03,0x73,0x00,0x00,0x00,0x00,0x00,
  0x00,0x00,0x00,0x00,0x00,0x4f,0xd4,0x00,0x00,0x00,0x00,0x00,0x00,0x00,0x00,0x00,0x00,0x00,0x03,0xee,0x40,0x00,0x00,0x00,
  0x00,0xaf,0x70,0x00,0x00,0x00,0x00,0x00,0x00,0x44,0x44,0x44,0x44,0x44,0x44,0x44,0x44,0x44,0x44,0x40,0x00,0x00,0x00,0x00,
  0x02,0xef,0x60,0x00,0x00,0x00,0xaf,0xc0,0x00,0x00,0x00,0x00,0x00,0x08,0xf9,0x00,0x00,0x8f,0x90,0x00,0x00,0x00,0x49,0x40,
  0x00,0x00,0x00,0x00,0xcf,0x80,0x00,0x00,0x6f,0xf3,0x00,0x00,0x00,0x00,0x00,0x00,0x01,0x00,0x00,0x00,0x00,0x0c,0xf6,0x00,
  0x00,0x00,0x00,0x00,0x00,0x00,0x00,0x00,0x00,0x00,0x00,0x9f,0x80,0x00,0x00,0x00,0x00,0x00,0x00,0x00,0x00,0x00,0x00,0x00,
  0x00,0x0e,0xf3,0x00,0x00,0x00,0x00,0x00,0x00,0x00,0x04,0xee,0xee,0xee,0xee,0xee,0xee,0xee,0xee,0xee,0xee,0xea,0x00,0x01,
  0x44,0x44,0x44,0xdf,0xa4,0x44,0x44,0x48,0xfd,0x44,0x44,0x44,0x10,0x00,0x5b,0xbb,0xbb,0xbb,0xbb,0xbb,0xbb,0xbb,0xbb,0xbb,
  0xbb,0xb5,0x00,0x00,0x00,0x00,0x00,0x00,0x00,0x0d,0xfb,0x00,0x00,0x00,0x00,0x00,0x00,0x00,0x00,0x00,0x01,0xef,0xc0,0x00,
  0x00,0x00,0x00,0x00,0x00,0x00,0x00,0x00,0x00,0x00,0x00,0xcf,0xd0,0x05,0xff,0xff,0xff,0xff,0xff,0xff,0xff,0xfc,0x00,0x00,
  0x00,0xcf,0xff,0xff,0xff,0xff,0xff,0xff,0xff,0xff,0xff,0xc0,0x00,0x00,0x00,0x00,0x00,0x5f,0xe2,0x00,0x00,0x02,0xef,0x50,
  0x00,0x00,0x00,0x00,0x00,0x08,0xf9,0x00,0x00,0x8f,0x90,0x00,0x26,0xae,0xff,0xd1,0x00,0x00,0x00,0x02,0xff,0x30,0x00,0x00,
  0x0d,0xfa,0x00,0x00,0x00,0x00,0x00,0x00,0x0b,0xc1,0x00,0x00,0x00,0x2f,0xf1,0x00,0x00,0x00,0x00,0x00,0x00,0x00,0x00,0x00,
  0x00,0x00,0x00,0x9f,0x80,0x00,0x00,0x00,0x00,0x00,0x00,0x00,0x00,0x00,0x00,0x00,0x00,0x0e,0xf3,0x00,0x00,0x00,0x00,0x00,
  0x00,0x00,0x04,0xfe,0xdd,0xdd,0xdd,0xdd,0xdd,0xdd,0xdd,0xdd,0xde,0xfa,0x00,0x03,0xff,0xff,0xff,0xff,0xff,0xff,0xff,0xff,
  0xff,0xff,0xff,0xff,0x50,0x00,0x7f,0xff,0xff,0xff,0xff,0xff,0xff,0xff,0xff,0xff,0xff,0xf7,0x00,0x00,0x00,0x00,0x00,0x00,
  0x00,0x9f,0xfd,0x00,0x00,0x00,0x00,0x00,0x00,0x00,0x00,0x00,0x1c,0xff,0xdb,0xbb,0xbb,0xbb,0xba,0x00,0x00,0x00,0x00,0x00,
  0x00,0x00,0x00,0x2e,0xf8,0x04,0xcc,0xcc,0xcc,0xef,0xdc,0xcc,0xcc,0xca,0x00,0x00,0x00,0xcf,0xcb,0xbb,0xbb,0xbd,0xfd,0xbb,
  0xbb,0xbb,0xcf,0xc0,0x00,0x00,0x00,0x00,0x00,0x08,0x40,0x00,0x00,0x0b,0xfb,0x00,0x00,0x00,0x00,0x00,0x00,0x08,0xf9,0x00,
  0x00,0x8f,0xb6,0xad,0xff,0xff,0xd9,0x51,0x00,0x00,0x00,0x07,0xfd,0x00,0x00,0x00,0x07,0xfe,0x10,0x00,0x00,0x00,0x00,0x00,
  0x4e,0xfd,0x20,0x00,0x00,0x7f,0xc0,0x00,0x00,0x00,0x00,0x00,0x00,0x00,0x00,0x00,0x00,0x00,0x00,0x9f,0xca,0xaa,0xaa,0xaa,
  0xaa,0xa2,0x00,0x00,0x00,0x00,0x00,0x00,0x00,0x0e,0xf3,0x00,0x00,0x00,0x00,0x00,0x00,0x00,0x04,0xfd,0x00,0x00,0x00,0x00,
  0x00,0x00,0x00,0x00,0x07,0xfa,0x00,0x02,0x88,0x88,0x88,0xdf,0xb8,0x88,0x88,0x8a,0xfd,0x88,0x88,0x88,0x20,0x00,0x7f,0xb4,
  0x44,0x4a,0xff,0x44,0x4a,0xff,0x44,0x44,0x4b,0xf7,0x00,0x00,0x00,0x00,0x00,0x00,0x04,0xff,0xff,0x80,0x00,0x00,0x00,0x00,
  0x00,0x00,0x00,0x01,0xcf,0xff,0xff,0xff,0xff,0xff,0xfd,0x00,0x00,0x00,0x00,0x00,0x00,0x00,0x00,0x09,0xfe,0x10,0x00,0x00,
  0x00,0xaf,0x70,0x00,0x00,0x00,0x00,0x00,0x00,0xcf,0x50,0x00,0x00,0x09,0xf8,0x00,0x00,0x00,0x5f,0xc0,0x00,0x00,0x00,0x5a,
  0xaa,0xaa,0xaa,0xaa,0xaa,0xbf,0xfc,0xaa,0xa4,0x00,0x00,0x00,0x00,0x08,0xfa,0x00,0x00,0x8f,0xff,0xff,0xea,0x73,0x00,0x10,
  0x00,0x00,0x00,0x0d,0xf7,0x25,0x55,0x55,0x57,0xff,0x95,0x55,0x55,0x55,0x20,0x00,0x05,0xef,0xd2,0x00,0x00,0xcf,0xc8,0x88,
  0x88,0x88,0x88,0x80,0x00,0x00,0x00,0x00,0x00,0x00,0x00,0x9f,0xff,0xff,0xff,0xff,0xff,0xf4,0x00,0x00,0x00,0x88,0x88,0x88,
  0x88,0x8e,0xfa,0x88,0x88,0x88,0x88,0x50,0x00,0x00,0x04,0xfd,0x00,0x00,0x00,0x00,0x00,0x00,0x00,0x00,0x07,0xfa,0x00,0x00,
  0x00,0x00,0x00,0xcf,0x80,0x00,0x00,0x06,0xfc,0x00,0x00,0x00,0x00,0x00,0x7f,0xa0,0x00,0x06,0xfa,0x00,0x05,0xfa,0x00,0x00,
  0x0a,0xf7,0x00,0x00,0x00,0x00,0x00,0x00,0x2e,0xfb,0x6f,0xe4,0x00,0x00,0x00,0x00,0x00,0x00,0x00,0x2c,0xff,0x71,0x11,0x11,
  0x11,0x9f,0xf6,0x00,0x00,0x00,0x00,0x00,0x00,0x00,0x00,0x01,0xd6,0x00,0x15,0x55,0x55,0xcf,0xa5,0x55,0x55,0x50,0x00,0x00,
  0x00,0xcf,0x50,0x00,0x00,0x09,0xf8,0x00,0x00,0x00,0x5f,0xc0,0x00,0x00,0x00,0x7f,0xff,0xff,0xff,0xff,0xff,0xff,0xff,0xff,
  0xf6,0x00,0x00,0x08,0xff,0xff,0xff,0xff,0xf0,0x8f,0xd8,0x52,0x00,0x00,0x00,0xec,0x20,0x00,0x00,0x5f,0xe1,0x7f,0xff,0xff,
  0xff,0xff,0xff,0xff,0xff,0xff,0x50,0x00,0x00,0x4e,0xfd,0x10,0x03,0xff,0xff,0xff,0xff,0xff,0xff,0xe0,0x00,0x00,0x00,0x00,
  0x00,0x00,0x00,0x9f,0xa5,0x55,0x55,0x55,0x55,0x51,0x00,0x00,0x00,0xef,0xff,0xff,0xff,0xff,0xff,0xff,0xff,0xff,0xff,0x90,
  0x00,0x00,0x04,0xfe,0x99,0x99,0x99,0x99,0x99,0x99,0x99,0x99,0x9c,0xfa,0x00,0x00,0x00,0x08,0xff,0xff,0xff,0xff,0xff,0xff,
  0xff,0xff,0x80,0x00,0x00,0x00,0x7f,0xa0,0x00,0x06,0xf9,0x00,0x05,0xfa,0x00,0x00,0x0a,0xf7,0x00,0x00,0x00,0x00,0x00,0x01,
  0xcf,0xd1,0x0a,0xfe,0x20,0x00,0x00,0x00,0x00,0x00,0x04,0xef,0xe7,0x00,0x00,0x00,0x06,0xff,0x80,0x00,0x00,0x00,0x00,0x00,
  0x00,0x00,0x00,0x00,0x00,0x00,0x4f,0xff,0xff,0xff,0xff,0xff,0xff,0xe0,0x00,0x00,0x00,0xcf,0x50,0x00,0x00,0x09,0xf8,0x00,
  0x00,0x00,0x5f,0xc0,0x00,0x00,0x00,0x7f,0xb5,0x55,0x55,0x7f,0xf6,0x55,0x55,0x5d,0xf6,0x00,0x00,0x08,0xff,0xff,0xff,0xff,
  0xf0,0x8f,0x90,0x00,0x00,0x00,0x02,0xff,0x10,0x00,0x00,0xcf,0xa0,0x4a,0xaa,0xaa,0xdf,0xdf,0xfa,0xaa,0xaa,0xaa,0x30,0x00,
  0x00,0x06,0xff,0x70,0x0b,0xfd,0x77,0x77,0x77,0x77,0xcf,0xc0,0x00,0x00,0x00,0x00,0x00,0x00,0x00,0x9f,0x80,0x00,0x00,0x00,
  0x00,0x00,0x00,0x00,0x00,0x67,0x77,0x77,0x77,0x7e,0xf8,0x77,0x77,0x77,0x77,0x40,0x00,0x00,0x04,0xff,0xff,0xff,0xff,0xff,
  0xff,0xff,0xff,0xff,0xff,0xfa,0x00,0x00,0x00,0x08,0xfd,0xcc,0xcc,0xcc,0xcc,0xcc,0xcc,0xdf,0x80,0x00,0x00,0x00,0x7f,0xa0,
  0x00,0x07,0xf9,0x00,0x05,0xfa,0x00,0x00,0x0a,0xf7,0x00,0x00,0x00,0x00,0x00,0x0b,0xfe,0x30,0x00,0xdf,0xd2,0x00,0x00,0x00,
  0x00,0x01,0x9f,0xff,0xc7,0x77,0x77,0x77,0x9f,0xfd,0x77,0x77,0x77,0x70,0x00,0x00,0x00,0x00,0x00,0x00,0x00,0x00,0x17,0x77,
  0x77,0xcf,0xa7,0x77,0x77,0x60,0x00,0x00,0x00,0xcf,0x50,0x00,0x00,0x09,0xf8,0x00,0x00,0x00,0x5f,0xc0,0x00,0x00,0x00,0x7f,
  0xa0,0x00,0x00,0x3f,0xf1,0x00,0x00,0x0b,0xf6,0x00,0x00,0x00,0x00,0x08,0xfa,0x00,0x00,0x8f,0xa0,0x00,0x00,0x00,0x0a,0xfd,
  0x00,0x00,0x05,0xff,0x60,0x00,0x00,0x02,0xef,0x3e,0xf1,0x00,0x00,0x00,0x00,0x00,0x00,0x00,0x8b,0x00,0x3f,0xf5,0x00,0x00,
  0x00,0x01,0xef,0x50,0x00,0x00,0x00,0x00,0x00,0x00,0x00,0x9f,0x80,0x00,0x00,0x00,0x00,0x00,0x00,0x00,0x00,0x00,0x00,0x00,
  0x00,0x0e,0xf3,0x00,0x00,0x00,0x00,0x00,0x00,0x00,0x04,0xfe,0x55,0x55,0x55,0x55,0x55,0x55,0x55,0x55,0x55,0x53,0x00,0x00,
  0x00,0x08,0xf8,0x00,0x00,0x00,0x00,0x00,0x00,0x8f,0x80,0x00,0x00,0x00,0x7f,0xa0,0x00,0x08,0xf8,0x00,0x05,0xfa,0x00,0x00,
  0x0a,0xf7,0x00,0x00,0x00,0x00,0x01,0xcf,0xe4,0x00,0x00,0x2d,0xfd,0x30,0x00,0x00,0x00,0x0c,0xff,0xdf,0xff,0xff,0xff,0xff,
  0xff,0xff,0xff,0xff,0xff,0xe0,0x00,0x00,0x00,0x04,0x88,0x88,0x80,0x00,0x00,0x00,0x00,0xaf,0x70,0x00,0x00,0x00,0x00,0x00,
  0x00,0xcf,0xcb,0xbb,0xbb,0xbd,0xfd,0xbb,0xbb,0xbb,0xcf,0xc0,0x00,0x00,0x00,0x7f,0xa0,0x00,0x00,0x3f,0xf1,0x00,0x00,0x0b,
  0xf6,0x00,0x00,0x00,0x00,0x08,0xf9,0x00,0x00,0x7f,0xea,0x99,0xaa,0xab,0xef,0xf7,0x00,0x00,0x0c,0xff,0x60,0x00,0x00,0x0a,
  0xfb,0x0b,0xf3,0x00,0x00,0x00,0x00,0x00,0x00,0x00,0x01,0x00,0xbf,0xd0,0x00,0x98,0x00,0x09,0xfc,0x00,0x00,0x00,0x00,0x00,
  0x00,0x00,0x00,0x9f,0x80,0x00,0x00,0x00,0x00,0x00,0x00,0x00,0x00,0x00,0x00,0x00,0x00,0x0e,0xf3,0x00,0x00,0x00,0x00,0x00,
  0x00,0x00,0x04,0xfd,0x00,0x00,0x3b,0x30,0x00,0x00,0x00,0x9a,0x50,0x00,0x00,0x00,0x00,0x08,0xfe,0xdd,0xdd,0xdd,0xdd,0xdd,
  0xdd,0xef,0x80,0x00,0x00,0x00,0x7f,0xa0,0x00,0x09,0xf7,0x00,0x05,0xfa,0x00,0x00,0x0a,0xf7,0x00,0x00,0x00,0x00,0x2d,0xfe,
  0x40,0x00,0x00,0x02,0xdf,0xe6,0x00,0x00,0x00,0x02,0xd6,0x4f,0xf8,0x88,0x88,0x8c,0xfc,0x88,0x88,0x88,0xaf,0xe0,0x00,0x00,
  0x00,0x08,0xff,0xff,0xf1,0x4b,0xbb,0xbb,0xbb,0xef,0xdb,0xbb,0xbb,0xbb,0x60,0x00,0x00,0xcf,0xff,0xff,0xff,0xff,0xff,0xff,
  0xff,0xff,0xff,0xc0,0x00,0x00,0x00,0x7f,0xdb,0xbb,0xbb,0xcf,0xfc,0xbb,0xbb,0xbe,0xf6,0x00,0x00,0x00,0x00,0x08,0xf9,0x00,
  0x00,0x2e,0xff,0xff,0xff,0xff,0xfe,0x80,0x00,0x00,0x6f,0xff,0x60,0x00,0x00,0x4f,0xf3,0x09,0xf6,0x00,0x00,0x00,0x00,0x00,
  0x00,0x00,0x00,0x05,0xff,0x60,0x00,0xff,0x10,0x3e,0xf3,0x00,0x00,0x00,0x00,0xbf,0xff,0xff,0xff,0xff,0xff,0xff,0xff,0xff,
  0xf9,0x00,0x00,0x00,0x00,0x00,0x00,0x00,0x00,0x0e,0xf3,0x00,0x00,0x00,0x00,0x00,0x00,0x00,0x04,0xfd,0x00,0x00,0xaf,0xd1,
  0x00,0x00,0x02,0xef,0x60,0x00,0x00,0x00,0x00,0x08,0xfd,0xbb,0xbb,0xbb,0xbb,0xbb,0xbb,0xdf,0x80,0x00,0x00,0x00,0x7f,0xa0,
  0x00,0x0b,0xf5,0x00,0x05,0xfa,0x00,0x00,0x0a,0xf7,0x00,0x00,0x00,0x05,0xef,0xe4,0x00,0x05,0x50,0x00,0x2d,0xff,0xb3,0x00,
  0x00,0x00,0x00,0x4f,0xf0,0x00,0x00,0x08,0xf9,0x00,0x00,0x00,0x3f,0xe0,0x00,0x00,0x00,0x03,0x66,0x6e,0xf1,0x5f,0xff,0xff,
  0xff,0xff,0xff,0xff,0xff,0xff,0x80,0x00,0x00,0xcf,0x84,0x44,0x44,0x4b,0xfa,0x44,0x44,0x44,0x8f,0xc0,0x00,0x00,0x00,0x7f,
  0xff,0xff,0xff,0xff,0xff,0xff,0xff,0xff,0xf6,0x00,0x00,0x00,0x00,0x08,0xf9,0x00,0x00,0x01,0x45,0x66,0x65,0x43,0x10,0x00,
  0x00,0x01,0xef,0xff,0x60,0x00,0x01,0xdf,0x90,0x07,0xf9,0x00,0x04,0xd1,0x00,0x00,0x00,0x00,0x00,0x0c,0xfb,0x00,0x01,0xff,
  0x10,0x6e,0x90,0x00,0x00,0x00,0x00,0xbf,0xff,0xff,0xff,0xff,0xff,0xff,0xff,0xff,0xf9,0x00,0x00,0x00,0x22,0x22,0x22,0x22,
  0x22,0x2e,0xf4,0x22,0x22,0x22,0x22,0x22,0x00,0x00,0x04,0xfd,0x00,0x00,0x0d,0xfa,0x00,0x00,0x09,0xfc,0x00,0x00,0x00,0x00,
  0x00,0x08,0xf8,0x00,0x00,0x00,0x00,0x00,0x00,0x8f,0x80,0x00,0x00,0x00,0x7f,0xa0,0x00,0x0d,0xf3,0x00,0x05,0xfa,0x00,0x00,
  0x0a,0xf7,0x00,0x00,0x01,0xaf,0xfd,0x30,0x00,0x1f,0xf1,0x00,0x01,0xaf,0xff,0xa3,0x00,0x00,0x00,0x4f,0xf0,0x00,0x00,0x08,
  0xf9,0x00,0x00,0x00,0x3f,0xe0,0x00,0x00,0x00,0x00,0x00,0x0e,0xf1,0x01,0x11,0x11,0x11,0x11,0x11,0x11,0x11,0x11,0x00,0x00,
  0x00,0xcf,0x50,0x00,0x00,0x09,0xf8,0x00,0x00,0x00,0x5f,0xc0,0x00,0x00,0x00,0x7f,0xb4,0x44,0x44,0x6f,0xf5,0x44,0x44,0x4c,
  0xf6,0x00,0x00,0x00,0x00,0x08,0xf9,0x01,0x71,0x00,0x00,0x00,0x00,0x00,0x00,0x00,0x00,0x0a,0xfd,0xcf,0x60,0x00,0x0a,0xfd,
  0x10,0x04,0xfc,0x00,0x3e,0xfb,0x00,0x00,0x00,0x00,0x00,0x02,0xd2,0x00,0x02,0xfe,0x00,0x01,0x10,0x00,0x00,0x00,0x00,0xbf,
  0x71,0x11,0x11,0x11,0x11,0x11,0x11,0x18,0xf9,0x00,0x00,0x03,0xff,0xff,0xff,0xff,0xff,0xff,0xff,0xff,0xff,0xff,0xff,0xff,
  0x30,0x00,0x04,0xfd,0x04,0xaa,0xac,0xff,0xba,0xaa,0xae,0xfc,0xaa,0xa6,0x00,0x00,0x00,0x08,0xfe,0xdd,0xdd,0xdd,0xdd,0xdd,
  0xdd,0xef,0x80,0x00,0x00,0x00,0x7f,0xa0,0x00,0x1e,0xf1,0x00,0x05,0xfa,0x00,0x00,0x0a,0xf7,0x00,0x00,0x5d,0xff,0xb1,0x00,
  0x00,0x1f,0xf1,0x00,0x00,0x06,0xef,0xff,0x90,0x00,0x00,0x4f,0xf2,0x22,0x22,0x29,0xfa,0x22,0x22,0x22,0x5f,0xe0,0x00,0x00,
  0x00,0x00,0x00,0x0e,0xf1,0x00,0x12,0x22,0x22,0x22,0x22,0x22,0x22,0x10,0x00,0x00,0x00,0xcf,0x50,0x00,0x00,0x09,0xf8,0x00,
  0x00,0x00,0x5f,0xc0,0x00,0x00,0x00,0x7f,0xa0,0x00,0x00,0x3f,0xf1,0x00,0x00,0x0b,0xf6,0x00,0x00,0x00,0x00,0x08,0xfb,0x9e,
  0xf4,0x3c,0xcc,0xcc,0xcc,0xcc,0xcc,0xb0,0x00,0x08,0xf4,0xbf,0x60,0x00,0x9f,0xf8,0x00,0x01,0xfe,0x15,0xef,0xe3,0x00,0x00,
  0x00,0x00,0x02,0x00,0x00,0x00,0x05,0xfd,0x00,0x00,0x00,0x00,0x00,0x00,0x00,0xbf,0x60,0x00,0x00,0x00,0x00,0x00,0x00,0x08,
  0xf9,0x00,0x00,0x03,0xee,0xee,0xee,0xee,0xee,0xef,0xfe,0xee,0xee,0xee,0xee,0xee,0x30,0x00,0x04,0xfd,0x06,0xff,0xff,0xff,
  0xff,0xff,0xff,0xff,0xff,0xf8,0x00,0x00,0x00,0x07,0xee,0xee,0xff,0xee,0xee,0xee,0xee,0xee,0x70,0x00,0x00,0x00,0x7f,0xa0,
  0x00,0x5f,0xd0,0x00,0x05,0xfa,0x00,0x00,0x0a,0xf7,0x00,0x06,0xff,0xe6,0x00,0x00,0x00,0x1f,0xf1,0x00,0x00,0x00,0x19,0xef,
  0x30,0x00,0x00,0x4f,0xff,0xff,0xff,0xff,0xff,0xff,0xff,0xff,0xff,0xe0,0x00,0x00,0x00,0x00,0x00,0x0e,0xf1,0x00,0x5f,0xff,
  0xff,0xff,0xff,0xff,0xff,0x70,0x00,0x00,0x00,0xdf,0x40,0x00,0x00,0x09,0xf8,0x00,0x00,0x00,0x5f,0xc0,0x00,0x00,0x00,0x7f,
  0xa0,0x00,0x00,0x3f,0xf1,0x00,0x00,0x0b,0xf6,0x00,0x00,0x00,0x00,0x2b,0xff,0xff,0xa2,0x4f,0xff,0xff,0xff,0xff,0xff,0xe0,
  0x00,0x01,0x80,0xbf,0x60,0x08,0xff,0xf8,0x00,0x00,0xcf,0xcf,0xfd,0x30,0x00,0x00,0x00,0x00,0x3e,0x60,0x00,0x00,0x07,0xff,
  0x20,0x00,0x00,0x00,0x00,0x00,0x00,0xbf,0x60,0x00,0x00,0x00,0x00,0x00,0x00,0x08,0xf9,0x00,0x00,0x00,0x00,0x00,0x00,0x00,
  0x00,0x0e,0xf3,0x00,0x00,0x00,0x00,0x00,0x00,0x00,0x04,0xfc,0x01,0x44,0x44,0xff,0x44,0x44,0x4e,0xf6,0x44,0x42,0x00,0x00,
  0x00,0x00,0x00,0x06,0xfd,0x10,0x00,0x00,0x00,0x00,0x00,0x00,0x00,0x00,0x7f,0xa0,0x00,0xbf,0x90,0x00,0x05,0xfa,0x00,0x00,
  0x0a,0xf7,0x00,0x00,0xaa,0x10,0x00,0x00,0x00,0x1f,0xf1,0x00,0x00,0x00,0x00,0x26,0x00,0x00,0x00,0x4f,0xfc,0xcc,0xcc,0xcd,
  0xfe,0xcc,0xcc,0xcc,0xcf,0xe0,0x00,0x00,0x00,0x00,0x00,0x0e,0xf1,0x00,0x5f,0xd8,0x88,0x88,0x88,0x88,0xdf,0x70,0x00,0x00,
  0x00,0xef,0x63,0x33,0x33,0x3a,0xf9,0x33,0x33,0x33,0x7f,0xc0,0x00,0x00,0x00,0x7f,0xec,0xcc,0xcc,0xdf,0xfd,0xcc,0xcc,0xce,
  0xf6,0x00,0x00,0x03,0x8d,0xff,0xfe,0x92,0x00,0x4f,0xc2,0x22,0x22,0x22,0x3f,0xe0,0x00,0x00,0x00,0xbf,0x60,0x9f,0xfe,0xf8,
  0x00,0x00,0x8f,0xff,0xa1,0x00,0x00,0x00,0x00,0x00,0xaf,0xc0,0x00,0x00,0x0b,0xff,0x80,0x00,0x00,0x00,0x00,0x00,0x00,0xbf,
  0x60,0x00,0x00,0x00,0x00,0x00,0x00,0x08,0xf9,0x00,0x00,0x00,0x00,0x01,0x10,0x00,0x00,0x0e,0xf3,0x00,0x00,0x00,0x11,0x00,
  0x00,0x00,0x05,0xfb,0x00,0x00,0x01,0xff,0x00,0x00,0x0e,0xf3,0x00,0x00,0x00,0x02,0xbb,0xbb,0xbb,0xbe,0xfd,0xbb,0xbb,0xbb,
  0xbb,0xbb,0xbb,0xbb,0x20,0x00,0x7f,0xa0,0x03,0xff,0x30,0x00,0x05,0xfa,0x00,0x00,0x0a,0xf7,0x00,0x00,0x00,0x00,0x00,0x00,
  0x00,0x1f,0xf1,0x00,0x00,0x00,0x00,0x00,0x00,0x00,0x00,0x5f,0xf0,0x00,0x00,0x08,0xf9,0x00,0x00,0x00,0x3f,0xe0,0x00,0x00,
  0x00,0x00,0x00,0x0e,0xf1,0x00,0x5f,0xc0,0x00,0x00,0x00,0x00,0xaf,0x70,0x00,0x00,0x00,0xff,0xff,0xff,0xff,0xff,0xff,0xff,
  0xff,0xff,0xff,0xc0,0x00,0x00,0x00,0x7f,0xff,0xff,0xff,0xff,0xff,0xff,0xff,0xff,0xf6,0x00,0x00,0x0a,0xff,0xfe,0xf9,0x00,
  0x00,0x4f,0xb0,0x00,0x00,0x00,0x2f,0xe0,0x00,0x00,0x00,0xbf,0x7a,0xff,0x99,0xf8,0x00,0x00,0x4f,0xf6,0x00,0x00,0x00,0x00,
  0x00,0x01,0xef,0x60,0x00,0x00,0x1e,0xff,0xe1,0x00,0x00,0x00,0x00,0x00,0x00,0xbf,0x94,0x44,0x44,0x44,0x44,0x44,0x44,0x4a,
  0xf9,0x00,0x00,0x00,0x00,0x6f,0xb0,0x00,0x00,0x0e,0xf3,0x00,0x00,0x01,0xff,0x00,0x00,0x00,0x07,0xfb,0x00,0x00,0x01,0xff,
  0x00,0x00,0x0e,0xf3,0x00,0x00,0x00,0x03,0xff,0xff,0xff,0xff,0xff,0xff,0xff,0xff,0xff,0xff,0xff,0xff,0x30,0x00,0x7f,0xa0,
  0x0c,0xfb,0x00,0x00,0x04,0xfe,0x65,0x66,0x0a,0xf7,0x00,0x00,0x00,0x00,0x00,0x00,0x00,0x1f,0xf1,0x00,0x00,0x00,0x00,0x00,
  0x00,0x00,0x00,0x6f,0xe0,0x00,0x00,0x08,0xf9,0x00,0x00,0x00,0x3f,0xe0,0x00,0x00,0x00,0x00,0x00,0x0e,0xf1,0x00,0x5f,0xea,
  0xaa,0xaa,0xaa,0xaa,0xdf,0x70,0x00,0x00,0x02,0xff,0xdd,0xdd,0xdd,0xde,0xfe,0xdd,0xdd,0xdd,0xdf,0xc0,0x00,0x00,0x00,0x13,
  0x33,0x33,0x33,0x5f,0xf4,0x33,0x33,0x33,0x31,0x00,0x00,0x05,0xe9,0x38,0xf9,0x00,0x00,0x4f,0xb0,0x00,0x00,0x00,0x2f,0xe0,
  0x00,0x00,0x00,0xbf,0x67,0xf8,0x09,0xf8,0x00,0x00,0x0d,0xf7,0x00,0x00,0x00,0x00,0x00,0x08,0xfe,0x10,0x00,0x00,0x6f,0xec,
  0xf7,0x00,0x00,0x00,0x00,0x00,0x00,0xbf,0xff,0xff,0xff,0xff,0xff,0xff,0xff,0xff,0xf9,0x00,0x00,0x00,0x00,0x6f,0xb0,0x00,
  0x00,0x0e,0xf3,0x00,0x00,0x01,0xff,0x00,0x00,0x00,0x08,0xf9,0x01,0x11,0x14,0xff,0x11,0x11,0x1e,0xf4,0x11,0x11,0x00,0x00,
  0x11,0x11,0x7e,0xe6,0x11,0x1f,0xf3,0x12,0xbf,0xd4,0x11,0x11,0x00,0x00,0x7f,0xa0,0xbf,0xe2,0x00,0x00,0x01,0xef,0xff,0xfd,
  0x0a,0xf7,0x00,0x00,0x00,0x00,0x00,0x00,0x00,0x1f,0xf1,0x00,0x00,0x00,0x00,0x00,0x00,0x00,0x00,0x7f,0xd0,0x00,0x00,0x08,
  0xf9,0x00,0x00,0x00,0x3f,0xe0,0x00,0x00,0x00,0x00,0x00,0x0e,0xf1,0x00,0x5f,0xff,0xff,0xff,0xff,0xff,0xff,0x70,0x00,0x00,
  0x05,0xfd,0x00,0x00,0x00,0x09,0xf8,0x00,0x00,0x00,0x5f,0xc0,0x00,0x00,0x00,0x00,0x00,0x00,0x00,0x3f,0xf1,0x00,0x00,0x00,
  0x00,0x00,0x00,0x00,0x00,0x08,0xf9,0x00,0x00,0x4f,0xed,0xdd,0xdd,0xdd,0xdf,0xe0,0x00,0x00,0x00,0xbf,0x60,0x40,0x09,0xf8,
  0x00,0x00,0x08,0xfe,0x10,0x00,0x00,0x00,0x00,0x1e,0xf9,0x00,0x00,0x00,0xdf,0x94,0xfe,0x10,0x00,0x00,0x00,0x00,0x00,0x8b,
  0xbb,0xbb,0xbb,0xbb,0xbb,0xbb,0xbb,0xbb,0xb7,0x00,0x00,0x00,0x00,0x6f,0xb0,0x00,0x00,0x0e,0xf3,0x00,0x00,0x01,0xff,0x00,
  0x00,0x00,0x0b,0xf7,0x0f,0xff,0xff,0xff,0xff,0xff,0xff,0xff,0xff,0xff,0x50,0x00,0x00,0x09,0xff,0xc7,0x77,0x7e,0xf7,0x77,
  0x7f,0xff,0xc1,0x00,0x00,0x00,0x7f,0xa9,0xfe,0x50,0x00,0x00,0x00,0x27,0x99,0x86,0x0a,0xf7,0x00,0x00,0x00,0x00,0x00,0x00,
  0x00,0x1f,0xf1,0x00,0x00,0x00,0x00,0x00,0x00,0x00,0x00,0xaf,0xed,0xdd,0xdd,0xde,0xfe,0xdd,0xdd,0xdd,0xef,0xe0,0x00,0x00,
  0x00,0x00,0x00,0x0e,0xf1,0x30,0x5f,0xc1,0x11,0x11,0x11,0x11,0xaf,0x70,0x00,0x00,0x08,0xfb,0x00,0x00,0x00,0x09,0xf8,0x00,
  0x00,0x00,0x5f,0xc0,0x00,0x00,0x44,0x44,0x44,0x44,0x44,0x6f,0xf5,0x44,0x44,0x44,0x44,0x44,0x00,0x00,0x00,0x08,0xf9,0x00,
  0x00,0x4f,0xff,0xff,0xff,0xff,0xff,0xe0,0x00,0x00,0x00,0xbf,0x60,0x00,0x09,0xf8,0x00,0x00,0x01,0xef,0x90,0x00,0x00,0x00,
  0x00,0x9f,0xf2,0x00,0x00,0x07,0xfe,0x20,0xcf,0xb0,0x00,0x00,0x00,0x00,0x00,0x00,0x00,0x00,0x00,0x00,0x00,0x00,0x00,0x00,
  0x12,0x00,0x00,0x00,0x00,0x6f,0xb0,0x00,0x00,0x0e,0xf3,0x00,0x00,0x01,0xff,0x00,0x00,0x00,0x0e,0xf5,0x0e,0xee,0xee,0xfe,
  0xee,0xee,0xef,0xfe,0xee,0xee,0x50,0x00,0x05,0xdf,0xff,0xff,0xff,0xff,0xff,0xff,0xff,0xff,0xfe,0x92,0x00,0x00,0x7f,0xa3,
  0xe5,0x00,0x00,0x00,0x00,0x00,0x00,0x00,0x0a,0xf7,0x00,0x00,0x00,0x00,0x00,0x00,0x00,0x1f,0xf1,0x00,0x00,0x00,0x00,0x00,
  0x00,0x00,0x00,0xdf,0xff,0xff,0xff,0xff,0xff,0xff,0xff,0xff,0xff,0xe0,0x00,0x00,0x00,0x00,0x00,0x0e,0xf4,0xe8,0x5f,0xc2,
  0x22,0x22,0x22,0x22,0xbf,0x70,0x00,0x00,0x0d,0xf8,0x00,0x00,0x00,0x09,0xf8,0x00,0x00,0x00,0x5f,0xc0,0x00,0x02,0xff,0xff,
  0xff,0xff,0xff,0xff,0xff,0xff,0xff,0xff,0xff,0xff,0x00,0x00,0x00,0x08,0xf9,0x00,0x00,0x4f,0xb0,0x00,0x00,0x00,0x2f,0xe0,
  0x00,0x00,0x00,0xbf,0x60,0x00,0x09,0xf8,0x00,0x00,0x00,0x8f,0xf5,0x00,0x00,0x00,0x02,0xef,0xa0,0x00,0x00,0x4e,0xf8,0x00,
  0x3e,0xf7,0x00,0x00,0x00,0x00,0x00,0x9a,0x20,0x02,0x50,0x00,0x03,0x92,0x00,0x05,0xec,0x00,0x00,0x00,0x00,0x6f,0xb0,0x00,
  0x00,0x0e,0xf3,0x00,0x00,0x01,0xff,0x00,0x00,0x00,0x3f,0xf2,0x00,0x00,0x0d,0xf7,0x00,0x00,0x0e,0xf3,0x00,0x00,0x00,0x02,
  0xbf,0xfa,0xef,0x64,0x44,0x4e,0xf5,0x44,0x44,0xbf,0xff,0xff,0xa0,0x00,0x7f,0xa0,0x20,0x00,0x00,0x00,0x00,0x00,0x00,0x00,
  0x0a,0xf7,0x00,0x00,0x00,0x00,0x00,0x00,0x00,0x1f,0xf1,0x00,0x00,0x00,0x00,0x00,0x00,0x00,0x02,0xff,0x70,0x00,0x00,0x08,
  0xf9,0x00,0x00,0x00,0x4f,0xe0,0x00,0x00,0x00,0x00,0x00,0x0e,0xfd,0xf5,0x5f,0xff,0xff,0xff,0xff,0xff,0xff,0x70,0x00,0x00,
  0x3f,0xf4,0x00,0x00,0x00,0x09,0xf8,0x00,0x00,0x00,0x5f,0xc0,0x00,0x01,0xaa,0xaa,0xaa,0xaa,0xaa,0xbf,0xfb,0xaa,0xaa,0xaa,
  0xaa,0xaa,0x00,0x00,0x00,0x08,0xf9,0x00,0x00,0x4f,0xb0,0x00,0x00,0x00,0x2f,0xe0,0x00,0x00,0x00,0xbf,0x60,0x00,0x09,0xf8,
  0x00,0x00,0x30,0x1d,0xfe,0x20,0x00,0x00,0x0b,0xfe,0x20,0x00,0x03,0xef,0xc0,0x00,0x07,0xff,0x60,0x00,0x00,0x00,0x03,0xef,
  0x50,0x3f,0xf5,0x00,0x0c,0xfb,0x00,0x03,0xef,0x70,0x00,0x00,0x00,0x6f,0xb0,0x00,0x00,0x0e,0xf3,0x00,0x00,0x01,0xff,0x00,
  0x00,0x00,0x7f,0xd0,0x00,0x00,0x6f,0xf3,0x00,0x00,0x0e,0xf3,0x00,0x00,0x00,0x04,0xfd,0x50,0xdf,0x30,0x00,0x0e,0xf1,0x00,
  0x00,0xaf,0x65,0xde,0x40,0x00,0x7f,0xa0,0x00,0x00,0x00,0x00,0x00,0x00,0x00,0x00,0x0a,0xf7,0x00,0x00,0x00,0x00,0x00,0x00,
  0x00,0x1f,0xf1,0x00,0x00,0x00,0x00,0x00,0x00,0x00,0x08,0xff,0x20,0x00,0x00,0x08,0xf9,0x00,0x00,0x00,0x3f,0xe0,0x00,0x00,
  0x00,0x00,0x00,0x0e,0xff,0xb0,0x5f,0xd8,0x88,0x88,0x88,0x88,0xdf,0x70,0x00,0x00,0x8f,0xe0,0x00,0x00,0x00,0x09,0xf8,0x00,
  0x00,0x00,0x5f,0xc0,0x00,0x00,0x00,0x00,0x00,0x00,0x00,0x3f,0xf1,0x00,0x00,0x00,0x00,0x00,0x00,0x00,0x00,0x08,0xf9,0x00,
  0x00,0x4f,0xb0,0x00,0x00,0x00,0x2f,0xe0,0x00,0x00,0x00,0xbf,0x60,0x00,0x09,0xf8,0x00,0x6c,0xe1,0x04,0xff,0xd1,0x00,0x00,
  0x6f,0xf9,0x00,0x00,0x5e,0xfd,0x20,0x00,0x00,0xbf,0xf8,0x00,0x00,0x00,0x0b,0xfd,0x00,0x0b,0xfc,0x00,0x04,0xff,0x50,0x00,
  0x8f,0xe1,0x00,0x00,0x00,0x6f,0xc3,0x33,0x33,0x3e,0xf5,0x33,0x33,0x34,0xff,0x00,0x00,0x00,0xcf,0x90,0x00,0x05,0xef,0xb0,
  0x00,0x00,0x0e,0xf3,0x00,0x00,0x00,0x00,0x50,0x00,0xdf,0x30,0x00,0x0e,0xf1,0x00,0x55,0xdf,0x50,0x03,0x00,0x00,0x7f,0xb1,
  0x11,0x11,0x11,0x11,0x11,0x11,0x11,0x11,0x1b,0xf7,0x00,0x00,0x00,0x00,0x00,0x00,0x00,0x1f,0xf1,0x00,0x00,0x00,0x00,0x00,
  0x00,0x00,0x1e,0xfb,0x00,0x00,0x00,0x08,0xf9,0x00,0x00,0x00,0x3f,0xe0,0x00,0x00,0x00,0x00,0x00,0x0d,0xfd,0x10,0x5f,0xc0,
  0x00,0x00,0x00,0x00,0xaf,0x70,0x00,0x01,0xef,0x90,0x00,0x00,0x00,0x09,0xf8,0x00,0x00,0x00,0x8f,0xb0,0x00,0x00,0x00,0x00,
  0x00,0x00,0x00,0x3f,0xf1,0x00,0x00,0x00,0x00,0x00,0x00,0x00,0x00,0x08,0xf9,0x00,0x00,0x4f,0xfe,0xee,0xee,0xee,0xef,0xe0,
  0x00,0x00,0x00,0xbf,0x60,0x00,0x09,0xfa,0x8e,0xff,0xc2,0x00,0x7f,0xfd,0x10,0x01,0xef,0xe1,0x00,0x09,0xff,0xd3,0x00,0x00,
  0x00,0x0b,0xff,0xb2,0x00,0x00,0x7f,0xf5,0x00,0x04,0xff,0x30,0x00,0xbf,0xc0,0x00,0x0d,0xf9,0x00,0x00,0x00,0x6f,0xff,0xff,
  0xff,0xff,0xff,0xff,0xff,0xff,0xff,0x00,0x00,0x03,0xff,0x50,0x04,0xaf,0xfe,0x20,0x00,0x00,0x0e,0xf3,0x00,0x00,0x00,0x00,
  0x00,0x00,0xdf,0x30,0x00,0x0e,0xf1,0x00,0xef,0xfe,0x20,0x00,0x00,0x00,0x7f,0xff,0xff,0xff,0xff,0xff,0xff,0xff,0xff,0xff,
  0xff,0xf7,0x00,0x00,0x00,0x00,0x00,0x00,0x00,0x1f,0xf1,0x00,0x00,0x00,0x00,0x00,0x00,0x00,0xaf,0xf4,0x00,0x00,0x00,0x08,
  0xf9,0x00,0x32,0x10,0x5f,0xd0,0x00,0x00,0x00,0x00,0x00,0x02,0xc3,0x00,0x5f,0xc0,0x00,0x00,0x0a,0x99,0xef,0x50,0x00,0x07,
  0xff,0x30,0x00,0x00,0x00,0x09,0xf8,0x00,0x5f,0xed,0xef,0x90,0x00,0x00,0x00,0x00,0x00,0x00,0x00,0x3f,0xf1,0x00,0x00,0x00,
  0x00,0x00,0x00,0x05,0xdb,0xae,0xf8,0x00,0x00,0x4f,0xfe,0xee,0xee,0xee,0xef,0xe0,0x00,0x00,0x00,0xbf,0x60,0x00,0x09,0xff,
  0xff,0xc5,0x00,0x00,0x0a,0xff,0x60,0x01,0xcf,0x70,0x04,0xdf,0xfc,0x20,0x00,0x00,0x00,0x00,0xbf,0xfe,0x60,0x03,0xef,0xb0,
  0x00,0x00,0xef,0x80,0x00,0x5f,0xf5,0x00,0x07,0xfe,0x10,0x00,0x00,0x5d,0xdd,0xdd,0xdd,0xdd,0xdd,0xdd,0xdd,0xdd,0xff,0x00,
  0x00,0x09,0xfe,0x00,0x6f,0xff,0xd3,0x00,0x00,0x00,0x0e,0xf3,0x00,0x00,0x00,0x00,0x00,0x00,0xdf,0x30,0x00,0x0e,0xf1,0x00,
  0x69,0x83,0x00,0x00,0x00,0x00,0x7f,0xee,0xee,0xee,0xee,0xee,0xee,0xee,0xee,0xee,0xee,0xf7,0x00,0x00,0x00,0x00,0x00,0x00,
  0x00,0x1f,0xf1,0x00,0x00,0x00,0x00,0x00,0x00,0x06,0xff,0xa0,0x00,0x00,0x00,0x08,0xf9,0x00,0xef,0xff,0xff,0xc0,0x00,0x00,
  0x00,0x00,0x00,0x00,0x00,0x00,0x5f,0xc0,0x00,0x00,0x0c,0xff,0xfd,0x10,0x00,0x05,0xeb,0x00,0x00,0x00,0x00,0x02,0x31,0x00,
  0x2f,0xff,0xfd,0x20,0x00,0x00,0x00,0x00,0x00,0x00,0x00,0x3f,0xf1,0x00,0x00,0x00,0x00,0x00,0x00,0x02,0xff,0xff,0xf3,0x00,
  0x00,0x4f,0xb0,0x00,0x00,0x00,0x2f,0xe0,0x00,0x00,0x00,0xbf,0x60,0x00,0x06,0xfe,0xa4,0x00,0x00,0x00,0x00,0xaa,0x00,0x00,
  0x07,0x00,0x01,0xde,0x80,0x00,0x00,0x00,0x00,0x00,0x07,0xec,0x10,0x00,0x9e,0x20,0x00,0x00,0xae,0x80,0x00,0x0b,0x60,0x00,
  0x01,0xeb,0x20,0x00,0x00,0x00,0x00,0x00,0x00,0x00,0x00,0x00,0x00,0x01,0xff,0x00,0x00,0x07,0xe9,0x00,0x0d,0xe8,0x10,0x00,
  0x00,0x00,0x0e,0xf3,0x00,0x00,0x00,0x00,0x00,0x00,0x23,0x00,0x00,0x0e,0xf1,0x00,0x00,0x00,0x00,0x00,0x00,0x00,0x7f,0xa0,
  0x00,0x00,0x00,0x00,0x00,0x00,0x00,0x00,0x0a,0xf7,0x00,0x00,0x00,0x00,0x00,0x00,0x00,0x1f,0xf1,0x00,0x00,0x00,0x00,0x00,
  0x00,0x01,0xdc,0x10,0x00,0x00,0x00,0x08,0xf9,0x00,0xbf,0xff,0xff,0x70,0x00,0x00,0x00,0x00,0x00,0x00,0x00,0x00,0x37,0x60,
  0x00,0x00,0x03,0x67,0x50,0x00,0x00,0x00,0x12,0x00,0x00,0x00,0x00,0x00,0x00,0x00,0x02,0x34,0x30,0x00,0x00,0x00,0x00,0x00,
  0x00,0x00,0x00,0x2b,0xb1,0x00,0x00,0x00,0x00,0x00,0x00,0x00,0x46,0x77,0x30,0x00,0x00,0x27,0x50,0x00,0x00,0x00,0x17,0x70,
  0x00,0x00,0x00,0x57,0x30,0x00,0x00,0x51,0x00,0x00,0x00,0x00,0x00,0x00,0x00,0x00,0x00,0x00,0x00,0x23,0x00,0x00,0x00,0x00,
  0x00,0x00,0x00,0x30,0x00,0x00,0x02,0x00,0x00,0x00,0x10,0x00,0x00,0x00,0x00,0x00,0x00,0x20,0x00,0x00,0x00,0x00,0x00,0x00,
  0x00,0x00,0x00,0x00,0x00,0x00,0x66,0x00,0x00,0x00,0x32,0x00,0x02,0x00,0x00,0x00,0x00,0x00,0x07,0x71,0x00,0x00,0x00,0x00,
  0x00,0x00,0x00,0x00,0x00,0x07,0x70,0x00,0x00,0x00,0x00,0x00,0x00,0x00,0x37,0x50,0x00,0x00,0x00,0x00,0x00,0x00,0x00,0x00,
  0x05,0x73,0x00,0x00,0x00,0x00,0x00,0x00,0x00,0x07,0x70,0x00,0x00,0x00,0x00,0x00,0x00,0x00,0x31,0x00,0x00,0x00,0x00,0x03,
  0x63,0x00,0x24,0x67,0x75,0x00,0x00,0x00,0x00,0x00,0x00,0x00,0x00,0x00,0x00,0x00,0x00,0x00,0x00,0x00,0x00,0x00,0x00,0x00,
  0x00,0x00,0x00,0x00,0x00,0x00,0x00,0x00,0x00,0x00,0x00,0x00,0x00,0x00,0x00,0x00,0x00,0x00,0x00,0x00,0x00,0x00,0x00,0x00,
  0x00,0x00,0x00,0x00,0x00,0x00,0x00,0x00,0x00,0x00,0x00,0x00,0x00,0x00,0x00,0x00,0x00,0x00,0x00,0x00,0x00,0x00,0x00,0x00,
  0x00,0x00,0x00,0x00,0x00,0x00,0x00,0x00,0x00,0x00,0x00,0x00,0x00,0x00,0x00,0x00,0x00,0x00,0x00,0x00,0x00,0x00,0x00,0x00,
  0x00,0x00,0x00,0x00,0x00,0x00,0x00,0x00,0x00,0x00,0x00,0x00,0x00,0x00,0x00,0x00,0x00,0x00,0x00,0x00,0x00,0x00,0x00,0x00,
  0x00,0x00,0x00,0x00,0x00,0x00,0x00,0x00,0x00,0x00,0x00,0x00,0x00,0x00,0x00,0x00,0x00,0x00,0x00,0x00,0x00,0x00,0x00,0x00,
  0x00,0x00,0x00,0x00,0x00,0x00,0x00,0x00,0x00,0x00,0x00,0x00,0x00,0x00,0x00,0x00,0x00,0x00,0x00,0x00,0x00,0x00,0x00,0x00,
  0x00,0x00,0x00,0x00,0x00,0x00,0x00,0x00,0x00,0x00,0x00,0x00,0x00,0x00,0x00,0x00,0x00,0x00,0x00,0x00,0x00,0x00,0x00,0x00,
  0x00,0x00,0x00,0x00,0x00,0x00,0x00,0x00,0x00,0x00,0x00,0x00,0x00,0x00,0x00,0x00,0x00,0x00,0x00,0x00,0x00,0x00,0x00,0x00,
  0x00,0x00,0x00,0x00,0x00,0x00,0x00,0x00,0x00,0x00,0x00,0x00,0x00,0x00,0x00,0x00,0x00,0x00,0x00,0x00,0x00,0x00,0x00,0x00,
  0x00,0x00,0x00,0x00,0x00,0x00,0x00,0x00,0x00,0x00,0x00,0x00,0x00,0x00,0x00,0x00,0x00,0x00,0x00,0x00,0x00,0x00,0x00,0x00,
  0x00,0x00,0x00,0x00,0x00,0x00,0x00,0x00,0x00,0x00,0x00,0x00,0x00,0x00,0x00,0x00,0x00,0x00,0x00,0x00,0x00,0x00,0x00,0x00,
  0x00,0x00,0x00,0x00,0x00,0x00,0x00,0x00,0x00,0x00,0x00,0x00,0x00,0x00,0x00,0x00,0x00,0x00,0x00,0x00,0x00,0x00,0x00,0x00,
  0x00,0x00,0x00,0x00,0x00,0x00,0x00,0x00,0x00,0x00,0x00,0x00,0x00,0x00,0x00,0x00,0x00,0x00,0x00,0x00,0x00,0x00,0x00,0x00,
  0x00,0x00,0x00,0x00,0x00,0x00,0x00,0x00,0x00,0x00,0x00,0x00,0x00,0x00,0x00,0x00,0x00,0x00,0x00,0x00,0x00,0x00,0x00,0x00,
  0x00,0x00,0x00,0x00,0x00,0x00,0x00,0x00,0x00,0x00,0x00,0x00,0x00,0x00,0x00,0x00,
};
#define GUI_TXT_CAL_HINT_W 368
#define GUI_TXT_CAL_HINT_H 31

static const uint8_t gui_txt_cal_tl_bits[3424] = {
  0x00,0x00,0x00,0x00,0x00,0x00,0x00,0x00,0x00,0x00,0x00,0x00,0x00,0x00,0x00,0x00,0x00,0x00,0x00,0x00,0x00,0x00,0x00,0x00,
  0x00,0x00,0x00,0x00,0x00,0x00,0x00,0x00,0x00,0x00,0x00,0x00,0x00,0x00,0x00,0x00,0x00,0x00,0x00,0x00,0x00,0x00,0x00,0x00,
  0x00,0x00,0x00,0x00,0x00,0x00,0x00,0x00,0x00,0x00,0x00,0x00,0x00,0x00,0x00,0x00,0x00,0x00,0x00,0x00,0x00,0x00,0x00,0x00,
  0x00,0x00,0x00,0x00,0x00,0x00,0x00,0x00,0x00,0x00,0x00,0x00,0x00,0x00,0x00,0x00,0x00,0x00,0x00,0x00,0x00,0x00,0x00,0x00,
  0x00,0x00,0x00,0x00,0x00,0x00,0x00,0x00,0x00,0x00,0x00,0x00,0x00,0x00,0x00,0x00,0x00,0x00,0x00,0x00,0x00,0x00,0x00,0x00,
  0x00,0x00,0x00,0x00,0x00,0x00,0x00,0x00,0x00,0x00,0x00,0x00,0x00,0x00,0x00,0x00,0x00,0x00,0x00,0x00,0x00,0x00,0x00,0x00,
  0x00,0x00,0x00,0x00,0x00,0x00,0x00,0x00,0x00,0x00,0x00,0x00,0x00,0x00,0x00,0x00,0x00,0x00,0x00,0x00,0x00,0x00,0x00,0x00,
  0x00,0x00,0x00,0x00,0x00,0x00,0x00,0x00,0x00,0x00,0x00,0x00,0x00,0x00,0x00,0x00,0x00,0x00,0x00,0x00,0x00,0x00,0x00,0x00,
  0x00,0x00,0x00,0x00,0x00,0x00,0x00,0x00,0x00,0x00,0x00,0x00,0x00,0x00,0x00,0x00,0x00,0x00,0x00,0x00,0x00,0x00,0x00,0x00,
  0x00,0x00,0x00,0x00,0x00,0x00,0x00,0x00,0x00,0x00,0x00,0x00,0x00,0x00,0x00,0x00,0x00,0x00,0x00,0x00,0x00,0x00,0x00,0x00,
  0x00,0x00,0x00,0x00,0x00,0x00,0x00,0x00,0x00,0x00,0x00,0x00,0x00,0x00,0x00,0x00,0x00,0x00,0x00,0x00,0x00,0x00,0x00,0x00,
  0x00,0x00,0x00,0x00,0x00,0x00,0x00,0x00,0x00,0x00,0x00,0x01,0x00,0x00,0x00,0x00,0x00,0x00,0x00,0x00,0x00,0x00,0x00,0x00,
  0x00,0x00,0x00,0x00,0x00,0x00,0x00,0x00,0x00,0x00,0x00,0x00,0x00,0x00,0x00,0x00,0x00,0x00,0x00,0x00,0x00,0x00,0x00,0x00,
  0x00,0x00,0x00,0x00,0x00,0x00,0x00,0x00,0x00,0x00,0x00,0x00,0x00,0x00,0x00,0x00,0x69,0x50,0x00,0x00,0x00,0x00,0x00,0x00,
  0x00,0x00,0x00,0x00,0x00,0x00,0x09,0x91,0x00,0x00,0x00,0x00,0x00,0x00,0x00,0x00,0x00,0x00,0x00,0x85,0x00,0x00,0x00,0x00,
  0x00,0x00,0x00,0x00,0x00,0x00,0x00,0x00,0x00,0x00,0x33,0x00,0x00,0x00,0x00,0x00,0x00,0x00,0x00,0x00,0x00,0x00,0x4f,0xd4,
  0x00,0x00,0x00,0x00,0x00,0x00,0x00,0x00,0x00,0x00,0x00,0x00,0x00,0x00,0x00,0x00,0x00,0x00,0x00,0x00,0x00,0x00,0x00,0x00,
  0x00,0x00,0x00,0x00,0x00,0x00,0x00,0x00,0x00,0x00,0x00,0x00,0x00,0x00,0x00,0x00,0x00,0x00,0x00,0x00,0x00,0x00,0x00,0x00,
  0x00,0x00,0x00,0x9f,0x80,0x00,0x00,0x00,0x00,0x00,0x00,0x00,0x00,0x00,0x00,0x00,0x00,0x0e,0xf3,0x00,0x00,0x00,0x00,0x00,
  0x00,0x00,0x00,0x00,0x00,0x01,0xfe,0x00,0x00,0x00,0x00,0x00,0x00,0x00,0x00,0x00,0x00,0x00,0x00,0x00,0x04,0xff,0x00,0x00,
  0x00,0x00,0x00,0x00,0x00,0x00,0x00,0x00,0x01,0xef,0xc0,0x00,0x00,0x00,0x00,0x00,0x00,0x00,0x00,0x00,0x00,0x00,0x00,0x00,
  0x00,0x00,0x00,0x00,0x00,0x00,0x00,0x00,0x00,0x00,0x00,0x00,0x00,0x00,0x00,0x00,0x00,0x00,0x00,0x00,0x00,0x00,0x00,0x00,
  0x00,0x00,0x00,0x00,0x00,0x00,0x00,0x00,0x00,0x00,0x00,0x00,0x00,0x00,0x9f,0x80,0x00,0x00,0x00,0x00,0x00,0x00,0x00,0x00,
  0x00,0x00,0x00,0x00,0x0e,0xf3,0x00,0x00,0x00,0x00,0x00,0x00,0x00,0x00,0x00,0x00,0x04,0xfd,0x00,0x00,0x00,0x00,0x00,0x00,
  0x00,0x00,0x00,0x00,0x00,0x00,0x00,0x04,0xff,0x00,0x00,0x00,0x00,0x00,0x00,0x00,0x00,0x00,0x00,0x1c,0xff,0xdb,0xbb,0xbb,
  0xbb,0xba,0x00,0x00,0x00,0x00,0x00,0x00,0x00,0x00,0x00,0x00,0x00,0x00,0x00,0x00,0x00,0x00,0x00,0x00,0x00,0x00,0x00,0x00,
  0x00,0x00,0x00,0x00,0x00,0x00,0x00,0x00,0x00,0x00,0x00,0x00,0x00,0x00,0x00,0x00,0x00,0x00,0x00,0x00,0x00,0x00,0x00,0x00,
  0x00,0x9f,0xca,0xaa,0xaa,0xaa,0xaa,0xa2,0x00,0x00,0x00,0x00,0x00,0x00,0x00,0x0e,0xf3,0x00,0x00,0x00,0x00,0x00,0x00,0x00,
  0x00,0x00,0x00,0x07,0xfa,0x00,0x00,0x00,0x00,0x00,0x00,0x00,0x00,0x00,0x00,0x00,0x00,0x00,0x04,0xff,0x00,0x00,0x00,0x00,
  0x00,0x00,0x00,0x00,0x00,0x01,0xcf,0xff,0xff,0xff,0xff,0xff,0xfd,0x00,0x00,0x00,0x00,0x00,0x00,0x00,0x00,0x00,0x00,0x00,
  0x00,0x00,0x2e,0xf4,0x00,0x00,0x00,0x1c,0xfa,0x00,0x00,0x00,0x00,0x00,0x00,0x7f,0xe0,0x00,0x00,0x00,0x00,0xdf,0xe0,0x00,
  0x0c,0xf8,0x00,0x00,0x00,0x00,0x00,0x00,0x00,0x00,0x00,0x00,0x9f,0xff,0xff,0xff,0xff,0xff,0xf4,0x00,0x00,0x00,0x88,0x88,
  0x88,0x88,0x8e,0xfa,0x88,0x88,0x88,0x88,0x50,0x00,0x00,0x58,0x88,0x88,0x8c,0xfc,0x88,0x88,0x88,0x88,0x88,0x88,0x84,0x00,
  0x00,0x00,0x00,0x00,0x00,0x04,0xff,0x00,0x00,0x00,0x00,0x00,0x00,0x00,0x00,0x00,0x2c,0xff,0x71,0x11,0x11,0x11,0x9f,0xf6,
  0x00,0x00,0x00,0x00,0x00,0x00,0x00,0x00,0x00,0x00,0x00,0x00,0x00,0xcf,0x90,0x00,0x00,0x03,0xdf,0xfa,0x00,0x00,0x00,0x00,
  0x00,0x00,0xcf,0x80,0x00,0x00,0x00,0x09,0xff,0xe0,0x00,0x03,0xef,0x40,0x00,0x00,0x00,0x00,0x00,0x00,0x00,0x00,0x00,0x9f,
  0xa5,0x55,0x55,0x55,0x55,0x51,0x00,0x00,0x00,0xef,0xff,0xff,0xff,0xff,0xff,0xff,0xff,0xff,0xff,0x90,0x00,0x00,0x8f,0xff,
  0xff,0xff,0xff,0xff,0xff,0xff,0xff,0xff,0xff,0xf7,0x00,0x00,0x00,0x00,0x00,0x00,0x04,0xff,0x00,0x00,0x00,0x00,0x00,0x00,
  0x00,0x00,0x04,0xef,0xe7,0x00,0x00,0x00,0x06,0xff,0x80,0x00,0x00,0x00,0x00,0x00,0x00,0x00,0x00,0x00,0x00,0x00,0x00,0x07,
  0xfe,0x10,0x00,0x00,0x6e,0xfe,0xfa,0x00,0x00,0x00,0x00,0x00,0x03,0xff,0x30,0x00,0x00,0x00,0x4f,0xdf,0xe0,0x00,0x00,0x9f,
  0xd0,0x00,0x00,0x00,0x00,0x00,0x00,0x00,0x00,0x00,0x9f,0x80,0x00,0x00,0x00,0x00,0x00,0x00,0x00,0x00,0x67,0x77,0x77,0x77,
  0x7e,0xf8,0x77,0x77,0x77,0x77,0x40,0x00,0x00,0x47,0x77,0x77,0x9f,0xe7,0x77,0x77,0x77,0x77,0x77,0x77,0x73,0x00,0x00,0x00,
  0x00,0x00,0x00,0x04,0xff,0x00,0x00,0x00,0x00,0x00,0x00,0x00,0x01,0x9f,0xff,0xc7,0x77,0x77,0x77,0x9f,0xfd,0x77,0x77,0x77,
  0x70,0x00,0x00,0x00,0x00,0x00,0x00,0x00,0x00,0x00,0x0e,0xf8,0x00,0x00,0x09,0xff,0xa9,0xfa,0x00,0x00,0x00,0x00,0x00,0x08,
  0xfc,0x00,0x00,0x00,0x00,0xdf,0x8f,0xe0,0x00,0x00,0x2f,0xf6,0x00,0x00,0x00,0x00,0x00,0x00,0x00,0x00,0x00,0x9f,0x80,0x00,
  0x00,0x00,0x00,0x00,0x00,0x00,0x00,0x00,0x00,0x00,0x00,0x0e,0xf3,0x00,0x00,0x00,0x00,0x00,0x00,0x00,0x00,0x00,0x00,0x9f,
  0xa0,0x00,0x00,0x00,0x00,0x00,0x00,0x00,0x00,0x00,0x00,0x00,0x00,0x00,0x04,0xff,0x00,0x00,0x00,0x00,0x00,0x00,0x00,0x0c,
  0xff,0xdf,0xff,0xff,0xff,0xff,0xff,0xff,0xff,0xff,0xff,0xe0,0x00,0x00,0x00,0x00,0x00,0x00,0x00,0x00,0x00,0x6f,0xf2,0x00,
  0x00,0x4f,0xf8,0x09,0xfa,0x00,0x00,0x00,0x00,0x00,0x0d,0xf7,0x00,0x00,0x00,0x08,0xfa,0x5f,0xe0,0x00,0x00,0x0b,0xfd,0x00,
  0x00,0x00,0x00,0x00,0x00,0x00,0x00,0x00,0x9f,0x80,0x00,0x00,0x00,0x00,0x00,0x00,0x00,0x00,0x00,0x00,0x00,0x00,0x0e,0xf3,
  0x00,0x00,0x00,0x00,0x00,0x00,0x00,0x00,0x00,0x00,0xef,0x40,0x00,0x00,0x00,0x00,0x00,0x00,0x00,0x00,0x00,0x00,0x00,0x00,
  0x00,0x04,0xff,0x88,0x88,0x88,0x88,0x88,0x50,0x00,0x02,0xd6,0x4f,0xf8,0x88,0x88,0x8c,0xfc,0x88,0x88,0x88,0xaf,0xe0,0x00,
  0x00,0x00,0x00,0x00,0x00,0x00,0x00,0x00,0xcf,0xb0,0x00,0x00,0x09,0x50,0x0a,0xfa,0x00,0x00,0x00,0x00,0x00,0x4f,0xe1,0x00,
  0x00,0x00,0x3e,0xe2,0x5f,0xe0,0x00,0x00,0x05,0xff,0x30,0x00,0x00,0x00,0x00,0xbf,0xff,0xff,0xff,0xff,0xff,0xff,0xff,0xff,
  0xf9,0x00,0x00,0x00,0x00,0x00,0x00,0x00,0x00,0x0e,0xf3,0x00,0x00,0x00,0x00,0x00,0x00,0x00,0x00,0x00,0x05,0xfe,0x00,0x00,
  0x00,0x00,0x00,0x00,0x00,0x00,0x00,0x00,0x00,0x00,0x00,0x00,0x04,0xff,0xff,0xff,0xff,0xff,0xff,0xa0,0x00,0x00,0x00,0x4f,
  0xf0,0x00,0x00,0x08,0xf9,0x00,0x00,0x00,0x3f,0xe0,0x00,0x00,0x00,0x00,0x00,0x00,0x00,0x00,0x01,0xff,0x70,0x00,0x00,0x00,
  0x00,0x0a,0xfa,0x00,0x00,0x00,0x00,0x00,0xaf,0xb0,0x00,0x00,0x00,0xcf,0x60,0x6f,0xe0,0x00,0x00,0x01,0xef,0x80,0x00,0x00,
  0x00,0x00,0xbf,0xff,0xff,0xff,0xff,0xff,0xff,0xff,0xff,0xf9,0x00,0x00,0x00,0x22,0x22,0x22,0x22,0x22,0x2e,0xf4,0x22,0x22,
  0x22,0x22,0x22,0x00,0x00,0x00,0x00,0x0c,0xf7,0x00,0x00,0x00,0x00,0x00,0x00,0x00,0x00,0x00,0x00,0x00,0x00,0x00,0x00,0x04,
  0xff,0x99,0x99,0x99,0x99,0x99,0x60,0x00,0x00,0x00,0x4f,0xf0,0x00,0x00,0x08,0xf9,0x00,0x00,0x00,0x3f,0xe0,0x00,0x00,0x00,
  0x00,0x00,0x00,0x00,0x00,0x04,0xff,0x30,0x00,0x00,0x00,0x00,0x0a,0xfa,0x00,0x00,0x00,0x00,0x01,0xef,0x50,0x00,0x00,0x08,
  0xfb,0x00,0x6f,0xe0,0x00,0x00,0x00,0xcf,0xc0,0x00,0x00,0x00,0x00,0xbf,0x71,0x11,0x11,0x11,0x11,0x11,0x11,0x18,0xf9,0x00,
  0x00,0x03,0xff,0xff,0xff,0xff,0xff,0xff,0xff,0xff,0xff,0xff,0xff,0xff,0x30,0x00,0x00,0x00,0x6f,0xe1,0x00,0x00,0x00,0x00,
  0x00,0x00,0x00,0x00,0x00,0x00,0x00,0x00,0x00,0x00,0x04,0xff,0x00,0x00,0x00,0x00,0x00,0x00,0x00,0x00,0x00,0x4f,0xf2,0x22,
  0x22,0x29,0xfa,0x22,0x22,0x22,0x5f,0xe0,0x00,0x00,0x00,0x00,0x00,0x00,0x00,0x00,0x08,0xfe,0x00,0x00,0x00,0x00,0x00,0x0a,
  0xfa,0x00,0x00,0x00,0x00,0x06,0xfe,0x00,0x00,0x00,0x3e,0xe2,0x00,0x6f,0xe0,0x00,0x00,0x00,0x8f,0xe0,0x00,0x00,0x00,0x00,
  0xbf,0x60,0x00,0x00,0x00,0x00,0x00,0x00,0x08,0xf9,0x00,0x00,0x03,0xee,0xee,0xee,0xee,0xee,0xef,0xfe,0xee,0xee,0xee,0xee,
  0xee,0x30,0x00,0x00,0x00,0xdf,0xa4,0x44,0x44,0x44,0x44,0x44,0x44,0x44,0x10,0x00,0x00,0x00,0x00,0x00,0x00,0x04,0xff,0x00,
  0x00,0x00,0x00,0x00,0x00,0x00,0x00,0x00,0x4f,0xff,0xff,0xff,0xff,0xff,0xff,0xff,0xff,0xff,0xe0,0x00,0x00,0x00,0x00,0x00,
  0x00,0x00,0x00,0x0a,0xfd,0x00,0x00,0x00,0x00,0x00,0x0a,0xfa,0x00,0x00,0x00,0x00,0x0c,0xf9,0x00,0x00,0x00,0xcf,0x70,0x00,
  0x6f,0xe0,0x00,0x00,0x00,0x6f,0xf1,0x00,0x00,0x00,0x00,0xbf,0x60,0x00,0x00,0x00,0x00,0x00,0x00,0x08,0xf9,0x00,0x00,0x00,
  0x00,0x00,0x00,0x00,0x00,0x0e,0xf3,0x00,0x00,0x00,0x00,0x00,0x00,0x00,0x00,0x08,0xff,0xff,0xff,0xff,0xff,0xff,0xff,0xff,
  0xff,0x40,0x00,0x00,0x00,0x00,0x00,0x00,0x04,0xff,0x00,0x00,0x00,0x00,0x00,0x00,0x00,0x00,0x00,0x4f,0xfc,0xcc,0xcc,0xcd,
  0xfe,0xcc,0xcc,0xcc,0xcf,0xe0,0x00,0x00,0x00,0x00,0x00,0x00,0x00,0x00,0x0b,0xfc,0x00,0x00,0x00,0x00,0x00,0x0a,0xfa,0x00,
  0x00,0x00,0x00,0x2f,0xf3,0x00,0x00,0x07,0xfc,0x00,0x00,0x6f,0xe0,0x00,0x00,0x00,0x5f,0xf2,0x00,0x00,0x00,0x00,0xbf,0x60,
  0x00,0x00,0x00,0x00,0x00,0x00,0x08,0xf9,0x00,0x00,0x00,0x00,0x01,0x10,0x00,0x00,0x0e,0xf3,0x00,0x00,0x00,0x11,0x00,0x00,
  0x00,0x00,0x3e,0xfc,0xcc,0xcc,0xcc,0xff,0xcc,0xcc,0xcc,0xcc,0x30,0x00,0x00,0x00,0x00,0x00,0x00,0x04,0xff,0x00,0x00,0x00,
  0x00,0x00,0x00,0x00,0x00,0x00,0x5f,0xf0,0x00,0x00,0x08,0xf9,0x00,0x00,0x00,0x3f,0xe0,0x00,0x00,0x00,0x00,0x00,0x00,0x00,
  0x00,0x0c,0xfa,0x00,0x00,0x00,0x00,0x00,0x0a,0xfa,0x00,0x00,0x00,0x00,0x8f,0xd0,0x00,0x00,0x2e,0xe3,0x00,0x00,0x6f,0xe0,
  0x00,0x00,0x00,0x4f,0xf3,0x00,0x00,0x00,0x00,0xbf,0x94,0x44,0x44,0x44,0x44,0x44,0x44,0x4a,0xf9,0x00,0x00,0x00,0x00,0x6f,
  0xb0,0x00,0x00,0x0e,0xf3,0x00,0x00,0x01,0xff,0x00,0x00,0x00,0x00,0xdf,0xc0,0x00,0x00,0x00,0xff,0x20,0x00,0x00,0x00,0x00,
  0x00,0x00,0x00,0x00,0x00,0x00,0x04,0xff,0x00,0x00,0x00,0x00,0x00,0x00,0x00,0x00,0x00,0x6f,0xe0,0x00,0x00,0x08,0xf9,0x00,
  0x00,0x00,0x3f,0xe0,0x00,0x00,0x00,0x00,0x00,0x00,0x00,0x00,0x0c,0xfa,0x00,0x00,0x00,0x00,0x00,0x0a,0xfa,0x00,0x00,0x00,
  0x00,0xdf,0x70,0x00,0x00,0xcf,0x80,0x00,0x00,0x6f,0xe0,0x00,0x00,0x00,0x4f,0xf4,0x00,0x00,0x00,0x00,0xbf,0xff,0xff,0xff,
  0xff,0xff,0xff,0xff,0xff,0xf9,0x00,0x00,0x00,0x00,0x6f,0xb0,0x00,0x00,0x0e,0xf3,0x00,0x00,0x01,0xff,0x00,0x00,0x00,0x0a,
  0xfe,0x20,0x00,0x00,0x00,0xff,0x20,0x00,0x00,0x00,0x00,0x00,0x00,0x00,0x00,0x00,0x00,0x04,0xff,0x00,0x00,0x00,0x00,0x00,
  0x00,0x00,0x00,0x00,0x7f,0xd0,0x00,0x00,0x08,0xf9,0x00,0x00,0x00,0x3f,0xe0,0x00,0x00,0x00,0x00,0x00,0x00,0x00,0x00,0x0b,
  0xfc,0x00,0x00,0x00,0x00,0x00,0x0a,0xfa,0x00,0x00,0x00,0x04,0xff,0x20,0x00,0x06,0xfe,0x44,0x44,0x44,0x9f,0xe4,0x43,0x00,
  0x00,0x5f,0xf3,0x00,0x00,0x00,0x00,0x8b,0xbb,0xbb,0xbb,0xbb,0xbb,0xbb,0xbb,0xbb,0xb7,0x00,0x00,0x00,0x00,0x6f,0xb0,0x00,
  0x00,0x0e,0xf3,0x00,0x00,0x01,0xff,0x00,0x00,0x00,0x8f,0xf7,0x00,0x00,0x00,0x00,0xff,0x20,0x00,0x00,0x00,0x00,0x00,0x00,
  0x00,0x00,0x00,0x00,0x04,0xff,0x00,0x00,0x00,0x00,0x00,0x00,0x00,0x00,0x00,0xaf,0xed,0xdd,0xdd,0xde,0xfe,0xdd,0xdd,0xdd,
  0xef,0xe0,0x00,0x00,0x00,0x00,0x00,0x00,0x00,0x00,0x0a,0xfd,0x00,0x00,0x00,0x00,0x00,0x0a,0xfa,0x00,0x00,0x00,0x0a,0xfb,
  0x00,0x00,0x0a,0xff,0xff,0xff,0xff,0xff,0xff,0xfc,0x00,0x00,0x6f,0xf1,0x00,0x00,0x00,0x00,0x00,0x00,0x00,0x00,0x00,0x00,
  0x00,0x00,0x00,0x12,0x00,0x00,0x00,0x00,0x6f,0xb0,0x00,0x00,0x0e,0xf3,0x00,0x00,0x01,0xff,0x00,0x00,0x04,0xff,0x90,0x00,
  0x00,0x00,0x00,0xff,0x20,0x00,0x00,0x00,0x00,0x00,0x00,0x00,0x00,0x00,0x00,0x04,0xff,0x00,0x00,0x00,0x00,0x00,0x00,0x00,
  0x00,0x00,0xdf,0xff,0xff,0xff,0xff,0xff,0xff,0xff,0xff,0xff,0xe0,0x00,0x00,0x00,0x00,0x00,0x00,0x00,0x00,0x09,0xfe,0x00,
  0x00,0x00,0x00,0x00,0x0a,0xfa,0x00,0x00,0x00,0x1e,0xf5,0x00,0x00,0x0a,0xff,0xff,0xff,0xff,0xff,0xff,0xfc,0x00,0x00,0x8f,
  0xe0,0x00,0x00,0x00,0x00,0x9a,0x20,0x02,0x50,0x00,0x03,0x92,0x00,0x05,0xec,0x00,0x00,0x00,0x00,0x6f,0xb0,0x00,0x00,0x0e,
  0xf3,0x00,0x00,0x01,0xff,0x00,0x00,0x00,0xbb,0x00,0x00,0x00,0x00,0x00,0xff,0x20,0x00,0x00,0x00,0x00,0x00,0x00,0x00,0x00,
  0x00,0x00,0x04,0xff,0x00,0x00,0x00,0x00,0x00,0x00,0x00,0x00,0x02,0xff,0x70,0x00,0x00,0x08,0xf9,0x00,0x00,0x00,0x4f,0xe0,
  0x00,0x00,0x00,0x00,0x00,0x00,0x00,0x00,0x05,0xff,0x30,0x00,0x00,0x00,0x00,0x0a,0xfa,0x00,0x00,0x00,0x6f,0xe0,0x00,0x00,
  0x00,0x00,0x00,0x00,0x00,0x6f,0xe0,0x00,0x00,0x00,0xcf,0xc0,0x00,0x00,0x00,0x03,0xef,0x50,0x3f,0xf5,0x00,0x0c,0xfb,0x00,
  0x03,0xef,0x70,0x00,0x00,0x00,0x6f,0xb0,0x00,0x00,0x0e,0xf3,0x00,0x00,0x01,0xff,0x00,0x00,0x00,0x01,0x00,0x00,0x00,0x00,
  0x00,0xff,0x20,0x00,0x00,0x00,0x00,0x00,0x00,0x00,0x00,0x00,0x00,0x04,0xff,0x00,0x00,0x00,0x00,0x00,0x00,0x00,0x00,0x08,
  0xff,0x20,0x00,0x00,0x08,0xf9,0x00,0x00,0x00,0x3f,0xe0,0x00,0x00,0x00,0x00,0x00,0x00,0x00,0x00,0x02,0xff,0x60,0x00,0x00,
  0x00,0x00,0x0a,0xfa,0x00,0x00,0x00,0xbf,0x90,0x00,0x00,0x00,0x00,0x00,0x00,0x00,0x6f,0xe0,0x00,0x00,0x00,0xef,0x90,0x00,
  0x00,0x00,0x0b,0xfd,0x00,0x0b,0xfc,0x00,0x04,0xff,0x50,0x00,0x8f,0xe1,0x00,0x00,0x00,0x6f,0xc3,0x33,0x33,0x3e,0xf5,0x33,
  0x33,0x34,0xff,0x00,0x00,0x00,0x00,0x00,0x00,0x00,0x00,0x00,0xff,0x20,0x00,0x00,0x00,0x00,0x00,0x00,0x00,0x00,0x00,0x00,
  0x04,0xff,0x00,0x00,0x00,0x00,0x00,0x00,0x00,0x00,0x1e,0xfb,0x00,0x00,0x00,0x08,0xf9,0x00,0x00,0x00,0x3f,0xe0,0x00,0x00,
  0x00,0x00,0x00,0x00,0x00,0x00,0x00,0xdf,0xb0,0x00,0x00,0x00,0x00,0x0a,0xfa,0x00,0x00,0x02,0xff,0x40,0x00,0x00,0x00,0x00,
  0x00,0x00,0x00,0x6f,0xe0,0x00,0x00,0x04,0xff,0x40,0x00,0x00,0x00,0x7f,0xf5,0x00,0x04,0xff,0x30,0x00,0xbf,0xc0,0x00,0x0d,
  0xf9,0x00,0x00,0x00,0x6f,0xff,0xff,0xff,0xff,0xff,0xff,0xff,0xff,0xff,0x00,0x00,0x00,0x03,0x66,0x66,0x66,0x66,0x66,0xff,
  0x86,0x66,0x66,0x66,0x66,0x00,0x00,0xad,0xdd,0xdd,0xdd,0xdd,0xff,0xdd,0xdd,0xdd,0xdd,0xdd,0xdd,0x00,0x00,0xaf,0xf4,0x00,
  0x00,0x00,0x08,0xf9,0x00,0x32,0x10,0x5f,0xd0,0x00,0x00,0x00,0x00,0x00,0x00,0x00,0x00,0x00,0x6f,0xe2,0x00,0x00,0x00,0x00,
  0x0a,0xfa,0x00,0x00,0x08,0xfd,0x00,0x00,0x00,0x00,0x00,0x00,0x00,0x00,0x6f,0xe0,0x00,0x00,0x0b,0xfd,0x00,0x00,0x00,0x03,
  0xef,0xb0,0x00,0x00,0xef,0x80,0x00,0x5f,0xf5,0x00,0x07,0xfe,0x10,0x00,0x00,0x5d,0xdd,0xdd,0xdd,0xdd,0xdd,0xdd,0xdd,0xdd,
  0xff,0x00,0x00,0x00,0x07,0xff,0xff,0xff,0xff,0xff,0xff,0xff,0xff,0xff,0xff,0xff,0x20,0x00,0xcf,0xff,0xff,0xff,0xff,0xff,
  0xff,0xff,0xff,0xff,0xff,0xff,0x00,0x06,0xff,0xa0,0x00,0x00,0x00,0x08,0xf9,0x00,0xef,0xff,0xff,0xc0,0x00,0x00,0x00,0x00,
  0x00,0x00,0x00,0x00,0x00,0x0e,0xf8,0x00,0x00,0x00,0x00,0x00,0x00,0x00,0x00,0x00,0x00,0x00,0x00,0x00,0x00,0x00,0x00,0x00,
  0x00,0x00,0x00,0x00,0x00,0x2e,0xf7,0x00,0x00,0x00,0x00,0x9e,0x20,0x00,0x00,0xae,0x80,0x00,0x0b,0x60,0x00,0x01,0xeb,0x20,
  0x00,0x00,0x00,0x00,0x00,0x00,0x00,0x00,0x00,0x00,0x01,0xff,0x00,0x00,0x00,0x04,0x99,0x99,0x99,0x99,0x99,0x99,0x99,0x99,
  0x99,0x99,0x99,0x10,0x00,0x34,0x44,0x44,0x44,0x44,0x44,0x44,0x44,0x44,0x44,0x44,0x44,0x00,0x01,0xdc,0x10,0x00,0x00,0x00,
  0x08,0xf9,0x00,0xbf,0xff,0xff,0x70,0x00,0x00,0x00,0x00,0x00,0x00,0x00,0x00,0x00,0x08,0xfe,0x10,0x00,0x00,0x00,0x00,0x00,
  0x00,0x00,0x00,0x00,0x00,0x00,0x00,0x00,0x00,0x00,0x00,0x00,0x00,0x00,0x00,0x00,0x9f,0xd0,0x00,0x00,0x00,0x00,0x02,0x00,
  0x00,0x00,0x10,0x00,0x00,0x00,0x00,0x00,0x00,0x20,0x00,0x00,0x00,0x00,0x00,0x00,0x00,0x00,0x00,0x00,0x00,0x00,0x66,0x00,
  0x00,0x00,0x00,0x00,0x00,0x00,0x00,0x00,0x00,0x00,0x00,0x00,0x00,0x00,0x00,0x00,0x00,0x00,0x00,0x00,0x00,0x00,0x00,0x00,
  0x00,0x00,0x00,0x00,0x00,0x00,0x31,0x00,0x00,0x00,0x00,0x03,0x63,0x00,0x24,0x67,0x75,0x00,0x00,0x00,0x00,0x00,0x00,0x00,
  0x00,0x00,0x00,0x00,0xdf,0x90,0x00,0x00,0x00,0x00,0x00,0x00,0x00,0x00,0x00,0x00,0x00,0x00,0x00,0x00,0x00,0x00,0x00,0x00,
  0x00,0x00,0x03,0xef,0x40,0x00,0x00,0x00,0x00,0x00,0x00,0x00,0x00,0x00,0x00,0x00,0x00,0x00,0x00,0x00,0x00,0x00,0x00,0x00,
  0x00,0x00,0x00,0x00,0x00,0x00,0x00,0x00,0x00,0x00,0x00,0x00,0x00,0x00,0x00,0x00,0x00,0x00,0x00,0x00,0x00,0x00,0x00,0x00,
  0x00,0x00,0x00,0x00,0x00,0x00,0x00,0x00,0x00,0x00,0x00,0x00,0x00,0x00,0x00,0x00,0x00,0x00,0x00,0x00,0x00,0x00,0x00,0x00,
  0x00,0x00,0x00,0x00,0x00,0x00,0x00,0x00,0x00,0x00,0x00,0x00,0x00,0x00,0x00,0x2e,0xf3,0x00,0x00,0x00,0x00,0x00,0x00,0x00,
  0x00,0x00,0x00,0x00,0x00,0x00,0x00,0x00,0x00,0x00,0x00,0x00,0x00,0x0c,0xf8,0x00,0x00,0x00,0x00,0x00,0x00,0x00,0x00,0x00,
  0x00,0x00,0x00,0x00,0x00,0x00,0x00,0x00,0x00,0x00,0x00,0x00,0x00,0x00,0x00,0x00,0x00,0x00,0x00,0x00,0x00,0x00,0x00,0x00,
  0x00,0x00,0x00,0x00,0x00,0x00,0x00,0x00,0x00,0x00,0x00,0x00,0x00,0x00,0x00,0x00,0x00,0x00,0x00,0x00,0x00,0x00,0x00,0x00,
  0x00,0x00,0x00,0x00,0x00,0x00,0x00,0x00,0x00,0x00,0x00,0x00,0x00,0x00,0x00,0x00,0x00,0x00,0x00,0x00,0x00,0x00,0x00,0x00,
  0x00,0x00,0x00,0x00,0x00,0x00,0x00,0x00,0x00,0x00,0x00,0x00,0x00,0x00,0x00,0x00,0x00,0x00,0x00,0x00,0x00,0x00,0x00,0x00,
  0x00,0x00,0x00,0x00,0x00,0x00,0x00,0x00,0x00,0x00,0x00,0x00,0x00,0x00,0x00,0x00,0x00,0x00,0x00,0x00,0x00,0x00,0x00,0x00,
  0x00,0x00,0x00,0x00,0x00,0x00,0x00,0x00,0x00,0x00,0x00,0x00,0x00,0x00,0x00,0x00,0x00,0x00,0x00,0x00,0x00,0x00,0x00,0x00,
  0x00,0x00,0x00,0x00,0x00,0x00,0x00,0x00,0x00,0x00,0x00,0x00,0x00,0x00,0x00,0x00,0x00,0x00,0x00,0x00,0x00,0x00,0x00,0x00,
  0x00,0x00,0x00,0x00,0x00,0x00,0x00,0x00,0x00,0x00,0x00,0x00,0x00,0x00,0x00,0x00,0x00,0x00,0x00,0x00,0x00,0x00,0x00,0x00,
  0x00,0x00,0x00,0x00,0x00,0x00,0x00,0x00,0x00,0x00,0x00,0x00,0x00,0x00,0x00,0x00,
};
#define GUI_TXT_CAL_TL_W 214
#define GUI_TXT_CAL_TL_H 32

static const uint8_t gui_txt_cal_tr_bits[3424] = {
  0x00,0x00,0x00,0x00,0x00,0x00,0x00,0x00,0x00,0x00,0x00,0x00,0x00,0x00,0x00,0x00,0x00,0x00,0x00,0x00,0x00,0x00,0x00,0x00,
  0x00,0x00,0x00,0x00,0x00,0x00,0x00,0x00,0x00,0x00,0x00,0x00,0x00,0x00,0x00,0x00,0x00,0x00,0x00,0x00,0x00,0x00,0x00,0x00,
  0x00,0x00,0x00,0x00,0x00,0x00,0x00,0x00,0x00,0x00,0x00,0x00,0x00,0x00,0x00,0x00,0x00,0x00,0x00,0x00,0x00,0x00,0x00,0x00,
  0x00,0x00,0x00,0x00,0x00,0x00,0x00,0x00,0x00,0x00,0x00,0x00,0x00,0x00,0x00,0x00,0x00,0x00,0x00,0x00,0x00,0x00,0x00,0x00,
  0x00,0x00,0x00,0x00,0x00,0x00,0x00,0x00,0x00,0x00,0x00,0x00,0x00,0x00,0x00,0x00,0x00,0x00,0x00,0x00,0x00,0x00,0x00,0x00,
  0x00,0x00,0x00,0x00,0x00,0x00,0x00,0x00,0x00,0x00,0x00,0x00,0x00,0x00,0x00,0x00,0x00,0x00,0x00,0x00,0x00,0x00,0x00,0x00,
  0x00,0x00,0x00,0x00,0x00,0x00,0x00,0x00,0x00,0x00,0x00,0x00,0x00,0x00,0x00,0x00,0x00,0x00,0x00,0x00,0x00,0x00,0x00,0x00,
  0x00,0x00,0x00,0x00,0x00,0x00,0x00,0x00,0x00,0x00,0x00,0x00,0x00,0x00,0x00,0x00,0x00,0x00,0x00,0x00,0x00,0x00,0x00,0x00,
  0x00,0x00,0x00,0x00,0x00,0x00,0x00,0x00,0x00,0x00,0x00,0x00,0x00,0x00,0x00,0x00,0x00,0x00,0x00,0x00,0x00,0x00,0x00,0x00,
  0x00,0x00,0x00,0x00,0x00,0x00,0x00,0x00,0x00,0x00,0x00,0x00,0x00,0x00,0x00,0x00,0x00,0x00,0x00,0x00,0x00,0x00,0x00,0x00,
  0x00,0x00,0x00,0x00,0x00,0x00,0x00,0x00,0x00,0x00,0x00,0x00,0x00,0x00,0x00,0x00,0x00,0x00,0x00,0x00,0x00,0x00,0x00,0x00,
  0x00,0x00,0x00,0x00,0x00,0x00,0x00,0x00,0x00,0x00,0x00,0x01,0x00,0x00,0x00,0x00,0x00,0x00,0x00,0x00,0x00,0x00,0x00,0x00,
  0x00,0x00,0x00,0x00,0x00,0x00,0x00,0x00,0x00,0x00,0x00,0x00,0x00,0x00,0x00,0x00,0x00,0x00,0x00,0x00,0x00,0x00,0x00,0x00,
  0x00,0x00,0x00,0x00,0x00,0x00,0x00,0x00,0x00,0x00,0x00,0x00,0x00,0x00,0x00,0x00,0x69,0x50,0x00,0x00,0x00,0x00,0x00,0x00,
  0x00,0x00,0x00,0x00,0x00,0x00,0x09,0x91,0x00,0x00,0x00,0x00,0x00,0x00,0x00,0x00,0x00,0x00,0x00,0x03,0x75,0x00,0x00,0x00,
  0x00,0x00,0x00,0x00,0x00,0x00,0x00,0x00,0x00,0x00,0x33,0x00,0x00,0x00,0x00,0x00,0x00,0x00,0x00,0x00,0x00,0x00,0x4f,0xd4,
  0x00,0x00,0x00,0x00,0x00,0x00,0x00,0x00,0x00,0x00,0x00,0x00,0x00,0x00,0x00,0x00,0x00,0x00,0x00,0x00,0x00,0x00,0x00,0x00,
  0x00,0x00,0x00,0x00,0x00,0x00,0x00,0x00,0x00,0x00,0x00,0x00,0x00,0x00,0x00,0x00,0x00,0x00,0x00,0x00,0x00,0x00,0x00,0x00,
  0x00,0x00,0x00,0x9f,0x80,0x00,0x00,0x00,0x00,0x00,0x00,0x00,0x00,0x00,0x00,0x00,0x00,0x0e,0xf3,0x00,0x00,0x00,0x00,0x00,
  0x00,0x00,0x00,0x00,0x00,0x00,0x08,0xfc,0x00,0x00,0x00,0x00,0x00,0x00,0x00,0x00,0x00,0x00,0x00,0x00,0x04,0xff,0x00,0x00,
  0x00,0x00,0x00,0x00,0x00,0x00,0x00,0x00,0x01,0xef,0xc0,0x00,0x00,0x00,0x00,0x00,0x00,0x00,0x00,0x00,0x00,0x00,0x00,0x00,
  0x00,0x00,0x00,0x00,0x00,0x00,0x00,0x00,0x00,0x00,0x00,0x00,0x00,0x00,0x00,0x00,0x00,0x00,0x00,0x00,0x00,0x00,0x00,0x00,
  0x00,0x00,0x00,0x00,0x00,0x00,0x00,0x00,0x00,0x00,0x00,0x00,0x00,0x00,0x9f,0x80,0x00,0x00,0x00,0x00,0x00,0x00,0x00,0x00,
  0x00,0x00,0x00,0x00,0x0e,0xf3,0x00,0x00,0x00,0x00,0x00,0x00,0x00,0x00,0x00,0x00,0x00,0x0b,0xf9,0x00,0x00,0x00,0x00,0x00,
  0x00,0x00,0x00,0x00,0x00,0x00,0x00,0x04,0xff,0x00,0x00,0x00,0x00,0x00,0x00,0x00,0x00,0x00,0x00,0x1c,0xff,0xdb,0xbb,0xbb,
  0xbb,0xba,0x00,0x00,0x00,0x00,0x00,0x00,0x00,0x00,0x00,0x00,0x00,0x00,0x00,0x00,0x00,0x00,0x00,0x00,0x00,0x00,0x00,0x00,
  0x00,0x00,0x00,0x00,0x00,0x00,0x00,0x00,0x00,0x00,0x00,0x00,0x00,0x00,0x00,0x00,0x00,0x00,0x00,0x00,0x00,0x00,0x00,0x00,
  0x00,0x9f,0xca,0xaa,0xaa,0xaa,0xaa,0xa2,0x00,0x00,0x00,0x00,0x00,0x00,0x00,0x0e,0xf3,0x00,0x00,0x00,0x00,0x00,0x00,0x00,
  0x00,0x00,0x00,0x00,0x0e,0xf5,0x00,0x00,0x00,0x00,0x00,0x00,0x00,0x00,0x00,0x00,0x00,0x00,0x04,0xff,0x00,0x00,0x00,0x00,
  0x00,0x00,0x00,0x00,0x00,0x01,0xcf,0xff,0xff,0xff,0xff,0xff,0xfd,0x00,0x00,0x00,0x00,0x00,0x00,0x00,0x00,0x00,0x00,0x00,
  0x00,0x00,0x2e,0xf4,0x00,0x01,0x6b,0xde,0xd9,0x30,0x00,0x00,0x00,0x00,0x00,0x7f,0xe0,0x00,0x00,0x00,0x00,0xdf,0xe0,0x00,
  0x0c,0xf8,0x00,0x00,0x00,0x00,0x00,0x00,0x00,0x00,0x00,0x00,0x9f,0xff,0xff,0xff,0xff,0xff,0xf4,0x00,0x00,0x00,0x88,0x88,
  0x88,0x88,0x8e,0xfa,0x88,0x88,0x88,0x88,0x50,0x00,0x00,0x00,0x00,0x00,0x00,0x5f,0xe1,0x00,0x00,0x00,0x00,0x00,0x00,0x00,
  0x00,0x00,0x00,0x00,0x00,0x04,0xff,0x00,0x00,0x00,0x00,0x00,0x00,0x00,0x00,0x00,0x2c,0xff,0x71,0x11,0x11,0x11,0x9f,0xf6,
  0x00,0x00,0x00,0x00,0x00,0x00,0x00,0x00,0x00,0x00,0x00,0x00,0x00,0xcf,0x90,0x00,0x6e,0xff,0xff,0xff,0xe7,0x00,0x00,0x00,
  0x00,0x00,0xcf,0x80,0x00,0x00,0x00,0x09,0xff,0xe0,0x00,0x03,0xef,0x40,0x00,0x00,0x00,0x00,0x00,0x00,0x00,0x00,0x00,0x9f,
  0xa5,0x55,0x55,0x55,0x55,0x51,0x00,0x00,0x00,0xef,0xff,0xff,0xff,0xff,0xff,0xff,0xff,0xff,0xff,0x90,0x00,0x02,0xff,0xff,
  0xff,0xff,0xff,0xff,0xff,0xff,0xff,0xff,0xff,0xff,0x20,0x00,0x00,0x00,0x00,0x00,0x04,0xff,0x00,0x00,0x00,0x00,0x00,0x00,
  0x00,0x00,0x04,0xef,0xe7,0x00,0x00,0x00,0x06,0xff,0x80,0x00,0x00,0x00,0x00,0x00,0x00,0x00,0x00,0x00,0x00,0x00,0x00,0x07,
  0xfe,0x10,0x03,0xff,0xc6,0x32,0x5d,0xff,0x30,0x00,0x00,0x00,0x03,0xff,0x30,0x00,0x00,0x00,0x4f,0xdf,0xe0,0x00,0x00,0x9f,
  0xd0,0x00,0x00,0x00,0x00,0x00,0x00,0x00,0x00,0x00,0x9f,0x80,0x00,0x00,0x00,0x00,0x00,0x00,0x00,0x00,0x67,0x77,0x77,0x77,
  0x7e,0xf8,0x77,0x77,0x77,0x77,0x40,0x00,0x02,0xff,0xff,0xff,0xff,0xff,0xff,0xff,0xff,0xff,0xff,0xff,0xff,0x20,0x00,0x00,
  0x00,0x00,0x00,0x04,0xff,0x00,0x00,0x00,0x00,0x00,0x00,0x00,0x01,0x9f,0xff,0xc7,0x77,0x77,0x77,0x9f,0xfd,0x77,0x77,0x77,
  0x70,0x00,0x00,0x00,0x00,0x00,0x00,0x00,0x00,0x00,0x0e,0xf8,0x00,0x00,0x78,0x00,0x00,0x01,0xef,0xa0,0x00,0x00,0x00,0x08,
  0xfc,0x00,0x00,0x00,0x00,0xdf,0x8f,0xe0,0x00,0x00,0x2f,0xf6,0x00,0x00,0x00,0x00,0x00,0x00,0x00,0x00,0x00,0x9f,0x80,0x00,
  0x00,0x00,0x00,0x00,0x00,0x00,0x00,0x00,0x00,0x00,0x00,0x0e,0xf3,0x00,0x00,0x00,0x00,0x00,0x00,0x00,0x00,0x00,0x00,0x09,
  0xfd,0x00,0x00,0x00,0x00,0x00,0x00,0x00,0x00,0x00,0x00,0x00,0x00,0x00,0x04,0xff,0x00,0x00,0x00,0x00,0x00,0x00,0x00,0x0c,
  0xff,0xdf,0xff,0xff,0xff,0xff,0xff,0xff,0xff,0xff,0xff,0xe0,0x00,0x00,0x00,0x00,0x00,0x00,0x00,0x00,0x00,0x6f,0xf2,0x00,
  0x00,0x00,0x00,0x00,0x00,0xaf,0xd0,0x00,0x00,0x00,0x0d,0xf7,0x00,0x00,0x00,0x08,0xfa,0x5f,0xe0,0x00,0x00,0x0b,0xfd,0x00,
  0x00,0x00,0x00,0x00,0x00,0x00,0x00,0x00,0x9f,0x80,0x00,0x00,0x00,0x00,0x00,0x00,0x00,0x00,0x00,0x00,0x00,0x00,0x0e,0xf3,
  0x00,0x00,0x00,0x00,0x00,0x00,0x00,0x00,0x00,0x00,0x3e,0xf6,0x00,0x00,0x00,0x00,0x00,0x00,0x00,0x00,0x00,0x00,0x00,0x00,
  0x00,0x04,0xff,0x88,0x88,0x88,0x88,0x88,0x50,0x00,0x02,0xd6,0x4f,0xf8,0x88,0x88,0x8c,0xfc,0x88,0x88,0x88,0xaf,0xe0,0x00,
  0x00,0x00,0x00,0x00,0x00,0x00,0x00,0x00,0xcf,0xb0,0x00,0x00,0x00,0x00,0x00,0x00,0x8f,0xe0,0x00,0x00,0x00,0x4f,0xe1,0x00,
  0x00,0x00,0x3e,0xe2,0x5f,0xe0,0x00,0x00,0x05,0xff,0x30,0x00,0x00,0x00,0x00,0xbf,0xff,0xff,0xff,0xff,0xff,0xff,0xff,0xff,
  0xf9,0x00,0x00,0x00,0x00,0x00,0x00,0x00,0x00,0x0e,0xf3,0x00,0x00,0x00,0x00,0x00,0x00,0x00,0x00,0x00,0x00,0xcf,0xd0,0x00,
  0x00,0x00,0x00,0x00,0x00,0x00,0x00,0x00,0x00,0x00,0x00,0x00,0x04,0xff,0xff,0xff,0xff,0xff,0xff,0xa0,0x00,0x00,0x00,0x4f,
  0xf0,0x00,0x00,0x08,0xf9,0x00,0x00,0x00,0x3f,0xe0,0x00,0x00,0x00,0x00,0x00,0x00,0x00,0x00,0x01,0xff,0x70,0x00,0x00,0x00,
  0x00,0x00,0x00,0x9f,0xc0,0x00,0x00,0x00,0xaf,0xb0,0x00,0x00,0x00,0xcf,0x60,0x6f,0xe0,0x00,0x00,0x01,0xef,0x80,0x00,0x00,
  0x00,0x00,0xbf,0xff,0xff,0xff,0xff,0xff,0xff,0xff,0xff,0xf9,0x00,0x00,0x00,0x22,0x22,0x22,0x22,0x22,0x2e,0xf4,0x22,0x22,
  0x22,0x22,0x22,0x00,0x00,0x00,0x00,0x09,0xff,0x50,0x00,0x00,0x00,0x00,0x00,0x00,0x00,0x00,0x00,0x00,0x00,0x00,0x00,0x04,
  0xff,0x99,0x99,0x99,0x99,0x99,0x60,0x00,0x00,0x00,0x4f,0xf0,0x00,0x00,0x08,0xf9,0x00,0x00,0x00,0x3f,0xe0,0x00,0x00,0x00,
  0x00,0x00,0x00,0x00,0x00,0x04,0xff,0x30,0x00,0x00,0x00,0x00,0x00,0x00,0xdf,0x80,0x00,0x00,0x01,0xef,0x50,0x00,0x00,0x08,
  0xfb,0x00,0x6f,0xe0,0x00,0x00,0x00,0xcf,0xc0,0x00,0x00,0x00,0x00,0xbf,0x71,0x11,0x11,0x11,0x11,0x11,0x11,0x18,0xf9,0x00,
  0x00,0x03,0xff,0xff,0xff,0xff,0xff,0xff,0xff,0xff,0xff,0xff,0xff,0xff,0x30,0x00,0x00,0x00,0x7f,0xf9,0x00,0x00,0x00,0x00,
  0x00,0x00,0x00,0x00,0x00,0x00,0x00,0x00,0x00,0x00,0x04,0xff,0x00,0x00,0x00,0x00,0x00,0x00,0x00,0x00,0x00,0x4f,0xf2,0x22,
  0x22,0x29,0xfa,0x22,0x22,0x22,0x5f,0xe0,0x00,0x00,0x00,0x00,0x00,0x00,0x00,0x00,0x08,0xfe,0x00,0x00,0x00,0x00,0x00,0x00,
  0x06,0xfe,0x20,0x00,0x00,0x06,0xfe,0x00,0x00,0x00,0x3e,0xe2,0x00,0x6f,0xe0,0x00,0x00,0x00,0x8f,0xe0,0x00,0x00,0x00,0x00,
  0xbf,0x60,0x00,0x00,0x00,0x00,0x00,0x00,0x08,0xf9,0x00,0x00,0x03,0xee,0xee,0xee,0xee,0xee,0xef,0xfe,0xee,0xee,0xee,0xee,
  0xee,0x30,0x00,0x00,0x07,0xff,0xd3,0x22,0x22,0x22,0x22,0x22,0x22,0x22,0x00,0x00,0x00,0x00,0x00,0x00,0x00,0x04,0xff,0x00,
  0x00,0x00,0x00,0x00,0x00,0x00,0x00,0x00,0x4f,0xff,0xff,0xff,0xff,0xff,0xff,0xff,0xff,0xff,0xe0,0x00,0x00,0x00,0x00,0x00,
  0x00,0x00,0x00,0x0a,0xfd,0x00,0x00,0x00,0x00,0x00,0x00,0x2e,0xf8,0x00,0x00,0x00,0x0c,0xf9,0x00,0x00,0x00,0xcf,0x70,0x00,
  0x6f,0xe0,0x00,0x00,0x00,0x6f,0xf1,0x00,0x00,0x00,0x00,0xbf,0x60,0x00,0x00,0x00,0x00,0x00,0x00,0x08,0xf9,0x00,0x00,0x00,
  0x00,0x00,0x00,0x00,0x00,0x0e,0xf3,0x00,0x00,0x00,0x00,0x00,0x00,0x00,0x00,0x8f,0xff,0xff,0xff,0xff,0xff,0xff,0xff,0xff,
  0xff,0x00,0x00,0x00,0x00,0x00,0x00,0x00,0x04,0xff,0x00,0x00,0x00,0x00,0x00,0x00,0x00,0x00,0x00,0x4f,0xfc,0xcc,0xcc,0xcd,
  0xfe,0xcc,0xcc,0xcc,0xcf,0xe0,0x00,0x00,0x00,0x00,0x00,0x00,0x00,0x00,0x0b,0xfc,0x00,0x00,0x00,0x00,0x00,0x00,0xcf,0xc0,
  0x00,0x00,0x00,0x2f,0xf3,0x00,0x00,0x07,0xfc,0x00,0x00,0x6f,0xe0,0x00,0x00,0x00,0x5f,0xf2,0x00,0x00,0x00,0x00,0xbf,0x60,
  0x00,0x00,0x00,0x00,0x00,0x00,0x08,0xf9,0x00,0x00,0x00,0x00,0x01,0x10,0x00,0x00,0x0e,0xf3,0x00,0x00,0x00,0x11,0x00,0x00,
  0x00,0x1b,0xff,0xcc,0xfe,0xdd,0xdd,0xdd,0xdd,0xdd,0xdd,0xff,0x00,0x00,0x00,0x00,0x00,0x00,0x00,0x04,0xff,0x00,0x00,0x00,
  0x00,0x00,0x00,0x00,0x00,0x00,0x5f,0xf0,0x00,0x00,0x08,0xf9,0x00,0x00,0x00,0x3f,0xe0,0x00,0x00,0x00,0x00,0x00,0x00,0x00,
  0x00,0x0c,0xfa,0x00,0x00,0x00,0x00,0x00,0x0b,0xfd,0x20,0x00,0x00,0x00,0x8f,0xd0,0x00,0x00,0x2e,0xe3,0x00,0x00,0x6f,0xe0,
  0x00,0x00,0x00,0x4f,0xf3,0x00,0x00,0x00,0x00,0xbf,0x94,0x44,0x44,0x44,0x44,0x44,0x44,0x4a,0xf9,0x00,0x00,0x00,0x00,0x6f,
  0xb0,0x00,0x00,0x0e,0xf3,0x00,0x00,0x01,0xff,0x00,0x00,0x04,0xef,0xfa,0x0b,0xf6,0x00,0x00,0x00,0x00,0x00,0x01,0xff,0x00,
  0x00,0x00,0x00,0x00,0x00,0x00,0x04,0xff,0x00,0x00,0x00,0x00,0x00,0x00,0x00,0x00,0x00,0x6f,0xe0,0x00,0x00,0x08,0xf9,0x00,
  0x00,0x00,0x3f,0xe0,0x00,0x00,0x00,0x00,0x00,0x00,0x00,0x00,0x0c,0xfa,0x00,0x00,0x00,0x00,0x00,0xaf,0xe3,0x00,0x00,0x00,
  0x00,0xdf,0x70,0x00,0x00,0xcf,0x80,0x00,0x00,0x6f,0xe0,0x00,0x00,0x00,0x4f,0xf4,0x00,0x00,0x00,0x00,0xbf,0xff,0xff,0xff,
  0xff,0xff,0xff,0xff,0xff,0xf9,0x00,0x00,0x00,0x00,0x6f,0xb0,0x00,0x00,0x0e,0xf3,0x00,0x00,0x01,0xff,0x00,0x00,0x05,0xfe,
  0x70,0x0b,0xf6,0x00,0x00,0x00,0x00,0x00,0x01,0xff,0x00,0x00,0x00,0x00,0x00,0x00,0x00,0x04,0xff,0x00,0x00,0x00,0x00,0x00,
  0x00,0x00,0x00,0x00,0x7f,0xd0,0x00,0x00,0x08,0xf9,0x00,0x00,0x00,0x3f,0xe0,0x00,0x00,0x00,0x00,0x00,0x00,0x00,0x00,0x0b,
  0xfc,0x00,0x00,0x00,0x00,0x09,0xfe,0x40,0x00,0x00,0x00,0x04,0xff,0x20,0x00,0x06,0xfe,0x44,0x44,0x44,0x9f,0xe4,0x43,0x00,
  0x00,0x5f,0xf3,0x00,0x00,0x00,0x00,0x8b,0xbb,0xbb,0xbb,0xbb,0xbb,0xbb,0xbb,0xbb,0xb7,0x00,0x00,0x00,0x00,0x6f,0xb0,0x00,
  0x00,0x0e,0xf3,0x00,0x00,0x01,0xff,0x00,0x00,0x00,0x83,0x00,0x0b,0xf6,0x00,0x00,0x00,0x00,0x00,0x01,0xff,0x00,0x00,0x00,
  0x00,0x00,0x00,0x00,0x04,0xff,0x00,0x00,0x00,0x00,0x00,0x00,0x00,0x00,0x00,0xaf,0xed,0xdd,0xdd,0xde,0xfe,0xdd,0xdd,0xdd,
  0xef,0xe0,0x00,0x00,0x00,0x00,0x00,0x00,0x00,0x00,0x0a,0xfd,0x00,0x00,0x00,0x00,0x8f,0xe5,0x00,0x00,0x00,0x00,0x0a,0xfb,
  0x00,0x00,0x0a,0xff,0xff,0xff,0xff,0xff,0xff,0xfc,0x00,0x00,0x6f,0xf1,0x00,0x00,0x00,0x00,0x00,0x00,0x00,0x00,0x00,0x00,
  0x00,0x00,0x00,0x12,0x00,0x00,0x00,0x00,0x6f,0xb0,0x00,0x00,0x0e,0xf3,0x00,0x00,0x01,0xff,0x00,0x00,0x00,0x00,0x00,0x0b,
  0xf6,0x00,0x00,0x00,0x00,0x00,0x01,0xff,0x00,0x00,0x00,0x00,0x00,0x00,0x00,0x04,0xff,0x00,0x00,0x00,0x00,0x00,0x00,0x00,
  0x00,0x00,0xdf,0xff,0xff,0xff,0xff,0xff,0xff,0xff,0xff,0xff,0xe0,0x00,0x00,0x00,0x00,0x00,0x00,0x00,0x00,0x09,0xfe,0x00,
  0x00,0x00,0x07,0xfe,0x50,0x00,0x00,0x00,0x00,0x1e,0xf5,0x00,0x00,0x0a,0xff,0xff,0xff,0xff,0xff,0xff,0xfc,0x00,0x00,0x8f,
  0xe0,0x00,0x00,0x00,0x00,0x9a,0x20,0x02,0x50,0x00,0x03,0x92,0x00,0x05,0xec,0x00,0x00,0x00,0x00,0x6f,0xb0,0x00,0x00,0x0e,
  0xf3,0x00,0x00,0x01,0xff,0x00,0x00,0x00,0x00,0x00,0x0b,0xf6,0x00,0x00,0x00,0x00,0x00,0x01,0xff,0x00,0x00,0x00,0x00,0x00,
  0x00,0x00,0x04,0xff,0x00,0x00,0x00,0x00,0x00,0x00,0x00,0x00,0x02,0xff,0x70,0x00,0x00,0x08,0xf9,0x00,0x00,0x00,0x4f,0xe0,
  0x00,0x00,0x00,0x00,0x00,0x00,0x00,0x00,0x05,0xff,0x30,0x00,0x00,0x6f,0xf6,0x00,0x00,0x00,0x00,0x00,0x6f,0xe0,0x00,0x00,
  0x00,0x00,0x00,0x00,0x00,0x6f,0xe0,0x00,0x00,0x00,0xcf,0xc0,0x00,0x00,0x00,0x03,0xef,0x50,0x3f,0xf5,0x00,0x0c,0xfb,0x00,
  0x03,0xef,0x70,0x00,0x00,0x00,0x6f,0xb0,0x00,0x00,0x0e,0xf3,0x00,0x00,0x01,0xff,0x00,0x00,0x00,0x00,0x00,0x0b,0xf6,0x00,
  0x00,0x00,0x00,0x00,0x01,0xff,0x00,0x00,0x00,0x00,0x00,0x00,0x00,0x04,0xff,0x00,0x00,0x00,0x00,0x00,0x00,0x00,0x00,0x08,
  0xff,0x20,0x00,0x00,0x08,0xf9,0x00,0x00,0x00,0x3f,0xe0,0x00,0x00,0x00,0x00,0x00,0x00,0x00,0x00,0x02,0xff,0x60,0x00,0x05,
  0xef,0xa4,0x44,0x44,0x44,0x43,0x00,0xbf,0x90,0x00,0x00,0x00,0x00,0x00,0x00,0x00,0x6f,0xe0,0x00,0x00,0x00,0xef,0x90,0x00,
  0x00,0x00,0x0b,0xfd,0x00,0x0b,0xfc,0x00,0x04,0xff,0x50,0x00,0x8f,0xe1,0x00,0x00,0x00,0x6f,0xc3,0x33,0x33,0x3e,0xf5,0x33,
  0x33,0x34,0xff,0x00,0x00,0x00,0x00,0x00,0x0b,0xfc,0xbb,0xbb,0xbb,0xbb,0xbb,0xbb,0xff,0x00,0x00,0x00,0x00,0x00,0x00,0x00,
  0x04,0xff,0x00,0x00,0x00,0x00,0x00,0x00,0x00,0x00,0x1e,0xfb,0x00,0x00,0x00,0x08,0xf9,0x00,0x00,0x00,0x3f,0xe0,0x00,0x00,
  0x00,0x00,0x00,0x00,0x00,0x00,0x00,0xdf,0xb0,0x00,0x0a,0xff,0xff,0xff,0xff,0xff,0xfb,0x02,0xff,0x40,0x00,0x00,0x00,0x00,
  0x00,0x00,0x00,0x6f,0xe0,0x00,0x00,0x04,0xff,0x40,0x00,0x00,0x00,0x7f,0xf5,0x00,0x04,0xff,0x30,0x00,0xbf,0xc0,0x00,0x0d,
  0xf9,0x00,0x00,0x00,0x6f,0xff,0xff,0xff,0xff,0xff,0xff,0xff,0xff,0xff,0x00,0x00,0x00,0x00,0x00,0x0b,0xff,0xff,0xff,0xff,
  0xff,0xff,0xff,0xff,0x00,0x00,0x00,0xad,0xdd,0xdd,0xdd,0xdd,0xff,0xdd,0xdd,0xdd,0xdd,0xdd,0xdd,0x00,0x00,0xaf,0xf4,0x00,
  0x00,0x00,0x08,0xf9,0x00,0x32,0x10,0x5f,0xd0,0x00,0x00,0x00,0x00,0x00,0x00,0x00,0x00,0x00,0x6f,0xe2,0x00,0x0a,0xff,0xff,
  0xff,0xff,0xff,0xfb,0x08,0xfd,0x00,0x00,0x00,0x00,0x00,0x00,0x00,0x00,0x6f,0xe0,0x00,0x00,0x0b,0xfd,0x00,0x00,0x00,0x03,
  0xef,0xb0,0x00,0x00,0xef,0x80,0x00,0x5f,0xf5,0x00,0x07,0xfe,0x10,0x00,0x00,0x5d,0xdd,0xdd,0xdd,0xdd,0xdd,0xdd,0xdd,0xdd,
  0xff,0x00,0x00,0x00,0x00,0x00,0x0b,0xf9,0x44,0x44,0x44,0x44,0x44,0x46,0xff,0x00,0x00,0x00,0xcf,0xff,0xff,0xff,0xff,0xff,
  0xff,0xff,0xff,0xff,0xff,0xff,0x00,0x06,0xff,0xa0,0x00,0x00,0x00,0x08,0xf9,0x00,0xef,0xff,0xff,0xc0,0x00,0x00,0x00,0x00,
  0x00,0x00,0x00,0x00,0x00,0x0e,0xf8,0x00,0x00,0x00,0x00,0x00,0x00,0x00,0x00,0x00,0x00,0x00,0x00,0x00,0x00,0x00,0x00,0x00,
  0x00,0x00,0x00,0x00,0x00,0x2e,0xf7,0x00,0x00,0x00,0x00,0x9e,0x20,0x00,0x00,0xae,0x80,0x00,0x0b,0x60,0x00,0x01,0xeb,0x20,
  0x00,0x00,0x00,0x00,0x00,0x00,0x00,0x00,0x00,0x00,0x01,0xff,0x00,0x00,0x00,0x00,0x00,0x0b,0xf6,0x00,0x00,0x00,0x00,0x00,
  0x01,0xff,0x00,0x00,0x00,0x34,0x44,0x44,0x44,0x44,0x44,0x44,0x44,0x44,0x44,0x44,0x44,0x00,0x01,0xdc,0x10,0x00,0x00,0x00,
  0x08,0xf9,0x00,0xbf,0xff,0xff,0x70,0x00,0x00,0x00,0x00,0x00,0x00,0x00,0x00,0x00,0x08,0xfe,0x10,0x00,0x00,0x00,0x00,0x00,
  0x00,0x00,0x00,0x00,0x00,0x00,0x00,0x00,0x00,0x00,0x00,0x00,0x00,0x00,0x00,0x00,0x9f,0xd0,0x00,0x00,0x00,0x00,0x02,0x00,
  0x00,0x00,0x10,0x00,0x00,0x00,0x00,0x00,0x00,0x20,0x00,0x00,0x00,0x00,0x00,0x00,0x00,0x00,0x00,0x00,0x00,0x00,0x66,0x00,
  0x00,0x00,0x00,0x00,0x03,0x41,0x00,0x00,0x00,0x00,0x00,0x00,0x44,0x00,0x00,0x00,0x00,0x00,0x00,0x00,0x00,0x00,0x00,0x00,
  0x00,0x00,0x00,0x00,0x00,0x00,0x31,0x00,0x00,0x00,0x00,0x03,0x63,0x00,0x24,0x67,0x75,0x00,0x00,0x00,0x00,0x00,0x00,0x00,
  0x00,0x00,0x00,0x00,0xdf,0x90,0x00,0x00,0x00,0x00,0x00,0x00,0x00,0x00,0x00,0x00,0x00,0x00,0x00,0x00,0x00,0x00,0x00,0x00,
  0x00,0x00,0x03,0xef,0x40,0x00,0x00,0x00,0x00,0x00,0x00,0x00,0x00,0x00,0x00,0x00,0x00,0x00,0x00,0x00,0x00,0x00,0x00,0x00,
  0x00,0x00,0x00,0x00,0x00,0x00,0x00,0x00,0x00,0x00,0x00,0x00,0x00,0x00,0x00,0x00,0x00,0x00,0x00,0x00,0x00,0x00,0x00,0x00,
  0x00,0x00,0x00,0x00,0x00,0x00,0x00,0x00,0x00,0x00,0x00,0x00,0x00,0x00,0x00,0x00,0x00,0x00,0x00,0x00,0x00,0x00,0x00,0x00,
  0x00,0x00,0x00,0x00,0x00,0x00,0x00,0x00,0x00,0x00,0x00,0x00,0x00,0x00,0x00,0x2e,0xf3,0x00,0x00,0x00,0x00,0x00,0x00,0x00,
  0x00,0x00,0x00,0x00,0x00,0x00,0x00,0x00,0x00,0x00,0x00,0x00,0x00,0x0c,0xf8,0x00,0x00,0x00,0x00,0x00,0x00,0x00,0x00,0x00,
  0x00,0x00,0x00,0x00,0x00,0x00,0x00,0x00,0x00,0x00,0x00,0x00,0x00,0x00,0x00,0x00,0x00,0x00,0x00,0x00,0x00,0x00,0x00,0x00,
  0x00,0x00,0x00,0x00,0x00,0x00,0x00,0x00,0x00,0x00,0x00,0x00,0x00,0x00,0x00,0x00,0x00,0x00,0x00,0x00,0x00,0x00,0x00,0x00,
  0x00,0x00,0x00,0x00,0x00,0x00,0x00,0x00,0x00,0x00,0x00,0x00,0x00,0x00,0x00,0x00,0x00,0x00,0x00,0x00,0x00,0x00,0x00,0x00,
  0x00,0x00,0x00,0x00,0x00,0x00,0x00,0x00,0x00,0x00,0x00,0x00,0x00,0x00,0x00,0x00,0x00,0x00,0x00,0x00,0x00,0x00,0x00,0x00,
  0x00,0x00,0x00,0x00,0x00,0x00,0x00,0x00,0x00,0x00,0x00,0x00,0x00,0x00,0x00,0x00,0x00,0x00,0x00,0x00,0x00,0x00,0x00,0x00,
  0x00,0x00,0x00,0x00,0x00,0x00,0x00,0x00,0x00,0x00,0x00,0x00,0x00,0x00,0x00,0x00,0x00,0x00,0x00,0x00,0x00,0x00,0x00,0x00,
  0x00,0x00,0x00,0x00,0x00,0x00,0x00,0x00,0x00,0x00,0x00,0x00,0x00,0x00,0x00,0x00,0x00,0x00,0x00,0x00,0x00,0x00,0x00,0x00,
  0x00,0x00,0x00,0x00,0x00,0x00,0x00,0x00,0x00,0x00,0x00,0x00,0x00,0x00,0x00,0x00,0x00,0x00,0x00,0x00,0x00,0x00,0x00,0x00,
  0x00,0x00,0x00,0x00,0x00,0x00,0x00,0x00,0x00,0x00,0x00,0x00,0x00,0x00,0x00,0x00,
};
#define GUI_TXT_CAL_TR_W 214
#define GUI_TXT_CAL_TR_H 32

static const uint8_t gui_txt_cal_bl_bits[3424] = {
  0x00,0x00,0x00,0x00,0x00,0x00,0x00,0x00,0x00,0x00,0x00,0x00,0x00,0x00,0x00,0x00,0x00,0x00,0x00,0x00,0x00,0x00,0x00,0x00,
  0x00,0x00,0x00,0x00,0x00,0x00,0x00,0x00,0x00,0x00,0x00,0x00,0x00,0x00,0x00,0x00,0x00,0x00,0x00,0x00,0x00,0x00,0x00,0x00,
  0x00,0x00,0x00,0x00,0x00,0x00,0x00,0x00,0x00,0x00,0x00,0x00,0x00,0x00,0x00,0x00,0x00,0x00,0x00,0x00,0x00,0x00,0x00,0x00,
  0x00,0x00,0x00,0x00,0x00,0x00,0x00,0x00,0x00,0x00,0x00,0x00,0x00,0x00,0x00,0x00,0x00,0x00,0x00,0x00,0x00,0x00,0x00,0x00,
  0x00,0x00,0x00,0x00,0x00,0x00,0x00,0x00,0x00,0x00,0x00,0x00,0x00,0x00,0x00,0x00,0x00,0x00,0x00,0x00,0x00,0x00,0x00,0x00,
  0x00,0x00,0x00,0x00,0x00,0x00,0x00,0x00,0x00,0x00,0x00,0x00,0x00,0x00,0x00,0x00,0x00,0x00,0x00,0x00,0x00,0x00,0x00,0x00,
  0x00,0x00,0x00,0x00,0x00,0x00,0x00,0x00,0x00,0x00,0x00,0x00,0x00,0x00,0x00,0x00,0x00,0x00,0x00,0x00,0x00,0x00,0x00,0x00,
  0x00,0x00,0x00,0x00,0x00,0x00,0x00,0x00,0x00,0x00,0x00,0x00,0x00,0x00,0x00,0x00,0x00,0x00,0x00,0x00,0x00,0x00,0x00,0x00,
  0x00,0x00,0x00,0x00,0x00,0x00,0x00,0x00,0x00,0x00,0x00,0x00,0x00,0x00,0x00,0x00,0x00,0x00,0x00,0x00,0x00,0x00,0x00,0x00,
  0x00,0x00,0x00,0x00,0x00,0x00,0x00,0x00,0x00,0x00,0x00,0x00,0x00,0x00,0x00,0x00,0x00,0x00,0x00,0x00,0x00,0x00,0x00,0x00,
  0x00,0x00,0x00,0x00,0x00,0x00,0x00,0x00,0x00,0x00,0x00,0x00,0x00,0x00,0x00,0x00,0x00,0x00,0x00,0x00,0x00,0x00,0x00,0x00,
  0x00,0x00,0x00,0x00,0x00,0x00,0x00,0x00,0x00,0x00,0x00,0x01,0x00,0x00,0x00,0x00,0x00,0x00,0x00,0x00,0x00,0x00,0x00,0x00,
  0x00,0x00,0x00,0x00,0x00,0x00,0x00,0x00,0x00,0x00,0x00,0x00,0x00,0x00,0x00,0x00,0x00,0x00,0x00,0x00,0x00,0x00,0x00,0x00,
  0x00,0x00,0x00,0x00,0x00,0x00,0x00,0x00,0x00,0x00,0x00,0x00,0x00,0x00,0x00,0x00,0x69,0x50,0x00,0x00,0x00,0x00,0x00,0x00,
  0x00,0x00,0x00,0x00,0x00,0x00,0x09,0x91,0x00,0x00,0x00,0x00,0x00,0x00,0x00,0x00,0x00,0x00,0x00,0x85,0x00,0x00,0x00,0x00,
  0x00,0x00,0x00,0x00,0x00,0x00,0x00,0x00,0x00,0x00,0x00,0x00,0x00,0x00,0x00,0x00,0x00,0x00,0x00,0x00,0x00,0x00,0x4f,0xd4,
  0x00,0x00,0x00,0x00,0x00,0x00,0x00,0x00,0x00,0x00,0x00,0x00,0x00,0x00,0x00,0x00,0x00,0x00,0x00,0x00,0x00,0x00,0x00,0x00,
  0x00,0x00,0x00,0x00,0x00,0x00,0x00,0x00,0x00,0x00,0x00,0x00,0x00,0x00,0x00,0x00,0x00,0x00,0x00,0x00,0x00,0x00,0x00,0x00,
  0x00,0x00,0x00,0x9f,0x80,0x00,0x00,0x00,0x00,0x00,0x00,0x00,0x00,0x00,0x00,0x00,0x00,0x0e,0xf3,0x00,0x00,0x00,0x00,0x00,
  0x00,0x00,0x00,0x00,0x00,0x01,0xfe,0x00,0x00,0x00,0x00,0x00,0x00,0x00,0x00,0x00,0x11,0x11,0x11,0x11,0x11,0x11,0x11,0x11,
  0x11,0x11,0x11,0x11,0x00,0x00,0x00,0x00,0x01,0xef,0xc0,0x00,0x00,0x00,0x00,0x00,0x00,0x00,0x00,0x00,0x00,0x00,0x00,0x00,
  0x00,0x00,0x00,0x00,0x00,0x00,0x00,0x00,0x00,0x00,0x00,0x00,0x00,0x00,0x00,0x00,0x00,0x00,0x00,0x00,0x00,0x00,0x00,0x00,
  0x00,0x00,0x00,0x00,0x00,0x00,0x00,0x00,0x00,0x00,0x00,0x00,0x00,0x00,0x9f,0x80,0x00,0x00,0x00,0x00,0x00,0x00,0x00,0x00,
  0x00,0x00,0x00,0x00,0x0e,0xf3,0x00,0x00,0x00,0x00,0x00,0x00,0x00,0x00,0x00,0x00,0x04,0xfd,0x00,0x00,0x00,0x00,0x00,0x00,
  0x00,0x00,0x00,0xff,0xff,0xff,0xff,0xff,0xff,0xff,0xff,0xff,0xff,0xff,0xff,0x20,0x00,0x00,0x00,0x1c,0xff,0xdb,0xbb,0xbb,
  0xbb,0xba,0x00,0x00,0x00,0x00,0x00,0x00,0x00,0x00,0x00,0x00,0x00,0x00,0x00,0x00,0x00,0x00,0x00,0x00,0x00,0x00,0x00,0x00,
  0x00,0x00,0x00,0x00,0x00,0x00,0x00,0x00,0x00,0x00,0x00,0x00,0x00,0x00,0x00,0x00,0x00,0x00,0x00,0x00,0x00,0x00,0x00,0x00,
  0x00,0x9f,0xca,0xaa,0xaa,0xaa,0xaa,0xa2,0x00,0x00,0x00,0x00,0x00,0x00,0x00,0x0e,0xf3,0x00,0x00,0x00,0x00,0x00,0x00,0x00,
  0x00,0x00,0x00,0x07,0xfa,0x00,0x00,0x00,0x00,0x00,0x00,0x00,0x00,0x00,0xee,0xee,0xee,0xee,0xee,0xff,0xee,0xee,0xee,0xee,
  0xee,0xee,0x20,0x00,0x00,0x01,0xcf,0xff,0xff,0xff,0xff,0xff,0xfd,0x00,0x00,0x00,0x00,0x00,0x00,0x00,0x00,0x00,0x00,0x00,
  0x00,0x00,0x2e,0xf4,0x00,0x04,0x8c,0xee,0xda,0x40,0x00,0x00,0x00,0x00,0x00,0x7f,0xe0,0x00,0x00,0x00,0x00,0xdf,0xe0,0x00,
  0x0c,0xf8,0x00,0x00,0x00,0x00,0x00,0x00,0x00,0x00,0x00,0x00,0x9f,0xff,0xff,0xff,0xff,0xff,0xf4,0x00,0x00,0x00,0x88,0x88,
  0x88,0x88,0x8e,0xfa,0x88,0x88,0x88,0x88,0x50,0x00,0x00,0x58,0x88,0x88,0x8c,0xfc,0x88,0x88,0x88,0x88,0x88,0x88,0x84,0x00,
  0x00,0x00,0x00,0x00,0x00,0x00,0xef,0x30,0x00,0x00,0x00,0x00,0x00,0x00,0x00,0x00,0x2c,0xff,0x71,0x11,0x11,0x11,0x9f,0xf6,
  0x00,0x00,0x00,0x00,0x00,0x00,0x00,0x00,0x00,0x00,0x00,0x00,0x00,0xcf,0x90,0x02,0xbf,0xff,0xff,0xff,0xf9,0x00,0x00,0x00,
  0x00,0x00,0xcf,0x80,0x00,0x00,0x00,0x09,0xff,0xe0,0x00,0x03,0xef,0x40,0x00,0x00,0x00,0x00,0x00,0x00,0x00,0x00,0x00,0x9f,
  0xa5,0x55,0x55,0x55,0x55,0x51,0x00,0x00,0x00,0xef,0xff,0xff,0xff,0xff,0xff,0xff,0xff,0xff,0xff,0x90,0x00,0x00,0x8f,0xff,
  0xff,0xff,0xff,0xff,0xff,0xff,0xff,0xff,0xff,0xf7,0x00,0x00,0x00,0x00,0x00,0x00,0x00,0xef,0x30,0x00,0x00,0x00,0x00,0x00,
  0x00,0x00,0x04,0xef,0xe7,0x00,0x00,0x00,0x06,0xff,0x80,0x00,0x00,0x00,0x00,0x00,0x00,0x00,0x00,0x00,0x00,0x00,0x00,0x07,
  0xfe,0x10,0x07,0xfe,0x94,0x22,0x5c,0xff,0x60,0x00,0x00,0x00,0x03,0xff,0x30,0x00,0x00,0x00,0x4f,0xdf,0xe0,0x00,0x00,0x9f,
  0xd0,0x00,0x00,0x00,0x00,0x00,0x00,0x00,0x00,0x00,0x9f,0x80,0x00,0x00,0x00,0x00,0x00,0x00,0x00,0x00,0x67,0x77,0x77,0x77,
  0x7e,0xf8,0x77,0x77,0x77,0x77,0x40,0x00,0x00,0x47,0x77,0x77,0x9f,0xe7,0x77,0x77,0x77,0x77,0x77,0x77,0x73,0x00,0x00,0x00,
  0x00,0x00,0x00,0x00,0xef,0x30,0x00,0x00,0x00,0x00,0x00,0x00,0x01,0x9f,0xff,0xc7,0x77,0x77,0x77,0x9f,0xfd,0x77,0x77,0x77,
  0x70,0x00,0x00,0x00,0x00,0x00,0x00,0x00,0x00,0x00,0x0e,0xf8,0x00,0x00,0x72,0x00,0x00,0x01,0xdf,0xd0,0x00,0x00,0x00,0x08,
  0xfc,0x00,0x00,0x00,0x00,0xdf,0x8f,0xe0,0x00,0x00,0x2f,0xf6,0x00,0x00,0x00,0x00,0x00,0x00,0x00,0x00,0x00,0x9f,0x80,0x00,
  0x00,0x00,0x00,0x00,0x00,0x00,0x00,0x00,0x00,0x00,0x00,0x0e,0xf3,0x00,0x00,0x00,0x00,0x00,0x00,0x00,0x00,0x00,0x00,0x9f,
  0xa0,0x00,0x00,0x00,0x00,0x00,0x00,0x00,0x00,0x00,0x00,0x00,0x00,0x00,0x00,0xef,0x30,0x00,0x00,0x00,0x00,0x00,0x00,0x0c,
  0xff,0xdf,0xff,0xff,0xff,0xff,0xff,0xff,0xff,0xff,0xff,0xe0,0x00,0x00,0x00,0x00,0x00,0x00,0x00,0x00,0x00,0x6f,0xf2,0x00,
  0x00,0x00,0x00,0x00,0x00,0x8f,0xf1,0x00,0x00,0x00,0x0d,0xf7,0x00,0x00,0x00,0x08,0xfa,0x5f,0xe0,0x00,0x00,0x0b,0xfd,0x00,
  0x00,0x00,0x00,0x00,0x00,0x00,0x00,0x00,0x9f,0x80,0x00,0x00,0x00,0x00,0x00,0x00,0x00,0x00,0x00,0x00,0x00,0x00,0x0e,0xf3,
  0x00,0x00,0x00,0x00,0x00,0x00,0x00,0x00,0x00,0x00,0xef,0x40,0x00,0x00,0x00,0x00,0x00,0x00,0x00,0x00,0x00,0x00,0x00,0x00,
  0x00,0x00,0xef,0x30,0x00,0x00,0x00,0x00,0x00,0x00,0x02,0xd6,0x4f,0xf8,0x88,0x88,0x8c,0xfc,0x88,0x88,0x88,0xaf,0xe0,0x00,
  0x00,0x00,0x00,0x00,0x00,0x00,0x00,0x00,0xcf,0xb0,0x00,0x00,0x00,0x00,0x00,0x00,0x6f,0xf1,0x00,0x00,0x00,0x4f,0xe1,0x00,
  0x00,0x00,0x3e,0xe2,0x5f,0xe0,0x00,0x00,0x05,0xff,0x30,0x00,0x00,0x00,0x00,0xbf,0xff,0xff,0xff,0xff,0xff,0xff,0xff,0xff,
  0xf9,0x00,0x00,0x00,0x00,0x00,0x00,0x00,0x00,0x0e,0xf3,0x00,0x00,0x00,0x00,0x00,0x00,0x00,0x00,0x00,0x05,0xfe,0x00,0x00,
  0x00,0x00,0x00,0x00,0x00,0x00,0x00,0x00,0x00,0x00,0x00,0x00,0x00,0xef,0x30,0x00,0x00,0x00,0x00,0x00,0x00,0x00,0x00,0x4f,
  0xf0,0x00,0x00,0x08,0xf9,0x00,0x00,0x00,0x3f,0xe0,0x00,0x00,0x00,0x00,0x00,0x00,0x00,0x00,0x01,0xff,0x70,0x00,0x00,0x00,
  0x00,0x00,0x00,0xaf,0xd0,0x00,0x00,0x00,0xaf,0xb0,0x00,0x00,0x00,0xcf,0x60,0x6f,0xe0,0x00,0x00,0x01,0xef,0x80,0x00,0x00,
  0x00,0x00,0xbf,0xff,0xff,0xff,0xff,0xff,0xff,0xff,0xff,0xf9,0x00,0x00,0x00,0x22,0x22,0x22,0x22,0x22,0x2e,0xf4,0x22,0x22,
  0x22,0x22,0x22,0x00,0x00,0x00,0x00,0x0c,0xf7,0x00,0x00,0x00,0x00,0x00,0x00,0x00,0x00,0x00,0x00,0x00,0x00,0x00,0x00,0x00,
  0xef,0xb2,0x00,0x00,0x00,0x00,0x00,0x00,0x00,0x00,0x4f,0xf0,0x00,0x00,0x08,0xf9,0x00,0x00,0x00,0x3f,0xe0,0x00,0x00,0x00,
  0x00,0x00,0x00,0x00,0x00,0x04,0xff,0x30,0x00,0x00,0x00,0x00,0x00,0x03,0xef,0x70,0x00,0x00,0x01,0xef,0x50,0x00,0x00,0x08,
  0xfb,0x00,0x6f,0xe0,0x00,0x00,0x00,0xcf,0xc0,0x00,0x00,0x00,0x00,0xbf,0x71,0x11,0x11,0x11,0x11,0x11,0x11,0x18,0xf9,0x00,
  0x00,0x03,0xff,0xff,0xff,0xff,0xff,0xff,0xff,0xff,0xff,0xff,0xff,0xff,0x30,0x00,0x00,0x00,0x6f,0xe1,0x00,0x00,0x00,0x00,
  0x00,0x00,0x00,0x00,0x00,0x00,0x00,0x00,0x00,0x00,0x00,0xef,0xfe,0x70,0x00,0x00,0x00,0x00,0x00,0x00,0x00,0x4f,0xf2,0x22,
  0x22,0x29,0xfa,0x22,0x22,0x22,0x5f,0xe0,0x00,0x00,0x00,0x00,0x00,0x00,0x00,0x00,0x08,0xfe,0x00,0x00,0x00,0x00,0x00,0x02,
  0x7e,0xf9,0x00,0x00,0x00,0x06,0xfe,0x00,0x00,0x00,0x3e,0xe2,0x00,0x6f,0xe0,0x00,0x00,0x00,0x8f,0xe0,0x00,0x00,0x00,0x00,
  0xbf,0x60,0x00,0x00,0x00,0x00,0x00,0x00,0x08,0xf9,0x00,0x00,0x03,0xee,0xee,0xee,0xee,0xee,0xef,0xfe,0xee,0xee,0xee,0xee,
  0xee,0x30,0x00,0x00,0x00,0xdf,0xa4,0x44,0x44,0x44,0x44,0x44,0x44,0x44,0x10,0x00,0x00,0x00,0x00,0x00,0x00,0x00,0xef,0xdf,
  0xfc,0x30,0x00,0x00,0x00,0x00,0x00,0x00,0x4f,0xff,0xff,0xff,0xff,0xff,0xff,0xff,0xff,0xff,0xe0,0x00,0x00,0x00,0x00,0x00,
  0x00,0x00,0x00,0x0a,0xfd,0x00,0x00,0x00,0x00,0xcf,0xff,0xe9,0x40,0x00,0x00,0x00,0x0c,0xf9,0x00,0x00,0x00,0xcf,0x70,0x00,
  0x6f,0xe0,0x00,0x00,0x00,0x6f,0xf1,0x00,0x00,0x00,0x00,0xbf,0x60,0x00,0x00,0x00,0x00,0x00,0x00,0x08,0xf9,0x00,0x00,0x00,
  0x00,0x00,0x00,0x00,0x00,0x0e,0xf3,0x00,0x00,0x00,0x00,0x00,0x00,0x00,0x00,0x08,0xff,0xff,0xff,0xff,0xff,0xff,0xff,0xff,
  0xff,0x40,0x00,0x00,0x00,0x00,0x00,0x00,0x00,0xef,0x37,0xef,0xe7,0x00,0x00,0x00,0x00,0x00,0x00,0x4f,0xfc,0xcc,0xcc,0xcd,
  0xfe,0xcc,0xcc,0xcc,0xcf,0xe0,0x00,0x00,0x00,0x00,0x00,0x00,0x00,0x00,0x0b,0xfc,0x00,0x00,0x00,0x00,0xcf,0xff,0xfe,0xa4,
  0x00,0x00,0x00,0x2f,0xf3,0x00,0x00,0x07,0xfc,0x00,0x00,0x6f,0xe0,0x00,0x00,0x00,0x5f,0xf2,0x00,0x00,0x00,0x00,0xbf,0x60,
  0x00,0x00,0x00,0x00,0x00,0x00,0x08,0xf9,0x00,0x00,0x00,0x00,0x01,0x10,0x00,0x00,0x0e,0xf3,0x00,0x00,0x00,0x11,0x00,0x00,
  0x00,0x00,0x3e,0xfc,0xcc,0xcc,0xcc,0xff,0xcc,0xcc,0xcc,0xcc,0x30,0x00,0x00,0x00,0x00,0x00,0x00,0x00,0xef,0x30,0x3d,0xff,
  0xb2,0x00,0x00,0x00,0x00,0x00,0x5f,0xf0,0x00,0x00,0x08,0xf9,0x00,0x00,0x00,0x3f,0xe0,0x00,0x00,0x00,0x00,0x00,0x00,0x00,
  0x00,0x0c,0xfa,0x00,0x00,0x00,0x00,0x11,0x23,0x6b,0xff,0x80,0x00,0x00,0x8f,0xd0,0x00,0x00,0x2e,0xe3,0x00,0x00,0x6f,0xe0,
  0x00,0x00,0x00,0x4f,0xf3,0x00,0x00,0x00,0x00,0xbf,0x94,0x44,0x44,0x44,0x44,0x44,0x44,0x4a,0xf9,0x00,0x00,0x00,0x00,0x6f,
  0xb0,0x00,0x00,0x0e,0xf3,0x00,0x00,0x01,0xff,0x00,0x00,0x00,0x00,0xdf,0xc0,0x00,0x00,0x00,0xff,0x20,0x00,0x00,0x00,0x00,
  0x00,0x00,0x00,0x00,0x00,0x00,0x00,0xef,0x30,0x00,0xaf,0xfe,0x40,0x00,0x00,0x00,0x00,0x6f,0xe0,0x00,0x00,0x08,0xf9,0x00,
  0x00,0x00,0x3f,0xe0,0x00,0x00,0x00,0x00,0x00,0x00,0x00,0x00,0x0c,0xfa,0x00,0x00,0x00,0x00,0x00,0x00,0x00,0x7f,0xf4,0x00,
  0x00,0xdf,0x70,0x00,0x00,0xcf,0x80,0x00,0x00,0x6f,0xe0,0x00,0x00,0x00,0x4f,0xf4,0x00,0x00,0x00,0x00,0xbf,0xff,0xff,0xff,
  0xff,0xff,0xff,0xff,0xff,0xf9,0x00,0x00,0x00,0x00,0x6f,0xb0,0x00,0x00,0x0e,0xf3,0x00,0x00,0x01,0xff,0x00,0x00,0x00,0x0a,
  0xfe,0x20,0x00,0x00,0x00,0xff,0x20,0x00,0x00,0x00,0x00,0x00,0x00,0x00,0x00,0x00,0x00,0x00,0xef,0x30,0x00,0x07,0xff,0xe1,
  0x00,0x00,0x00,0x00,0x7f,0xd0,0x00,0x00,0x08,0xf9,0x00,0x00,0x00,0x3f,0xe0,0x00,0x00,0x00,0x00,0x00,0x00,0x00,0x00,0x0b,
  0xfc,0x00,0x00,0x00,0x00,0x00,0x00,0x00,0x0d,0xf9,0x00,0x04,0xff,0x20,0x00,0x06,0xfe,0x44,0x44,0x44,0x9f,0xe4,0x43,0x00,
  0x00,0x5f,0xf3,0x00,0x00,0x00,0x00,0x8b,0xbb,0xbb,0xbb,0xbb,0xbb,0xbb,0xbb,0xbb,0xb7,0x00,0x00,0x00,0x00,0x6f,0xb0,0x00,
  0x00,0x0e,0xf3,0x00,0x00,0x01,0xff,0x00,0x00,0x00,0x8f,0xf7,0x00,0x00,0x00,0x00,0xff,0x20,0x00,0x00,0x00,0x00,0x00,0x00,
  0x00,0x00,0x00,0x00,0x00,0xef,0x30,0x00,0x00,0x5e,0x60,0x00,0x00,0x00,0x00,0xaf,0xed,0xdd,0xdd,0xde,0xfe,0xdd,0xdd,0xdd,
  0xef,0xe0,0x00,0x00,0x00,0x00,0x00,0x00,0x00,0x00,0x0a,0xfd,0x00,0x00,0x00,0x00,0x00,0x00,0x00,0x0c,0xfa,0x00,0x0a,0xfb,
  0x00,0x00,0x0a,0xff,0xff,0xff,0xff,0xff,0xff,0xfc,0x00,0x00,0x6f,0xf1,0x00,0x00,0x00,0x00,0x00,0x00,0x00,0x00,0x00,0x00,
  0x00,0x00,0x00,0x12,0x00,0x00,0x00,0x00,0x6f,0xb0,0x00,0x00,0x0e,0xf3,0x00,0x00,0x01,0xff,0x00,0x00,0x04,0xff,0x90,0x00,
  0x00,0x00,0x00,0xff,0x20,0x00,0x00,0x00,0x00,0x00,0x00,0x00,0x00,0x00,0x00,0x00,0xef,0x30,0x00,0x00,0x02,0x00,0x00,0x00,
  0x00,0x00,0xdf,0xff,0xff,0xff,0xff,0xff,0xff,0xff,0xff,0xff,0xe0,0x00,0x00,0x00,0x00,0x00,0x00,0x00,0x00,0x09,0xfe,0x00,
  0x00,0x00,0x00,0x00,0x00,0x00,0x0e,0xf9,0x00,0x1e,0xf5,0x00,0x00,0x0a,0xff,0xff,0xff,0xff,0xff,0xff,0xfc,0x00,0x00,0x8f,
  0xe0,0x00,0x00,0x00,0x00,0x9a,0x20,0x02,0x50,0x00,0x03,0x92,0x00,0x05,0xec,0x00,0x00,0x00,0x00,0x6f,0xb0,0x00,0x00,0x0e,
  0xf3,0x00,0x00,0x01,0xff,0x00,0x00,0x00,0xbb,0x00,0x00,0x00,0x00,0x00,0xff,0x20,0x00,0x00,0x00,0x00,0x00,0x00,0x00,0x00,
  0x00,0x00,0x00,0xef,0x30,0x00,0x00,0x00,0x00,0x00,0x00,0x00,0x02,0xff,0x70,0x00,0x00,0x08,0xf9,0x00,0x00,0x00,0x4f,0xe0,
  0x00,0x00,0x00,0x00,0x00,0x00,0x00,0x00,0x05,0xff,0x30,0x00,0x02,0x00,0x00,0x00,0x00,0x8f,0xf5,0x00,0x6f,0xe0,0x00,0x00,
  0x00,0x00,0x00,0x00,0x00,0x6f,0xe0,0x00,0x00,0x00,0xcf,0xc0,0x00,0x00,0x00,0x03,0xef,0x50,0x3f,0xf5,0x00,0x0c,0xfb,0x00,
  0x03,0xef,0x70,0x00,0x00,0x00,0x6f,0xb0,0x00,0x00,0x0e,0xf3,0x00,0x00,0x01,0xff,0x00,0x00,0x00,0x01,0x00,0x00,0x00,0x00,
  0x00,0xff,0x20,0x00,0x00,0x00,0x00,0x00,0x00,0x00,0x00,0x00,0x00,0x00,0xef,0x30,0x00,0x00,0x00,0x00,0x00,0x00,0x00,0x08,
  0xff,0x20,0x00,0x00,0x08,0xf9,0x00,0x00,0x00,0x3f,0xe0,0x00,0x00,0x00,0x00,0x00,0x00,0x00,0x00,0x02,0xff,0x60,0x00,0x0d,
  0xc7,0x42,0x22,0x5b,0xff,0xb0,0x00,0xbf,0x90,0x00,0x00,0x00,0x00,0x00,0x00,0x00,0x6f,0xe0,0x00,0x00,0x00,0xef,0x90,0x00,
  0x00,0x00,0x0b,0xfd,0x00,0x0b,0xfc,0x00,0x04,0xff,0x50,0x00,0x8f,0xe1,0x00,0x00,0x00,0x6f,0xc3,0x33,0x33,0x3e,0xf5,0x33,
  0x33,0x34,0xff,0x00,0x00,0x00,0x00,0x00,0x00,0x00,0x00,0x00,0xff,0x20,0x00,0x00,0x00,0x00,0x00,0x00,0x00,0x00,0x00,0x00,
  0x00,0xef,0x30,0x00,0x00,0x00,0x00,0x00,0x00,0x00,0x1e,0xfb,0x00,0x00,0x00,0x08,0xf9,0x00,0x00,0x00,0x3f,0xe0,0x00,0x00,
  0x00,0x00,0x00,0x00,0x00,0x00,0x00,0xdf,0xb0,0x00,0x0d,0xff,0xff,0xff,0xff,0xfa,0x10,0x02,0xff,0x40,0x00,0x00,0x00,0x00,
  0x00,0x00,0x00,0x6f,0xe0,0x00,0x00,0x04,0xff,0x40,0x00,0x00,0x00,0x7f,0xf5,0x00,0x04,0xff,0x30,0x00,0xbf,0xc0,0x00,0x0d,
  0xf9,0x00,0x00,0x00,0x6f,0xff,0xff,0xff,0xff,0xff,0xff,0xff,0xff,0xff,0x00,0x00,0x00,0x03,0x66,0x66,0x66,0x66,0x66,0xff,
  0x86,0x66,0x66,0x66,0x66,0x00,0x00,0x00,0x00,0x00,0x00,0x00,0xef,0x30,0x00,0x00,0x00,0x00,0x00,0x00,0x00,0xaf,0xf4,0x00,
  0x00,0x00,0x08,0xf9,0x00,0x32,0x10,0x5f,0xd0,0x00,0x00,0x00,0x00,0x00,0x00,0x00,0x00,0x00,0x6f,0xe2,0x00,0x01,0x7a,0xcd,
  0xee,0xc9,0x40,0x00,0x08,0xfd,0x00,0x00,0x00,0x00,0x00,0x00,0x00,0x00,0x6f,0xe0,0x00,0x00,0x0b,0xfd,0x00,0x00,0x00,0x03,
  0xef,0xb0,0x00,0x00,0xef,0x80,0x00,0x5f,0xf5,0x00,0x07,0xfe,0x10,0x00,0x00,0x5d,0xdd,0xdd,0xdd,0xdd,0xdd,0xdd,0xdd,0xdd,
  0xff,0x00,0x00,0x00,0x07,0xff,0xff,0xff,0xff,0xff,0xff,0xff,0xff,0xff,0xff,0xff,0x20,0x00,0x00,0x00,0x00,0x00,0x00,0xef,
  0x30,0x00,0x00,0x00,0x00,0x00,0x00,0x06,0xff,0xa0,0x00,0x00,0x00,0x08,0xf9,0x00,0xef,0xff,0xff,0xc0,0x00,0x00,0x00,0x00,
  0x00,0x00,0x00,0x00,0x00,0x0e,0xf8,0x00,0x00,0x00,0x00,0x00,0x00,0x00,0x00,0x00,0x00,0x00,0x00,0x00,0x00,0x00,0x00,0x00,
  0x00,0x00,0x00,0x00,0x00,0x2e,0xf7,0x00,0x00,0x00,0x00,0x9e,0x20,0x00,0x00,0xae,0x80,0x00,0x0b,0x60,0x00,0x01,0xeb,0x20,
  0x00,0x00,0x00,0x00,0x00,0x00,0x00,0x00,0x00,0x00,0x01,0xff,0x00,0x00,0x00,0x04,0x99,0x99,0x99,0x99,0x99,0x99,0x99,0x99,
  0x99,0x99,0x99,0x10,0x00,0x00,0x00,0x00,0x00,0x00,0xef,0x30,0x00,0x00,0x00,0x00,0x00,0x00,0x01,0xdc,0x10,0x00,0x00,0x00,
  0x08,0xf9,0x00,0xbf,0xff,0xff,0x70,0x00,0x00,0x00,0x00,0x00,0x00,0x00,0x00,0x00,0x08,0xfe,0x10,0x00,0x00,0x00,0x00,0x00,
  0x00,0x00,0x00,0x00,0x00,0x00,0x00,0x00,0x00,0x00,0x00,0x00,0x00,0x00,0x00,0x00,0x9f,0xd0,0x00,0x00,0x00,0x00,0x02,0x00,
  0x00,0x00,0x10,0x00,0x00,0x00,0x00,0x00,0x00,0x20,0x00,0x00,0x00,0x00,0x00,0x00,0x00,0x00,0x00,0x00,0x00,0x00,0x66,0x00,
  0x00,0x00,0x00,0x00,0x00,0x00,0x00,0x00,0x00,0x00,0x00,0x00,0x00,0x00,0x00,0x00,0x00,0x00,0x00,0x00,0x00,0x77,0x10,0x00,
  0x00,0x00,0x00,0x00,0x00,0x00,0x31,0x00,0x00,0x00,0x00,0x03,0x63,0x00,0x24,0x67,0x75,0x00,0x00,0x00,0x00,0x00,0x00,0x00,
  0x00,0x00,0x00,0x00,0xdf,0x90,0x00,0x00,0x00,0x00,0x00,0x00,0x00,0x00,0x00,0x00,0x00,0x00,0x00,0x00,0x00,0x00,0x00,0x00,
  0x00,0x00,0x03,0xef,0x40,0x00,0x00,0x00,0x00,0x00,0x00,0x00,0x00,0x00,0x00,0x00,0x00,0x00,0x00,0x00,0x00,0x00,0x00,0x00,
  0x00,0x00,0x00,0x00,0x00,0x00,0x00,0x00,0x00,0x00,0x00,0x00,0x00,0x00,0x00,0x00,0x00,0x00,0x00,0x00,0x00,0x00,0x00,0x00,
  0x00,0x00,0x00,0x00,0x00,0x00,0x00,0x00,0x00,0x00,0x00,0x00,0x00,0x00,0x00,0x00,0x00,0x00,0x00,0x00,0x00,0x00,0x00,0x00,
  0x00,0x00,0x00,0x00,0x00,0x00,0x00,0x00,0x00,0x00,0x00,0x00,0x00,0x00,0x00,0x2e,0xf3,0x00,0x00,0x00,0x00,0x00,0x00,0x00,
  0x00,0x00,0x00,0x00,0x00,0x00,0x00,0x00,0x00,0x00,0x00,0x00,0x00,0x0c,0xf8,0x00,0x00,0x00,0x00,0x00,0x00,0x00,0x00,0x00,
  0x00,0x00,0x00,0x00,0x00,0x00,0x00,0x00,0x00,0x00,0x00,0x00,0x00,0x00,0x00,0x00,0x00,0x00,0x00,0x00,0x00,0x00,0x00,0x00,
  0x00,0x00,0x00,0x00,0x00,0x00,0x00,0x00,0x00,0x00,0x00,0x00,0x00,0x00,0x00,0x00,0x00,0x00,0x00,0x00,0x00,0x00,0x00,0x00,
  0x00,0x00,0x00,0x00,0x00,0x00,0x00,0x00,0x00,0x00,0x00,0x00,0x00,0x00,0x00,0x00,0x00,0x00,0x00,0x00,0x00,0x00,0x00,0x00,
  0x00,0x00,0x00,0x00,0x00,0x00,0x00,0x00,0x00,0x00,0x00,0x00,0x00,0x00,0x00,0x00,0x00,0x00,0x00,0x00,0x00,0x00,0x00,0x00,
  0x00,0x00,0x00,0x00,0x00,0x00,0x00,0x00,0x00,0x00,0x00,0x00,0x00,0x00,0x00,0x00,0x00,0x00,0x00,0x00,0x00,0x00,0x00,0x00,
  0x00,0x00,0x00,0x00,0x00,0x00,0x00,0x00,0x00,0x00,0x00,0x00,0x00,0x00,0x00,0x00,0x00,0x00,0x00,0x00,0x00,0x00,0x00,0x00,
  0x00,0x00,0x00,0x00,0x00,0x00,0x00,0x00,0x00,0x00,0x00,0x00,0x00,0x00,0x00,0x00,0x00,0x00,0x00,0x00,0x00,0x00,0x00,0x00,
  0x00,0x00,0x00,0x00,0x00,0x00,0x00,0x00,0x00,0x00,0x00,0x00,0x00,0x00,0x00,0x00,0x00,0x00,0x00,0x00,0x00,0x00,0x00,0x00,
  0x00,0x00,0x00,0x00,0x00,0x00,0x00,0x00,0x00,0x00,0x00,0x00,0x00,0x00,0x00,0x00,
};
#define GUI_TXT_CAL_BL_W 214
#define GUI_TXT_CAL_BL_H 32

static const uint8_t gui_txt_cal_br_bits[3424] = {
  0x00,0x00,0x00,0x00,0x00,0x00,0x00,0x00,0x00,0x00,0x00,0x00,0x00,0x00,0x00,0x00,0x00,0x00,0x00,0x00,0x00,0x00,0x00,0x00,
  0x00,0x00,0x00,0x00,0x00,0x00,0x00,0x00,0x00,0x00,0x00,0x00,0x00,0x00,0x00,0x00,0x00,0x00,0x00,0x00,0x00,0x00,0x00,0x00,
  0x00,0x00,0x00,0x00,0x00,0x00,0x00,0x00,0x00,0x00,0x00,0x00,0x00,0x00,0x00,0x00,0x00,0x00,0x00,0x00,0x00,0x00,0x00,0x00,
  0x00,0x00,0x00,0x00,0x00,0x00,0x00,0x00,0x00,0x00,0x00,0x00,0x00,0x00,0x00,0x00,0x00,0x00,0x00,0x00,0x00,0x00,0x00,0x00,
  0x00,0x00,0x00,0x00,0x00,0x00,0x00,0x00,0x00,0x00,0x00,0x00,0x00,0x00,0x00,0x00,0x00,0x00,0x00,0x00,0x00,0x00,0x00,0x00,
  0x00,0x00,0x00,0x00,0x00,0x00,0x00,0x00,0x00,0x00,0x00,0x00,0x00,0x00,0x00,0x00,0x00,0x00,0x00,0x00,0x00,0x00,0x00,0x00,
  0x00,0x00,0x00,0x00,0x00,0x00,0x00,0x00,0x00,0x00,0x00,0x00,0x00,0x00,0x00,0x00,0x00,0x00,0x00,0x00,0x00,0x00,0x00,0x00,
  0x00,0x00,0x00,0x00,0x00,0x00,0x00,0x00,0x00,0x00,0x00,0x00,0x00,0x00,0x00,0x00,0x00,0x00,0x00,0x00,0x00,0x00,0x00,0x00,
  0x00,0x00,0x00,0x00,0x00,0x00,0x00,0x00,0x00,0x00,0x00,0x00,0x00,0x00,0x00,0x00,0x00,0x00,0x00,0x00,0x00,0x00,0x00,0x00,
  0x00,0x00,0x00,0x00,0x00,0x00,0x00,0x00,0x00,0x00,0x00,0x00,0x00,0x00,0x00,0x00,0x00,0x00,0x00,0x00,0x00,0x00,0x00,0x00,
  0x00,0x00,0x00,0x00,0x00,0x00,0x00,0x00,0x00,0x00,0x00,0x00,0x00,0x00,0x00,0x00,0x00,0x00,0x00,0x00,0x00,0x00,0x00,0x00,
  0x00,0x00,0x00,0x00,0x00,0x00,0x00,0x00,0x00,0x00,0x00,0x01,0x00,0x00,0x00,0x00,0x00,0x00,0x00,0x00,0x00,0x00,0x00,0x00,
  0x00,0x00,0x00,0x00,0x00,0x00,0x00,0x00,0x00,0x00,0x00,0x00,0x00,0x00,0x00,0x00,0x00,0x00,0x00,0x00,0x00,0x00,0x00,0x00,
  0x00,0x00,0x00,0x00,0x00,0x00,0x00,0x00,0x00,0x00,0x00,0x00,0x00,0x00,0x00,0x00,0x69,0x50,0x00,0x00,0x00,0x00,0x00,0x00,
  0x00,0x00,0x00,0x00,0x00,0x00,0x09,0x91,0x00,0x00,0x00,0x00,0x00,0x00,0x00,0x00,0x00,0x00,0x00,0x03,0x75,0x00,0x00,0x00,
  0x00,0x00,0x00,0x00,0x00,0x00,0x00,0x00,0x00,0x00,0x00,0x00,0x00,0x00,0x00,0x00,0x00,0x00,0x00,0x00,0x00,0x00,0x4f,0xd4,
  0x00,0x00,0x00,0x00,0x00,0x00,0x00,0x00,0x00,0x00,0x00,0x00,0x00,0x00,0x00,0x00,0x00,0x00,0x00,0x00,0x00,0x00,0x00,0x00,
  0x00,0x00,0x00,0x00,0x00,0x00,0x00,0x00,0x00,0x00,0x00,0x00,0x00,0x00,0x00,0x00,0x00,0x00,0x00,0x00,0x00,0x00,0x00,0x00,
  0x00,0x00,0x00,0x9f,0x80,0x00,0x00,0x00,0x00,0x00,0x00,0x00,0x00,0x00,0x00,0x00,0x00,0x0e,0xf3,0x00,0x00,0x00,0x00,0x00,
  0x00,0x00,0x00,0x00,0x00,0x00,0x08,0xfc,0x00,0x00,0x00,0x00,0x00,0x00,0x00,0x00,0x11,0x11,0x11,0x11,0x11,0x11,0x11,0x11,
  0x11,0x11,0x11,0x11,0x00,0x00,0x00,0x00,0x01,0xef,0xc0,0x00,0x00,0x00,0x00,0x00,0x00,0x00,0x00,0x00,0x00,0x00,0x00,0x00,
  0x00,0x00,0x00,0x00,0x00,0x00,0x00,0x00,0x00,0x00,0x00,0x00,0x00,0x00,0x00,0x00,0x00,0x00,0x00,0x00,0x00,0x00,0x00,0x00,
  0x00,0x00,0x00,0x00,0x00,0x00,0x00,0x00,0x00,0x00,0x00,0x00,0x00,0x00,0x9f,0x80,0x00,0x00,0x00,0x00,0x00,0x00,0x00,0x00,
  0x00,0x00,0x00,0x00,0x0e,0xf3,0x00,0x00,0x00,0x00,0x00,0x00,0x00,0x00,0x00,0x00,0x00,0x0b,0xf9,0x00,0x00,0x00,0x00,0x00,
  0x00,0x00,0x00,0xff,0xff,0xff,0xff,0xff,0xff,0xff,0xff,0xff,0xff,0xff,0xff,0x20,0x00,0x00,0x00,0x1c,0xff,0xdb,0xbb,0xbb,
  0xbb,0xba,0x00,0x00,0x00,0x00,0x00,0x00,0x00,0x00,0x00,0x00,0x00,0x00,0x00,0x00,0x00,0x00,0x00,0x00,0x00,0x00,0x00,0x00,
  0x00,0x00,0x00,0x00,0x00,0x00,0x00,0x00,0x00,0x00,0x00,0x00,0x00,0x00,0x00,0x00,0x00,0x00,0x00,0x00,0x00,0x00,0x00,0x00,
  0x00,0x9f,0xca,0xaa,0xaa,0xaa,0xaa,0xa2,0x00,0x00,0x00,0x00,0x00,0x00,0x00,0x0e,0xf3,0x00,0x00,0x00,0x00,0x00,0x00,0x00,
  0x00,0x00,0x00,0x00,0x0e,0xf5,0x00,0x00,0x00,0x00,0x00,0x00,0x00,0x00,0xee,0xee,0xee,0xee,0xee,0xff,0xee,0xee,0xee,0xee,
  0xee,0xee,0x20,0x00,0x00,0x01,0xcf,0xff,0xff,0xff,0xff,0xff,0xfd,0x00,0x00,0x00,0x00,0x00,0x00,0x00,0x00,0x00,0x00,0x00,
  0x00,0x00,0x2e,0xf4,0x00,0x00,0x00,0x00,0x0d,0xfe,0x00,0x00,0x00,0x00,0x00,0x7f,0xe0,0x00,0x00,0x00,0x00,0xdf,0xe0,0x00,
  0x0c,0xf8,0x00,0x00,0x00,0x00,0x00,0x00,0x00,0x00,0x00,0x00,0x9f,0xff,0xff,0xff,0xff,0xff,0xf4,0x00,0x00,0x00,0x88,0x88,
  0x88,0x88,0x8e,0xfa,0x88,0x88,0x88,0x88,0x50,0x00,0x00,0x00,0x00,0x00,0x00,0x5f,0xe1,0x00,0x00,0x00,0x00,0x00,0x00,0x00,
  0x00,0x00,0x00,0x00,0x00,0x00,0xef,0x30,0x00,0x00,0x00,0x00,0x00,0x00,0x00,0x00,0x2c,0xff,0x71,0x11,0x11,0x11,0x9f,0xf6,
  0x00,0x00,0x00,0x00,0x00,0x00,0x00,0x00,0x00,0x00,0x00,0x00,0x00,0xcf,0x90,0x00,0x00,0x00,0x00,0x9f,0xfe,0x00,0x00,0x00,
  0x00,0x00,0xcf,0x80,0x00,0x00,0x00,0x09,0xff,0xe0,0x00,0x03,0xef,0x40,0x00,0x00,0x00,0x00,0x00,0x00,0x00,0x00,0x00,0x9f,
  0xa5,0x55,0x55,0x55,0x55,0x51,0x00,0x00,0x00,0xef,0xff,0xff,0xff,0xff,0xff,0xff,0xff,0xff,0xff,0x90,0x00,0x02,0xff,0xff,
  0xff,0xff,0xff,0xff,0xff,0xff,0xff,0xff,0xff,0xff,0x20,0x00,0x00,0x00,0x00,0x00,0x00,0xef,0x30,0x00,0x00,0x00,0x00,0x00,
  0x00,0x00,0x04,0xef,0xe7,0x00,0x00,0x00,0x06,0xff,0x80,0x00,0x00,0x00,0x00,0x00,0x00,0x00,0x00,0x00,0x00,0x00,0x00,0x07,
  0xfe,0x10,0x00,0x00,0x00,0x04,0xfd,0xfe,0x00,0x00,0x00,0x00,0x03,0xff,0x30,0x00,0x00,0x00,0x4f,0xdf,0xe0,0x00,0x00,0x9f,
  0xd0,0x00,0x00,0x00,0x00,0x00,0x00,0x00,0x00,0x00,0x9f,0x80,0x00,0x00,0x00,0x00,0x00,0x00,0x00,0x00,0x67,0x77,0x77,0x77,
  0x7e,0xf8,0x77,0x77,0x77,0x77,0x40,0x00,0x02,0xff,0xff,0xff,0xff,0xff,0xff,0xff,0xff,0xff,0xff,0xff,0xff,0x20,0x00,0x00,
  0x00,0x00,0x00,0x00,0xef,0x30,0x00,0x00,0x00,0x00,0x00,0x00,0x01,0x9f,0xff,0xc7,0x77,0x77,0x77,0x9f,0xfd,0x77,0x77,0x77,
  0x70,0x00,0x00,0x00,0x00,0x00,0x00,0x00,0x00,0x00,0x0e,0xf8,0x00,0x00,0x00,0x00,0x0d,0xf8,0xfe,0x00,0x00,0x00,0x00,0x08,
  0xfc,0x00,0x00,0x00,0x00,0xdf,0x8f,0xe0,0x00,0x00,0x2f,0xf6,0x00,0x00,0x00,0x00,0x00,0x00,0x00,0x00,0x00,0x9f,0x80,0x00,
  0x00,0x00,0x00,0x00,0x00,0x00,0x00,0x00,0x00,0x00,0x00,0x0e,0xf3,0x00,0x00,0x00,0x00,0x00,0x00,0x00,0x00,0x00,0x00,0x09,
  0xfd,0x00,0x00,0x00,0x00,0x00,0x00,0x00,0x00,0x00,0x00,0x00,0x00,0x00,0x00,0xef,0x30,0x00,0x00,0x00,0x00,0x00,0x00,0x0c,
  0xff,0xdf,0xff,0xff,0xff,0xff,0xff,0xff,0xff,0xff,0xff,0xe0,0x00,0x00,0x00,0x00,0x00,0x00,0x00,0x00,0x00,0x6f,0xf2,0x00,
  0x00,0x00,0x00,0x8f,0xa5,0xfe,0x00,0x00,0x00,0x00,0x0d,0xf7,0x00,0x00,0x00,0x08,0xfa,0x5f,0xe0,0x00,0x00,0x0b,0xfd,0x00,
  0x00,0x00,0x00,0x00,0x00,0x00,0x00,0x00,0x9f,0x80,0x00,0x00,0x00,0x00,0x00,0x00,0x00,0x00,0x00,0x00,0x00,0x00,0x0e,0xf3,
  0x00,0x00,0x00,0x00,0x00,0x00,0x00,0x00,0x00,0x00,0x3e,0xf6,0x00,0x00,0x00,0x00,0x00,0x00,0x00,0x00,0x00,0x00,0x00,0x00,
  0x00,0x00,0xef,0x30,0x00,0x00,0x00,0x00,0x00,0x00,0x02,0xd6,0x4f,0xf8,0x88,0x88,0x8c,0xfc,0x88,0x88,0x88,0xaf,0xe0,0x00,
  0x00,0x00,0x00,0x00,0x00,0x00,0x00,0x00,0xcf,0xb0,0x00,0x00,0x00,0x03,0xee,0x25,0xfe,0x00,0x00,0x00,0x00,0x4f,0xe1,0x00,
  0x00,0x00,0x3e,0xe2,0x5f,0xe0,0x00,0x00,0x05,0xff,0x30,0x00,0x00,0x00,0x00,0xbf,0xff,0xff,0xff,0xff,0xff,0xff,0xff,0xff,
  0xf9,0x00,0x00,0x00,0x00,0x00,0x00,0x00,0x00,0x0e,0xf3,0x00,0x00,0x00,0x00,0x00,0x00,0x00,0x00,0x00,0x00,0xcf,0xd0,0x00,
  0x00,0x00,0x00,0x00,0x00,0x00,0x00,0x00,0x00,0x00,0x00,0x00,0x00,0xef,0x30,0x00,0x00,0x00,0x00,0x00,0x00,0x00,0x00,0x4f,
  0xf0,0x00,0x00,0x08,0xf9,0x00,0x00,0x00,0x3f,0xe0,0x00,0x00,0x00,0x00,0x00,0x00,0x00,0x00,0x01,0xff,0x70,0x00,0x00,0x00,
  0x0c,0xf6,0x06,0xfe,0x00,0x00,0x00,0x00,0xaf,0xb0,0x00,0x00,0x00,0xcf,0x60,0x6f,0xe0,0x00,0x00,0x01,0xef,0x80,0x00,0x00,
  0x00,0x00,0xbf,0xff,0xff,0xff,0xff,0xff,0xff,0xff,0xff,0xf9,0x00,0x00,0x00,0x22,0x22,0x22,0x22,0x22,0x2e,0xf4,0x22,0x22,
  0x22,0x22,0x22,0x00,0x00,0x00,0x00,0x09,0xff,0x50,0x00,0x00,0x00,0x00,0x00,0x00,0x00,0x00,0x00,0x00,0x00,0x00,0x00,0x00,
  0xef,0xb2,0x00,0x00,0x00,0x00,0x00,0x00,0x00,0x00,0x4f,0xf0,0x00,0x00,0x08,0xf9,0x00,0x00,0x00,0x3f,0xe0,0x00,0x00,0x00,
  0x00,0x00,0x00,0x00,0x00,0x04,0xff,0x30,0x00,0x00,0x00,0x8f,0xb0,0x06,0xfe,0x00,0x00,0x00,0x01,0xef,0x50,0x00,0x00,0x08,
  0xfb,0x00,0x6f,0xe0,0x00,0x00,0x00,0xcf,0xc0,0x00,0x00,0x00,0x00,0xbf,0x71,0x11,0x11,0x11,0x11,0x11,0x11,0x18,0xf9,0x00,
  0x00,0x03,0xff,0xff,0xff,0xff,0xff,0xff,0xff,0xff,0xff,0xff,0xff,0xff,0x30,0x00,0x00,0x00,0x7f,0xf9,0x00,0x00,0x00,0x00,
  0x00,0x00,0x00,0x00,0x00,0x00,0x00,0x00,0x00,0x00,0x00,0xef,0xfe,0x70,0x00,0x00,0x00,0x00,0x00,0x00,0x00,0x4f,0xf2,0x22,
  0x22,0x29,0xfa,0x22,0x22,0x22,0x5f,0xe0,0x00,0x00,0x00,0x00,0x00,0x00,0x00,0x00,0x08,0xfe,0x00,0x00,0x00,0x03,0xee,0x20,
  0x06,0xfe,0x00,0x00,0x00,0x06,0xfe,0x00,0x00,0x00,0x3e,0xe2,0x00,0x6f,0xe0,0x00,0x00,0x00,0x8f,0xe0,0x00,0x00,0x00,0x00,
  0xbf,0x60,0x00,0x00,0x00,0x00,0x00,0x00,0x08,0xf9,0x00,0x00,0x03,0xee,0xee,0xee,0xee,0xee,0xef,0xfe,0xee,0xee,0xee,0xee,
  0xee,0x30,0x00,0x00,0x07,0xff,0xd3,0x22,0x22,0x22,0x22,0x22,0x22,0x22,0x00,0x00,0x00,0x00,0x00,0x00,0x00,0x00,0xef,0xdf,
  0xfc,0x30,0x00,0x00,0x00,0x00,0x00,0x00,0x4f,0xff,0xff,0xff,0xff,0xff,0xff,0xff,0xff,0xff,0xe0,0x00,0x00,0x00,0x00,0x00,
  0x00,0x00,0x00,0x0a,0xfd,0x00,0x00,0x00,0x0c,0xf7,0x00,0x06,0xfe,0x00,0x00,0x00,0x0c,0xf9,0x00,0x00,0x00,0xcf,0x70,0x00,
  0x6f,0xe0,0x00,0x00,0x00,0x6f,0xf1,0x00,0x00,0x00,0x00,0xbf,0x60,0x00,0x00,0x00,0x00,0x00,0x00,0x08,0xf9,0x00,0x00,0x00,
  0x00,0x00,0x00,0x00,0x00,0x0e,0xf3,0x00,0x00,0x00,0x00,0x00,0x00,0x00,0x00,0x8f,0xff,0xff,0xff,0xff,0xff,0xff,0xff,0xff,
  0xff,0x00,0x00,0x00,0x00,0x00,0x00,0x00,0x00,0xef,0x37,0xef,0xe7,0x00,0x00,0x00,0x00,0x00,0x00,0x4f,0xfc,0xcc,0xcc,0xcd,
  0xfe,0xcc,0xcc,0xcc,0xcf,0xe0,0x00,0x00,0x00,0x00,0x00,0x00,0x00,0x00,0x0b,0xfc,0x00,0x00,0x00,0x7f,0xc0,0x00,0x06,0xfe,
  0x00,0x00,0x00,0x2f,0xf3,0x00,0x00,0x07,0xfc,0x00,0x00,0x6f,0xe0,0x00,0x00,0x00,0x5f,0xf2,0x00,0x00,0x00,0x00,0xbf,0x60,
  0x00,0x00,0x00,0x00,0x00,0x00,0x08,0xf9,0x00,0x00,0x00,0x00,0x01,0x10,0x00,0x00,0x0e,0xf3,0x00,0x00,0x00,0x11,0x00,0x00,
  0x00,0x1b,0xff,0xcc,0xfe,0xdd,0xdd,0xdd,0xdd,0xdd,0xdd,0xff,0x00,0x00,0x00,0x00,0x00,0x00,0x00,0x00,0xef,0x30,0x3d,0xff,
  0xb2,0x00,0x00,0x00,0x00,0x00,0x5f,0xf0,0x00,0x00,0x08,0xf9,0x00,0x00,0x00,0x3f,0xe0,0x00,0x00,0x00,0x00,0x00,0x00,0x00,
  0x00,0x0c,0xfa,0x00,0x00,0x02,0xee,0x30,0x00,0x06,0xfe,0x00,0x00,0x00,0x8f,0xd0,0x00,0x00,0x2e,0xe3,0x00,0x00,0x6f,0xe0,
  0x00,0x00,0x00,0x4f,0xf3,0x00,0x00,0x00,0x00,0xbf,0x94,0x44,0x44,0x44,0x44,0x44,0x44,0x4a,0xf9,0x00,0x00,0x00,0x00,0x6f,
  0xb0,0x00,0x00,0x0e,0xf3,0x00,0x00,0x01,0xff,0x00,0x00,0x04,0xef,0xfa,0x0b,0xf6,0x00,0x00,0x00,0x00,0x00,0x01,0xff,0x00,
  0x00,0x00,0x00,0x00,0x00,0x00,0x00,0xef,0x30,0x00,0xaf,0xfe,0x40,0x00,0x00,0x00,0x00,0x6f,0xe0,0x00,0x00,0x08,0xf9,0x00,
  0x00,0x00,0x3f,0xe0,0x00,0x00,0x00,0x00,0x00,0x00,0x00,0x00,0x0c,0xfa,0x00,0x00,0x0c,0xf8,0x00,0x00,0x06,0xfe,0x00,0x00,
  0x00,0xdf,0x70,0x00,0x00,0xcf,0x80,0x00,0x00,0x6f,0xe0,0x00,0x00,0x00,0x4f,0xf4,0x00,0x00,0x00,0x00,0xbf,0xff,0xff,0xff,
  0xff,0xff,0xff,0xff,0xff,0xf9,0x00,0x00,0x00,0x00,0x6f,0xb0,0x00,0x00,0x0e,0xf3,0x00,0x00,0x01,0xff,0x00,0x00,0x05,0xfe,
  0x70,0x0b,0xf6,0x00,0x00,0x00,0x00,0x00,0x01,0xff,0x00,0x00,0x00,0x00,0x00,0x00,0x00,0x00,0xef,0x30,0x00,0x07,0xff,0xe1,
  0x00,0x00,0x00,0x00,0x7f,0xd0,0x00,0x00,0x08,0xf9,0x00,0x00,0x00,0x3f,0xe0,0x00,0x00,0x00,0x00,0x00,0x00,0x00,0x00,0x0b,
  0xfc,0x00,0x00,0x6f,0xe4,0x44,0x44,0x49,0xfe,0x44,0x30,0x04,0xff,0x20,0x00,0x06,0xfe,0x44,0x44,0x44,0x9f,0xe4,0x43,0x00,
  0x00,0x5f,0xf3,0x00,0x00,0x00,0x00,0x8b,0xbb,0xbb,0xbb,0xbb,0xbb,0xbb,0xbb,0xbb,0xb7,0x00,0x00,0x00,0x00,0x6f,0xb0,0x00,
  0x00,0x0e,0xf3,0x00,0x00,0x01,0xff,0x00,0x00,0x00,0x83,0x00,0x0b,0xf6,0x00,0x00,0x00,0x00,0x00,0x01,0xff,0x00,0x00,0x00,
  0x00,0x00,0x00,0x00,0x00,0xef,0x30,0x00,0x00,0x5e,0x60,0x00,0x00,0x00,0x00,0xaf,0xed,0xdd,0xdd,0xde,0xfe,0xdd,0xdd,0xdd,
  0xef,0xe0,0x00,0x00,0x00,0x00,0x00,0x00,0x00,0x00,0x0a,0xfd,0x00,0x00,0xaf,0xff,0xff,0xff,0xff,0xff,0xff,0xc0,0x0a,0xfb,
  0x00,0x00,0x0a,0xff,0xff,0xff,0xff,0xff,0xff,0xfc,0x00,0x00,0x6f,0xf1,0x00,0x00,0x00,0x00,0x00,0x00,0x00,0x00,0x00,0x00,
  0x00,0x00,0x00,0x12,0x00,0x00,0x00,0x00,0x6f,0xb0,0x00,0x00,0x0e,0xf3,0x00,0x00,0x01,0xff,0x00,0x00,0x00,0x00,0x00,0x0b,
  0xf6,0x00,0x00,0x00,0x00,0x00,0x01,0xff,0x00,0x00,0x00,0x00,0x00,0x00,0x00,0x00,0xef,0x30,0x00,0x00,0x02,0x00,0x00,0x00,
  0x00,0x00,0xdf,0xff,0xff,0xff,0xff,0xff,0xff,0xff,0xff,0xff,0xe0,0x00,0x00,0x00,0x00,0x00,0x00,0x00,0x00,0x09,0xfe,0x00,
  0x00,0xaf,0xff,0xff,0xff,0xff,0xff,0xff,0xc0,0x1e,0xf5,0x00,0x00,0x0a,0xff,0xff,0xff,0xff,0xff,0xff,0xfc,0x00,0x00,0x8f,
  0xe0,0x00,0x00,0x00,0x00,0x9a,0x20,0x02,0x50,0x00,0x03,0x92,0x00,0x05,0xec,0x00,0x00,0x00,0x00,0x6f,0xb0,0x00,0x00,0x0e,
  0xf3,0x00,0x00,0x01,0xff,0x00,0x00,0x00,0x00,0x00,0x0b,0xf6,0x00,0x00,0x00,0x00,0x00,0x01,0xff,0x00,0x00,0x00,0x00,0x00,
  0x00,0x00,0x00,0xef,0x30,0x00,0x00,0x00,0x00,0x00,0x00,0x00,0x02,0xff,0x70,0x00,0x00,0x08,0xf9,0x00,0x00,0x00,0x4f,0xe0,
  0x00,0x00,0x00,0x00,0x00,0x00,0x00,0x00,0x05,0xff,0x30,0x00,0x00,0x00,0x00,0x00,0x06,0xfe,0x00,0x00,0x6f,0xe0,0x00,0x00,
  0x00,0x00,0x00,0x00,0x00,0x6f,0xe0,0x00,0x00,0x00,0xcf,0xc0,0x00,0x00,0x00,0x03,0xef,0x50,0x3f,0xf5,0x00,0x0c,0xfb,0x00,
  0x03,0xef,0x70,0x00,0x00,0x00,0x6f,0xb0,0x00,0x00,0x0e,0xf3,0x00,0x00,0x01,0xff,0x00,0x00,0x00,0x00,0x00,0x0b,0xf6,0x00,
  0x00,0x00,0x00,0x00,0x01,0xff,0x00,0x00,0x00,0x00,0x00,0x00,0x00,0x00,0xef,0x30,0x00,0x00,0x00,0x00,0x00,0x00,0x00,0x08,
  0xff,0x20,0x00,0x00,0x08,0xf9,0x00,0x00,0x00,0x3f,0xe0,0x00,0x00,0x00,0x00,0x00,0x00,0x00,0x00,0x02,0xff,0x60,0x00,0x00,
  0x00,0x00,0x00,0x06,0xfe,0x00,0x00,0xbf,0x90,0x00,0x00,0x00,0x00,0x00,0x00,0x00,0x6f,0xe0,0x00,0x00,0x00,0xef,0x90,0x00,
  0x00,0x00,0x0b,0xfd,0x00,0x0b,0xfc,0x00,0x04,0xff,0x50,0x00,0x8f,0xe1,0x00,0x00,0x00,0x6f,0xc3,0x33,0x33,0x3e,0xf5,0x33,
  0x33,0x34,0xff,0x00,0x00,0x00,0x00,0x00,0x0b,0xfc,0xbb,0xbb,0xbb,0xbb,0xbb,0xbb,0xff,0x00,0x00,0x00,0x00,0x00,0x00,0x00,
  0x00,0xef,0x30,0x00,0x00,0x00,0x00,0x00,0x00,0x00,0x1e,0xfb,0x00,0x00,0x00,0x08,0xf9,0x00,0x00,0x00,0x3f,0xe0,0x00,0x00,
  0x00,0x00,0x00,0x00,0x00,0x00,0x00,0xdf,0xb0,0x00,0x00,0x00,0x00,0x00,0x06,0xfe,0x00,0x02,0xff,0x40,0x00,0x00,0x00,0x00,
  0x00,0x00,0x00,0x6f,0xe0,0x00,0x00,0x04,0xff,0x40,0x00,0x00,0x00,0x7f,0xf5,0x00,0x04,0xff,0x30,0x00,0xbf,0xc0,0x00,0x0d,
  0xf9,0x00,0x00,0x00,0x6f,0xff,0xff,0xff,0xff,0xff,0xff,0xff,0xff,0xff,0x00,0x00,0x00,0x00,0x00,0x0b,0xff,0xff,0xff,0xff,
  0xff,0xff,0xff,0xff,0x00,0x00,0x00,0x00,0x00,0x00,0x00,0x00,0xef,0x30,0x00,0x00,0x00,0x00,0x00,0x00,0x00,0xaf,0xf4,0x00,
  0x00,0x00,0x08,0xf9,0x00,0x32,0x10,0x5f,0xd0,0x00,0x00,0x00,0x00,0x00,0x00,0x00,0x00,0x00,0x6f,0xe2,0x00,0x00,0x00,0x00,
  0x00,0x06,0xfe,0x00,0x08,0xfd,0x00,0x00,0x00,0x00,0x00,0x00,0x00,0x00,0x6f,0xe0,0x00,0x00,0x0b,0xfd,0x00,0x00,0x00,0x03,
  0xef,0xb0,0x00,0x00,0xef,0x80,0x00,0x5f,0xf5,0x00,0x07,0xfe,0x10,0x00,0x00,0x5d,0xdd,0xdd,0xdd,0xdd,0xdd,0xdd,0xdd,0xdd,
  0xff,0x00,0x00,0x00,0x00,0x00,0x0b,0xf9,0x44,0x44,0x44,0x44,0x44,0x46,0xff,0x00,0x00,0x00,0x00,0x00,0x00,0x00,0x00,0xef,
  0x30,0x00,0x00,0x00,0x00,0x00,0x00,0x06,0xff,0xa0,0x00,0x00,0x00,0x08,0xf9,0x00,0xef,0xff,0xff,0xc0,0x00,0x00,0x00,0x00,
  0x00,0x00,0x00,0x00,0x00,0x0e,0xf8,0x00,0x00,0x00,0x00,0x00,0x00,0x00,0x00,0x00,0x00,0x00,0x00,0x00,0x00,0x00,0x00,0x00,
  0x00,0x00,0x00,0x00,0x00,0x2e,0xf7,0x00,0x00,0x00,0x00,0x9e,0x20,0x00,0x00,0xae,0x80,0x00,0x0b,0x60,0x00,0x01,0xeb,0x20,
  0x00,0x00,0x00,0x00,0x00,0x00,0x00,0x00,0x00,0x00,0x01,0xff,0x00,0x00,0x00,0x00,0x00,0x0b,0xf6,0x00,0x00,0x00,0x00,0x00,
  0x01,0xff,0x00,0x00,0x00,0x00,0x00,0x00,0x00,0x00,0xef,0x30,0x00,0x00,0x00,0x00,0x00,0x00,0x01,0xdc,0x10,0x00,0x00,0x00,
  0x08,0xf9,0x00,0xbf,0xff,0xff,0x70,0x00,0x00,0x00,0x00,0x00,0x00,0x00,0x00,0x00,0x08,0xfe,0x10,0x00,0x00,0x00,0x00,0x00,
  0x00,0x00,0x00,0x00,0x00,0x00,0x00,0x00,0x00,0x00,0x00,0x00,0x00,0x00,0x00,0x00,0x9f,0xd0,0x00,0x00,0x00,0x00,0x02,0x00,
  0x00,0x00,0x10,0x00,0x00,0x00,0x00,0x00,0x00,0x20,0x00,0x00,0x00,0x00,0x00,0x00,0x00,0x00,0x00,0x00,0x00,0x00,0x66,0x00,
  0x00,0x00,0x00,0x00,0x03,0x41,0x00,0x00,0x00,0x00,0x00,0x00,0x44,0x00,0x00,0x00,0x00,0x00,0x00,0x00,0x00,0x77,0x10,0x00,
  0x00,0x00,0x00,0x00,0x00,0x00,0x31,0x00,0x00,0x00,0x00,0x03,0x63,0x00,0x24,0x67,0x75,0x00,0x00,0x00,0x00,0x00,0x00,0x00,
  0x00,0x00,0x00,0x00,0xdf,0x90,0x00,0x00,0x00,0x00,0x00,0x00,0x00,0x00,0x00,0x00,0x00,0x00,0x00,0x00,0x00,0x00,0x00,0x00,
  0x00,0x00,0x03,0xef,0x40,0x00,0x00,0x00,0x00,0x00,0x00,0x00,0x00,0x00,0x00,0x00,0x00,0x00,0x00,0x00,0x00,0x00,0x00,0x00,
  0x00,0x00,0x00,0x00,0x00,0x00,0x00,0x00,0x00,0x00,0x00,0x00,0x00,0x00,0x00,0x00,0x00,0x00,0x00,0x00,0x00,0x00,0x00,0x00,
  0x00,0x00,0x00,0x00,0x00,0x00,0x00,0x00,0x00,0x00,0x00,0x00,0x00,0x00,0x00,0x00,0x00,0x00,0x00,0x00,0x00,0x00,0x00,0x00,
  0x00,0x00,0x00,0x00,0x00,0x00,0x00,0x00,0x00,0x00,0x00,0x00,0x00,0x00,0x00,0x2e,0xf3,0x00,0x00,0x00,0x00,0x00,0x00,0x00,
  0x00,0x00,0x00,0x00,0x00,0x00,0x00,0x00,0x00,0x00,0x00,0x00,0x00,0x0c,0xf8,0x00,0x00,0x00,0x00,0x00,0x00,0x00,0x00,0x00,
  0x00,0x00,0x00,0x00,0x00,0x00,0x00,0x00,0x00,0x00,0x00,0x00,0x00,0x00,0x00,0x00,0x00,0x00,0x00,0x00,0x00,0x00,0x00,0x00,
  0x00,0x00,0x00,0x00,0x00,0x00,0x00,0x00,0x00,0x00,0x00,0x00,0x00,0x00,0x00,0x00,0x00,0x00,0x00,0x00,0x00,0x00,0x00,0x00,
  0x00,0x00,0x00,0x00,0x00,0x00,0x00,0x00,0x00,0x00,0x00,0x00,0x00,0x00,0x00,0x00,0x00,0x00,0x00,0x00,0x00,0x00,0x00,0x00,
  0x00,0x00,0x00,0x00,0x00,0x00,0x00,0x00,0x00,0x00,0x00,0x00,0x00,0x00,0x00,0x00,0x00,0x00,0x00,0x00,0x00,0x00,0x00,0x00,
  0x00,0x00,0x00,0x00,0x00,0x00,0x00,0x00,0x00,0x00,0x00,0x00,0x00,0x00,0x00,0x00,0x00,0x00,0x00,0x00,0x00,0x00,0x00,0x00,
  0x00,0x00,0x00,0x00,0x00,0x00,0x00,0x00,0x00,0x00,0x00,0x00,0x00,0x00,0x00,0x00,0x00,0x00,0x00,0x00,0x00,0x00,0x00,0x00,
  0x00,0x00,0x00,0x00,0x00,0x00,0x00,0x00,0x00,0x00,0x00,0x00,0x00,0x00,0x00,0x00,0x00,0x00,0x00,0x00,0x00,0x00,0x00,0x00,
  0x00,0x00,0x00,0x00,0x00,0x00,0x00,0x00,0x00,0x00,0x00,0x00,0x00,0x00,0x00,0x00,0x00,0x00,0x00,0x00,0x00,0x00,0x00,0x00,
  0x00,0x00,0x00,0x00,0x00,0x00,0x00,0x00,0x00,0x00,0x00,0x00,0x00,0x00,0x00,0x00,
};
#define GUI_TXT_CAL_BR_W 214
#define GUI_TXT_CAL_BR_H 32

static const uint8_t gui_txt_diag_hint_bits[5562] = {
  0x00,0x00,0x00,0x00,0x00,0x00,0x00,0x00,0x00,0x00,0x00,0x00,0x00,0x00,0x00,0x00,0x00,0x00,0x00,0x00,0x00,0x00,0x00,0x00,
  0x00,0x00,0x00,0x00,0x00,0x00,0x00,0x00,0x00,0x00,0x00,0x00,0x00,0x00,0x00,0x00,0x00,0x00,0x00,0x00,0x00,0x00,0x00,0x00,
  0x00,0x00,0x00,0x00,0x00,0x00,0x00,0x00,0x00,0x00,0x00,0x00,0x00,0x00,0x00,0x00,0x00,0x00,0x00,0x00,0x00,0x00,0x00,0x00,
  0x00,0x00,0x00,0x00,0x00,0x00,0x00,0x00,0x00,0x00,0x00,0x00,0x00,0x00,0x00,0x00,0x00,0x00,0x00,0x00,0x00,0x00,0x00,0x00,
  0x00,0x00,0x00,0x00,0x00,0x00,0x00,0x00,0x00,0x00,0x00,0x00,0x00,0x00,0x00,0x00,0x00,0x00,0x00,0x00,0x00,0x00,0x00,0x00,
  0x00,0x00,0x00,0x00,0x00,0x00,0x00,0x00,0x00,0x00,0x00,0x00,0x00,0x00,0x00,0x00,0x00,0x00,0x00,0x00,0x00,0x00,0x00,0x00,
  0x00,0x00,0x00,0x00,0x00,0x00,0x00,0x00,0x00,0x00,0x00,0x00,0x00,0x00,0x00,0x00,0x00,0x00,0x00,0x00,0x00,0x00,0x00,0x00,
  0x00,0x00,0x00,0x00,0x00,0x00,0x00,0x00,0x00,0x00,0x00,0x00,0x00,0x00,0x00,0x00,0x00,0x00,0x00,0x00,0x00,0x00,0x00,0x00,
  0x00,0x00,0x00,0x00,0x00,0x00,0x00,0x00,0x00,0x00,0x00,0x00,0x00,0x00,0x00,0x00,0x00,0x00,0x00,0x00,0x00,0x00,0x00,0x00,
  0x00,0x00,0x00,0x00,0x00,0x00,0x00,0x00,0x00,0x00,0x00,0x00,0x00,0x00,0x00,0x00,0x00,0x00,0x00,0x00,0x00,0x00,0x00,0x00,
  0x00,0x00,0x00,0x00,0x00,0x00,0x00,0x00,0x00,0x00,0x00,0x00,0x00,0x00,0x00,0x00,0x00,0x00,0x00,0x00,0x00,0x00,0x00,0x00,
  0x00,0x00,0x00,0x00,0x00,0x00,0x00,0x00,0x00,0x00,0x00,0x00,0x00,0x00,0x00,0x00,0x00,0x00,0x00,0x00,0x00,0x00,0x00,0x00,
  0x00,0x00,0x00,0x00,0x00,0x00,0x00,0x00,0x00,0x00,0x00,0x00,0x00,0x00,0x00,0x00,0x00,0x00,0x00,0x00,0x00,0x00,0x00,0x00,
  0x00,0x00,0x00,0x00,0x00,0x00,0x00,0x00,0x00,0x00,0x00,0x00,0x00,0x00,0x00,0x00,0x00,0x00,0x00,0x00,0x00,0x00,0x00,0x00,
  0x00,0x00,0x00,0x00,0x00,0x00,0x00,0x00,0x00,0x00,0x00,0x00,0x00,0x00,0x00,0x00,0x00,0x00,0x00,0x00,0x00,0x00,0x00,0x00,
  0x00,0x00,0x00,0x00,0x00,0x00,0x00,0x00,0x00,0x00,0x00,0x00,0x00,0x00,0x00,0x00,0x00,0x00,0x00,0x00,0x00,0x00,0x00,0x00,
  0x00,0x00,0x00,0x00,0x00,0x00,0x00,0x00,0x00,0x00,0x00,0x00,0x00,0x00,0x00,0x00,0x00,0x00,0x00,0x00,0x00,0x00,0x00,0x00,
  0x00,0x00,0x00,0x00,0x00,0x00,0x00,0x20,0x00,0x00,0x00,0x00,0x65,0x00,0x00,0x00,0x00,0x00,0x00,0x46,0x00,0x00,0x00,0x45,
  0x00,0x02,0x61,0x00,0x00,0x00,0x00,0x00,0x00,0x03,0x30,0x00,0x00,0x00,0x00,0x00,0x00,0x00,0x00,0x00,0x00,0x00,0x00,0x00,
  0x00,0x00,0x00,0x00,0x00,0x00,0x00,0x13,0x00,0x00,0x00,0x00,0x00,0x01,0x10,0x00,0x00,0x00,0x00,0x00,0x00,0x03,0x30,0x00,
  0x00,0x00,0x00,0x00,0x00,0x00,0x00,0x00,0x00,0x00,0x00,0x00,0x00,0x00,0x00,0x00,0x00,0x00,0x00,0x00,0x00,0x00,0x00,0x00,
  0x16,0x40,0x00,0x00,0x00,0x00,0x00,0x00,0x00,0x00,0x00,0x00,0x00,0x00,0x25,0x20,0x00,0x00,0x00,0x16,0x30,0x00,0x16,0x30,
  0x00,0x00,0x00,0x00,0x00,0x00,0x00,0x00,0x00,0x00,0x00,0x00,0x00,0x00,0x00,0x00,0x00,0x00,0x00,0x00,0x00,0x00,0x00,0x00,
  0x00,0x00,0x00,0x00,0x00,0x00,0x00,0x00,0x04,0x00,0x00,0x00,0x00,0x41,0x00,0x00,0x00,0x00,0x00,0x00,0x26,0x20,0x00,0x00,
  0x05,0x20,0x00,0x00,0x00,0x00,0x00,0x00,0x00,0x00,0x01,0x30,0x00,0x00,0x00,0x00,0x00,0x00,0x00,0x00,0x00,0x00,0x00,0x00,
  0x00,0x00,0x00,0x00,0x00,0x00,0x00,0x00,0x05,0x60,0x00,0x00,0x05,0x50,0x00,0x00,0x00,0x00,0x00,0x00,0x09,0xf4,0x00,0x00,
  0x00,0x00,0xfc,0x00,0x00,0x00,0x00,0x00,0x00,0xbf,0x00,0x00,0x00,0xce,0x00,0x07,0xf4,0x00,0x00,0x00,0x00,0x00,0x00,0x0c,
  0xf8,0x00,0x00,0x00,0x00,0x00,0x00,0x00,0x00,0x00,0x00,0x00,0x00,0x00,0x00,0x00,0x00,0x00,0x00,0x00,0x00,0x6f,0x70,0x00,
  0x0a,0xe0,0x00,0x1f,0x80,0x00,0x00,0x00,0x00,0x00,0x00,0x0c,0xf8,0x00,0x00,0x00,0x00,0x00,0x00,0x00,0x5e,0x70,0x00,0x08,
  0x88,0x88,0x88,0x88,0x88,0x00,0x00,0x00,0x00,0x00,0x00,0x00,0x00,0x00,0x2f,0xa0,0x00,0x00,0x00,0x00,0x00,0x00,0x00,0x00,
  0x00,0x24,0x69,0xbe,0xff,0xc0,0x00,0x00,0x00,0x4f,0x80,0x00,0x4f,0x80,0x00,0x00,0x04,0x70,0x00,0x00,0x00,0x00,0x00,0x00,
  0x00,0x00,0x00,0x00,0x00,0x00,0x00,0x0b,0xff,0xff,0xff,0xff,0xff,0xff,0xff,0xff,0xff,0xff,0xa0,0x00,0x00,0x00,0xaf,0x60,
  0x00,0x00,0x04,0xfd,0x00,0x00,0x00,0x00,0x11,0x11,0x6f,0x61,0x11,0x10,0x1f,0xa0,0x00,0x00,0x00,0x00,0x00,0x00,0x00,0x00,
  0x0b,0xf8,0x00,0x00,0x00,0x00,0x00,0x00,0x0a,0xcc,0xcc,0xcc,0xcc,0xcc,0xcc,0xcc,0xcc,0xcc,0x00,0x02,0x44,0x44,0x4e,0xf4,
  0x44,0x44,0x4e,0xe4,0x44,0x44,0x20,0x00,0x00,0x00,0x05,0xfd,0x10,0xbf,0xff,0xff,0xff,0xff,0xff,0xff,0x10,0x00,0x00,0xbf,
  0x00,0x02,0x55,0xde,0x55,0x59,0xf8,0x54,0x00,0x00,0x00,0x00,0x00,0x4f,0xe1,0x00,0x00,0x00,0x00,0x00,0x00,0x00,0x00,0x00,
  0x00,0x00,0x00,0x00,0x00,0x00,0x00,0x00,0x00,0x00,0x00,0xbf,0x30,0x00,0x0b,0xf0,0x00,0x1f,0x80,0x00,0x00,0x00,0x00,0x00,
  0x00,0x4f,0xe1,0x00,0x00,0x00,0x00,0x00,0x00,0x00,0x5e,0xfc,0x10,0x0f,0xff,0xff,0xff,0xff,0xfe,0x00,0x00,0x00,0x9a,0xaa,
  0xaa,0xaa,0x10,0x00,0x2f,0xa0,0x00,0x00,0x00,0x00,0x58,0x89,0x9a,0xbd,0xef,0xff,0xff,0xfe,0xb8,0x40,0x00,0x00,0x00,0x4f,
  0x80,0x00,0x4f,0x80,0x03,0x6b,0xef,0xf7,0x00,0x00,0x00,0x00,0x00,0x00,0x00,0x00,0x00,0x00,0x00,0x00,0x00,0x04,0x55,0x55,
  0x55,0xdd,0x55,0x55,0xdd,0x55,0x55,0x55,0x30,0x00,0x00,0x00,0x3e,0xe3,0x00,0x00,0x1d,0xe4,0x00,0x00,0x00,0x01,0xff,0xff,
  0xff,0xff,0xff,0xf0,0x6f,0x72,0x22,0x22,0x00,0x00,0x00,0x00,0x00,0x00,0x6f,0xfa,0x00,0x00,0x00,0x00,0x00,0x00,0x0c,0xfb,
  0xbb,0xbb,0xbb,0xbb,0xbb,0xbb,0xbb,0xef,0x00,0x07,0xff,0xff,0xff,0xff,0xff,0xff,0xff,0xff,0xff,0xff,0x80,0x00,0x00,0x00,
  0x00,0xaf,0x80,0x68,0x88,0x89,0xfe,0x88,0x88,0x88,0x10,0x00,0x00,0xbf,0x00,0x06,0xff,0xff,0xff,0xff,0xff,0xfe,0x00,0x00,
  0x01,0x11,0x11,0xcf,0x81,0x11,0x11,0x11,0x11,0x10,0x00,0x00,0x00,0x00,0x00,0x00,0x00,0x00,0x00,0x00,0x00,0x00,0x00,0x00,
  0x02,0xfc,0x00,0x00,0x0b,0xf0,0x00,0x1f,0x80,0x00,0x00,0x00,0x01,0x11,0x11,0xcf,0x81,0x11,0x11,0x11,0x11,0x10,0x00,0x00,
  0x02,0xcf,0xc0,0x0f,0xd0,0x00,0x00,0x00,0xce,0x00,0x00,0x00,0xce,0xee,0xee,0xee,0x10,0x00,0x2f,0xa0,0x00,0x00,0x00,0x00,
  0x6f,0xff,0xff,0xff,0xee,0xf9,0x63,0x10,0x00,0x00,0x00,0x00,0x00,0x4f,0x80,0x00,0x4f,0xca,0xef,0xff,0xd9,0x40,0x00,0x00,
  0x00,0x00,0x00,0x00,0x00,0x00,0x00,0x00,0x00,0x00,0x00,0x00,0x3a,0xaa,0xaa,0xee,0xaa,0xaa,0xee,0xaa,0xaa,0xa2,0x00,0x00,
  0x36,0x66,0x6b,0xfc,0x66,0x66,0xaf,0xb6,0x66,0x62,0x00,0x00,0x44,0x44,0x8f,0x84,0x44,0x40,0xcf,0xff,0xff,0xff,0x30,0x00,
  0x00,0x00,0x00,0x02,0xef,0xdf,0x60,0x00,0x00,0x00,0x00,0x00,0x0c,0xf0,0x00,0x00,0x00,0x00,0x00,0x00,0x00,0xcf,0x00,0x02,
  0x44,0x44,0x4e,0xf4,0x44,0x44,0x4e,0xe4,0x44,0x44,0x20,0x00,0x00,0x00,0x00,0x2f,0xc0,0x00,0x00,0x00,0xfc,0x00,0x00,0x00,
  0x00,0x00,0x11,0xcf,0x11,0x01,0x33,0xce,0x33,0x39,0xf7,0x33,0x00,0x00,0x5f,0xff,0xff,0xff,0xff,0xff,0xff,0xff,0xff,0xf5,
  0x00,0x00,0x00,0x00,0x00,0x00,0x00,0x00,0x00,0x00,0x00,0x00,0x00,0x00,0x08,0xf6,0x04,0x20,0x0b,0xf0,0x00,0x1f,0x80,0x00,
  0x00,0x00,0x5f,0xff,0xff,0xff,0xff,0xff,0xff,0xff,0xff,0xf5,0x00,0x00,0x00,0x0a,0x50,0x0f,0xe8,0x88,0x83,0x00,0xce,0x00,
  0x00,0x00,0x00,0x00,0x00,0x00,0x00,0x44,0x6f,0xb4,0x44,0x44,0x00,0x00,0x16,0x54,0x32,0x10,0x09,0xf3,0x00,0x00,0x00,0x00,
  0x00,0x05,0x77,0x9f,0xb7,0x73,0x4f,0xfe,0xb8,0x52,0x00,0x35,0x10,0x00,0x00,0x00,0x00,0x00,0x00,0x00,0x00,0x00,0x00,0x00,
  0x00,0x00,0x5f,0xb9,0x99,0xee,0x99,0x99,0xee,0x99,0x9c,0xf4,0x00,0x00,0x8f,0xff,0xff,0xff,0xff,0xff,0xff,0xff,0xff,0xf5,
  0x00,0x00,0x25,0x55,0x8f,0x85,0x55,0x15,0xfa,0x66,0x6d,0xd6,0x10,0x00,0x00,0x00,0x00,0x1d,0xf8,0x3e,0xe2,0x00,0x00,0x00,
  0x00,0x00,0x0c,0xf2,0x11,0x11,0x11,0x11,0x11,0x11,0x11,0xcf,0x00,0x00,0x00,0x27,0x7f,0xf7,0x77,0x77,0x7f,0xf7,0x72,0x00,
  0x00,0x00,0x00,0x00,0x00,0x04,0x00,0x0b,0xdd,0xdd,0xfe,0xdd,0xdd,0xd5,0x00,0x04,0xff,0xff,0xff,0x60,0x00,0xce,0x00,0x07,
  0xf4,0x00,0x00,0x00,0x5f,0xc9,0x99,0x99,0x99,0x99,0x99,0x99,0x9c,0xf5,0x00,0x00,0x00,0x00,0x00,0x00,0x00,0x00,0x00,0x00,
  0x00,0x00,0x00,0x00,0x1e,0xd0,0x1e,0xe0,0x0b,0xf0,0x00,0x1f,0x80,0x00,0x00,0x00,0x5f,0xc9,0x99,0x99,0x99,0x99,0x99,0x99,
  0x9c,0xf5,0x00,0x00,0x00,0x00,0x00,0x0f,0xee,0xee,0xf5,0x00,0xce,0x00,0x00,0x00,0x00,0x00,0x00,0x00,0x01,0xff,0xff,0xff,
  0xff,0xff,0x30,0x00,0x00,0x00,0x00,0x00,0x09,0xf3,0x00,0x00,0x00,0x00,0x00,0x0b,0xff,0xff,0xff,0xf7,0x4f,0x90,0x00,0x00,
  0x00,0x7f,0x60,0x00,0x00,0x00,0x00,0x00,0x00,0x00,0x00,0x00,0x00,0x00,0x00,0x00,0x5f,0x95,0x55,0xdd,0x55,0x55,0xdd,0x55,
  0x5a,0xf4,0x00,0x00,0x35,0x55,0x55,0x55,0x5f,0xe5,0x55,0x55,0x55,0x52,0x00,0x00,0x7f,0xff,0xff,0xff,0xff,0x3d,0xf8,0x00,
  0x1f,0xa0,0x00,0x00,0x00,0x00,0x00,0xbf,0xb0,0x07,0xfd,0x20,0x00,0x00,0x00,0x00,0x0c,0xff,0xff,0xff,0xff,0xff,0xff,0xff,
  0xff,0xff,0x00,0x00,0x00,0x4f,0xff,0xff,0xff,0xff,0xff,0xff,0xf4,0x00,0x00,0x00,0x00,0x00,0x00,0x00,0x00,0x08,0xaa,0xaa,
  0xfe,0xaa,0xaa,0xa3,0x00,0x03,0xaa,0xff,0xaa,0x78,0x88,0xde,0x88,0x8b,0xfa,0x88,0x60,0x00,0x5f,0x80,0x00,0x00,0x00,0x00,
  0x00,0x00,0x08,0xf5,0x00,0x00,0x00,0x00,0x00,0x00,0x00,0x00,0x00,0x00,0x00,0x00,0x00,0x00,0x9f,0x50,0x8f,0x70,0x0b,0xf0,
  0x00,0x1f,0x80,0x00,0x00,0x00,0x5f,0x80,0x00,0x00,0x00,0x00,0x00,0x00,0x08,0xf5,0x00,0x00,0x30,0x00,0x00,0x0f,0xd0,0x04,
  0xf5,0x00,0xce,0x00,0x00,0x00,0x00,0x00,0x00,0x00,0x00,0x77,0x9f,0xc7,0x77,0xbf,0x20,0x00,0x00,0x00,0x00,0x00,0x09,0xf3,
  0x00,0x00,0x00,0x00,0x00,0x03,0x44,0x7f,0xa4,0x42,0x4f,0x80,0x00,0x00,0x00,0xcf,0x30,0x00,0x00,0x00,0x00,0x00,0x00,0x00,
  0x00,0x00,0x00,0x00,0x00,0x00,0x5f,0xff,0xff,0xff,0xff,0xff,0xff,0xff,0xff,0xf4,0x00,0x00,0x00,0x00,0x00,0x00,0x0f,0xe0,
  0x00,0x00,0x00,0x00,0x00,0x00,0x7f,0x30,0x5f,0x50,0x7f,0x9f,0xee,0x20,0x6f,0x60,0x00,0x00,0x00,0x00,0x0b,0xfc,0x10,0x00,
  0xaf,0xd2,0x00,0x00,0x00,0x00,0x0c,0xf9,0x88,0x88,0x88,0x88,0x88,0x88,0x88,0x88,0x00,0x00,0x00,0x4f,0x81,0x11,0x11,0x11,
  0x11,0x18,0xf4,0x00,0x00,0x00,0x00,0x05,0x77,0x77,0x00,0x00,0x00,0x00,0xfc,0x00,0x00,0x00,0x00,0x00,0x01,0xff,0x00,0x4f,
  0xff,0xff,0xff,0xff,0xff,0xff,0xa0,0x00,0x5f,0x80,0x00,0x00,0x00,0x00,0x00,0x00,0x08,0xf5,0x00,0x00,0x00,0x00,0x00,0x00,
  0x00,0x00,0x00,0x00,0x00,0x00,0x00,0x03,0xfd,0x68,0xee,0x10,0x0b,0xf0,0x00,0x1f,0x80,0x00,0x00,0x00,0x5f,0x80,0x00,0x00,
  0x00,0x00,0x00,0x00,0x08,0xf5,0x00,0x06,0xfb,0x20,0x09,0x9f,0xe9,0x9b,0xfb,0x99,0xee,0x99,0x10,0x02,0x44,0x44,0x44,0x44,
  0x30,0x00,0x3f,0x90,0x00,0x8f,0x20,0x00,0x18,0x88,0x88,0x88,0x8c,0xf9,0x88,0x88,0x88,0x81,0x00,0x00,0x00,0x4f,0x80,0x00,
  0x4f,0xd8,0x88,0x89,0xad,0xfd,0x00,0x00,0x00,0x00,0x00,0x00,0x00,0x00,0x00,0x00,0x00,0x00,0x00,0x00,0x00,0x03,0x40,0x00,
  0xaf,0x60,0x00,0x00,0x00,0x00,0x00,0x00,0x07,0x99,0x99,0x99,0xaf,0xe9,0x99,0x99,0x99,0x60,0x00,0x00,0x7f,0x52,0x7f,0x72,
  0x8f,0x39,0x1e,0xc2,0xee,0x10,0x00,0x00,0x00,0x02,0xcf,0xc1,0x00,0x00,0x0a,0xfe,0x60,0x00,0x00,0x00,0x0c,0xf0,0x00,0x07,
  0x50,0x00,0x00,0x06,0x82,0x00,0x00,0x00,0x00,0x4f,0xdb,0xbb,0xbb,0xbb,0xbb,0xbd,0xf4,0x00,0x00,0x00,0x00,0x0b,0xff,0xff,
  0x17,0xcc,0xcc,0xcc,0xfe,0xcc,0xcc,0xcc,0x90,0x00,0x04,0xff,0x50,0x00,0x00,0x00,0x2f,0x70,0x00,0x00,0x00,0x00,0x5f,0x80,
  0x02,0x33,0x33,0x33,0x33,0x20,0x08,0xf5,0x00,0x00,0x00,0x00,0x00,0x00,0x00,0x00,0x00,0x00,0x00,0x00,0x00,0x03,0xff,0xee,
  0xf6,0x00,0x0c,0xf0,0x00,0x2f,0x80,0x00,0x00,0x00,0x5f,0x80,0x02,0x33,0x33,0x33,0x33,0x20,0x08,0xf5,0x00,0x02,0xbf,0xe5,
  0x0f,0xff,0xff,0xff,0xff,0xff,0xff,0xff,0x10,0x08,0xff,0xff,0xff,0xff,0xd0,0x00,0x4f,0x90,0x00,0x8f,0x20,0x00,0x2f,0xff,
  0xff,0xff,0xff,0xff,0xff,0xff,0xff,0xf2,0x00,0x00,0x00,0x4f,0x80,0x00,0x0c,0xff,0xff,0xff,0xfe,0xa2,0x00,0x00,0x00,0x00,
  0x00,0x00,0x00,0x00,0x00,0x00,0x00,0x00,0x00,0x00,0x00,0x2d,0xd1,0x02,0xef,0xcc,0xcc,0xcc,0xcc,0xcb,0x00,0x00,0x0a,0xff,
  0xff,0xff,0xff,0xff,0xff,0xff,0xff,0x90,0x00,0x00,0x7f,0xff,0xff,0xff,0xff,0x20,0x04,0xee,0xf7,0x00,0x00,0x00,0x00,0x4e,
  0xfc,0x10,0x06,0x60,0x00,0xaf,0xfb,0x20,0x00,0x00,0x0c,0xf0,0x00,0x2e,0xe3,0x00,0x00,0x0e,0xe2,0x00,0x00,0x00,0x00,0x4f,
  0xc9,0x99,0x99,0x99,0x99,0x9c,0xf4,0x00,0x00,0x00,0x00,0x02,0x33,0xbf,0x16,0xbb,0xbb,0xbb,0xbb,0xbb,0xbb,0xbb,0x90,0x00,
  0x08,0xff,0xe1,0x01,0x77,0x77,0x8f,0xb7,0x77,0x73,0x00,0x00,0x5f,0x80,0x0a,0xff,0xff,0xff,0xff,0x80,0x08,0xf5,0x00,0x00,
  0x00,0x00,0x00,0x00,0x00,0x00,0x00,0x00,0x00,0x00,0x00,0x00,0x42,0x3e,0xd0,0x00,0x0d,0xf1,0x00,0x2f,0x80,0x00,0x00,0x00,
  0x5f,0x80,0x0a,0xff,0xff,0xff,0xff,0x80,0x08,0xf5,0x00,0x00,0x08,0xf6,0x0f,0x90,0x00,0x00,0x00,0x00,0x00,0x8f,0x10,0x04,
  0x77,0xaf,0xc7,0x77,0x60,0x00,0x5f,0x80,0x00,0x8f,0x20,0x00,0x04,0x44,0x44,0x44,0x4b,0xf6,0x44,0x44,0x44,0x40,0x00,0x00,
  0x00,0x4f,0x80,0x00,0x00,0x13,0x33,0x22,0x00,0x00,0x00,0x00,0x00,0x00,0x00,0x00,0x00,0x00,0x00,0x00,0x00,0x00,0x00,0x00,
  0x02,0xde,0x30,0x1c,0xf7,0x66,0x66,0x66,0x66,0x65,0x00,0x00,0x01,0x11,0x11,0x11,0x2f,0xe1,0x11,0x11,0x11,0x10,0x00,0x00,
  0x13,0x5e,0xef,0xf9,0x33,0x00,0x00,0xbf,0xe2,0x00,0x00,0x00,0x09,0xff,0x90,0x00,0x0e,0xe0,0x00,0x06,0xef,0xfa,0x40,0x00,
  0x0c,0xf0,0x00,0x05,0xfc,0x00,0x00,0x7f,0x90,0x00,0x00,0x00,0x00,0x4f,0x83,0x33,0x33,0x33,0x33,0x38,0xf4,0x00,0x00,0x00,
  0x00,0x00,0x00,0xaf,0x10,0x00,0x00,0x00,0x00,0x00,0x00,0x00,0x00,0x00,0x0c,0xff,0xea,0x02,0xff,0xff,0xff,0xff,0xff,0xf7,
  0x00,0x00,0x5f,0x80,0x0a,0xf7,0x66,0x66,0x7f,0x80,0x08,0xf5,0x00,0x00,0x00,0x00,0x00,0x00,0x00,0x00,0x00,0x00,0x00,0x00,
  0x00,0x00,0x00,0xce,0x30,0x00,0x0e,0xf9,0x00,0x4f,0xb0,0x00,0x00,0x00,0x5f,0x80,0x0a,0xf7,0x66,0x66,0x7f,0x80,0x08,0xf5,
  0x00,0x00,0x00,0x40,0x08,0x54,0x88,0x88,0x88,0x88,0x85,0x48,0x10,0x00,0x00,0x9f,0x60,0x00,0x00,0x00,0x6f,0x60,0x00,0x9f,
  0x20,0x00,0x00,0x00,0x00,0x00,0x09,0xf3,0x00,0x00,0x00,0x00,0x00,0x00,0x00,0x4f,0x83,0x98,0x04,0x44,0x44,0x44,0x44,0x41,
  0x00,0x00,0x00,0x00,0x00,0x00,0x00,0x00,0x00,0x00,0x00,0x00,0x00,0x00,0x5e,0xe4,0x00,0x9f,0xeb,0xbb,0xbb,0xbb,0xbb,0xb1,
  0x00,0x00,0x00,0x00,0x00,0x00,0x0f,0xe0,0x00,0x00,0x00,0x00,0x00,0x00,0x06,0xed,0x7f,0xdf,0xa0,0x00,0x4c,0xfc,0xee,0x60,
  0x00,0x04,0xdf,0xe6,0x00,0x00,0x0e,0xe0,0x00,0x00,0x2b,0xff,0xb0,0x00,0x0c,0xf0,0x8f,0xff,0xff,0xff,0xff,0xff,0xff,0xfe,
  0x00,0x00,0x00,0x4f,0xff,0xff,0xff,0xff,0xff,0xff,0xf4,0x00,0x00,0x00,0x00,0x00,0x00,0xaf,0x10,0x09,0xaa,0xaa,0xaa,0xaa,
  0xaa,0xa0,0x00,0x00,0x2f,0xff,0x8f,0x42,0xf8,0x11,0x3f,0x81,0x15,0xf7,0x00,0x00,0x5f,0x80,0x0a,0xf1,0x00,0x00,0x1f,0x80,
  0x08,0xf5,0x00,0x00,0x00,0x00,0x00,0x00,0x00,0x00,0x00,0x00,0x00,0x00,0x00,0x00,0x08,0xf8,0x00,0x00,0x0f,0xff,0x30,0x6f,
  0xe0,0x00,0x00,0x00,0x5f,0x80,0x0a,0xf1,0x00,0x00,0x1f,0x80,0x08,0xf5,0x00,0x00,0x00,0x00,0x00,0x08,0xff,0xff,0xff,0xff,
  0xfa,0x00,0x00,0x00,0x00,0xde,0x10,0x00,0x00,0x00,0x8f,0x50,0x00,0x9f,0x10,0x00,0x00,0x00,0x00,0x00,0x09,0xf3,0x00,0x00,
  0x00,0x00,0x00,0x00,0x00,0x5f,0xef,0xfa,0x1f,0xff,0xff,0xff,0xff,0xf5,0x00,0x00,0x00,0x00,0x00,0x00,0x00,0x00,0x00,0x00,
  0x00,0x00,0x00,0x02,0xed,0x20,0xb7,0x16,0xde,0x77,0x77,0x77,0x7b,0xf1,0x00,0x00,0xdd,0xdd,0xdd,0xdd,0xdf,0xed,0xdd,0xdd,
  0xdd,0xdd,0x00,0x03,0xdf,0xc2,0x5f,0x58,0xfa,0x0c,0xfe,0x80,0x3d,0xfd,0x40,0x05,0xfb,0x20,0x00,0x00,0x0e,0xe0,0x00,0x00,
  0x00,0x4c,0x30,0x00,0x0c,0xf0,0x59,0x99,0xdf,0x99,0x99,0xdf,0xa9,0x99,0x00,0x00,0x00,0x15,0x55,0xbf,0x95,0x55,0x55,0x55,
  0x51,0x00,0x00,0x00,0x00,0x00,0x00,0xaf,0x10,0x0d,0xeb,0xbb,0xbb,0xbb,0xbe,0xf0,0x00,0x00,0x7f,0xdf,0x1e,0x42,0xf8,0x00,
  0x2f,0x70,0x04,0xf7,0x00,0x00,0x5f,0x80,0x0a,0xf1,0x00,0x00,0x1f,0x80,0x08,0xf5,0x00,0x00,0x00,0x00,0x00,0x00,0x00,0x00,
  0x00,0x00,0x00,0x00,0x00,0x00,0x5f,0xb0,0x38,0x20,0x3f,0xbe,0xc0,0x8f,0xf3,0x00,0x00,0x00,0x5f,0x80,0x0a,0xf1,0x00,0x00,
  0x1f,0x80,0x08,0xf5,0x00,0x00,0x00,0x20,0x00,0x08,0xf4,0x00,0x00,0x01,0xfa,0x00,0x00,0x00,0x03,0xfb,0x00,0x77,0x00,0x00,
  0xbf,0x20,0x00,0xaf,0x10,0x03,0x44,0x44,0x44,0x44,0x4b,0xf6,0x44,0x44,0x44,0x44,0x30,0x01,0x6b,0xef,0xfa,0x40,0x1f,0xb6,
  0x66,0x66,0x69,0xf5,0x00,0x00,0x00,0x00,0x00,0x00,0x00,0x00,0x00,0x00,0x00,0x00,0x00,0x00,0x40,0x09,0xf7,0x00,0xde,0xaa,
  0xaa,0xaa,0xad,0xf1,0x00,0x00,0xbb,0xbb,0xbb,0xbb,0xbb,0xbb,0xbb,0xbb,0xbb,0xbb,0x00,0x01,0xc7,0x00,0x5f,0x50,0x62,0x07,
  0x92,0x00,0x00,0x8e,0x30,0x00,0x30,0x00,0x00,0x00,0x0e,0xe0,0x00,0x00,0x00,0x00,0x00,0x00,0x0d,0xe0,0x00,0x00,0xbf,0x00,
  0x00,0xaf,0x20,0x00,0x00,0x03,0x77,0x77,0x78,0xee,0x77,0x77,0x77,0x77,0x77,0x77,0x30,0x00,0x00,0x00,0x00,0xaf,0x10,0x0d,
  0xe0,0x00,0x00,0x00,0x0d,0xf0,0x00,0x00,0xdc,0xbf,0x05,0x02,0xfd,0xcc,0xdf,0xdc,0xcd,0xf7,0x00,0x00,0x5f,0x80,0x0a,0xf1,
  0x00,0x00,0x1f,0x80,0x08,0xf5,0x00,0x00,0x00,0x00,0x00,0x00,0x00,0x00,0x00,0x00,0x00,0x00,0x00,0x03,0xef,0xbe,0xfe,0x40,
  0x7f,0x5a,0xf4,0xce,0xe7,0x00,0x00,0x00,0x5f,0x80,0x0a,0xf1,0x00,0x00,0x1f,0x80,0x08,0xf5,0x00,0x00,0x00,0xbc,0x00,0x08,
  0xf6,0x44,0x44,0x45,0xfa,0x00,0x00,0x00,0x09,0xf5,0x00,0xce,0x10,0x00,0xee,0x00,0x00,0xaf,0x00,0x0b,0xff,0xff,0xff,0xff,
  0xff,0xff,0xff,0xff,0xff,0xff,0xb0,0x0d,0xff,0xef,0x80,0x00,0x1f,0x90,0x00,0x00,0x06,0xf5,0x00,0x00,0x00,0x00,0x00,0x00,
  0x00,0x00,0x00,0x00,0x00,0x00,0x00,0x00,0x00,0x8f,0xa0,0x00,0xde,0x66,0x66,0x66,0x6b,0xf1,0x00,0x00,0x00,0x00,0x00,0x00,
  0x00,0x00,0x00,0x00,0x00,0x00,0x00,0x00,0x24,0x44,0x69,0x64,0x44,0x44,0x44,0x44,0x44,0x43,0x00,0x00,0x00,0x00,0x00,0x00,
  0x0e,0xe0,0x00,0x00,0x00,0x00,0x00,0x00,0x0e,0xd0,0x00,0x00,0xcf,0x00,0x00,0xaf,0x20,0x00,0x00,0x07,0xff,0xff,0xff,0xff,
  0xff,0xff,0xff,0xff,0xff,0xff,0x70,0x00,0x00,0x00,0x00,0xaf,0x10,0x0d,0xea,0xaa,0xaa,0xaa,0xae,0xf0,0x00,0x06,0xf6,0xbf,
  0x00,0x02,0xfc,0x99,0xaf,0xc9,0x9b,0xf7,0x00,0x00,0x5f,0x80,0x0a,0xf1,0x00,0x00,0x1f,0x80,0x08,0xf5,0x00,0x00,0x00,0x00,
  0x00,0x00,0x00,0x00,0x00,0x00,0x00,0x00,0x00,0x06,0xff,0xd9,0x40,0x00,0xaf,0x23,0x92,0xeb,0xbc,0x00,0x00,0x00,0x5f,0x80,
  0x0a,0xf1,0x00,0x00,0x1f,0x80,0x08,0xf5,0x00,0x00,0x01,0xfd,0x00,0x08,0xff,0xff,0xff,0xff,0xfa,0x00,0x00,0x00,0x1e,0xd0,
  0x00,0x5f,0x70,0x03,0xfb,0x00,0x00,0xbf,0x00,0x06,0x88,0x88,0x88,0x88,0x8c,0xf9,0x88,0x88,0x88,0x88,0x60,0x08,0xa5,0x5f,
  0x80,0x00,0x1f,0xa0,0x00,0x00,0x06,0xf5,0x00,0x00,0x00,0x00,0x00,0x00,0x00,0x00,0x00,0x00,0x00,0x00,0x00,0x00,0x09,0xfc,
  0x00,0x00,0xde,0xaa,0xaa,0xaa,0xad,0xf1,0x00,0x00,0x02,0x55,0x55,0x55,0x55,0x55,0x55,0x55,0x55,0x20,0x00,0x00,0x9f,0xff,
  0xff,0xff,0xff,0xff,0xff,0xff,0xff,0xf9,0x00,0x00,0x00,0x00,0x00,0x00,0x0e,0xe0,0x00,0x00,0x00,0x00,0x00,0x00,0x1f,0xc0,
  0x33,0x33,0xdf,0x33,0x33,0xbf,0x53,0x33,0x20,0x00,0x11,0x17,0xfd,0x21,0x1e,0xf1,0x15,0xed,0x51,0x11,0x00,0x00,0x00,0x00,
  0x00,0xaf,0x10,0x0d,0xeb,0xbb,0xbb,0xbb,0xbe,0xf0,0x00,0x0d,0xe0,0xbf,0x00,0x02,0xf8,0x00,0x2f,0x70,0x04,0xf7,0x00,0x00,
  0x5f,0x80,0x0a,0xfd,0xdd,0xdd,0xdf,0x80,0x08,0xf5,0x00,0x00,0x00,0x00,0x00,0x00,0x00,0x00,0x00,0x00,0x00,0x00,0x00,0x00,
  0x52,0x00,0x00,0x01,0xed,0x00,0x06,0xf6,0x7f,0x20,0x00,0x00,0x5f,0x80,0x0a,0xfd,0xdd,0xdd,0xdf,0x80,0x08,0xf5,0x00,0x00,
  0x07,0xf9,0x00,0x08,0xf7,0x44,0x44,0x45,0xfa,0x00,0x00,0x00,0x8f,0x60,0x00,0x0e,0xd0,0x08,0xf6,0x00,0x00,0xce,0x00,0x00,
  0x00,0x00,0x00,0x00,0x09,0xf3,0x00,0x00,0x00,0x00,0x00,0x00,0x00,0x4f,0x80,0x00,0x1f,0xff,0xff,0xff,0xff,0xf5,0x00,0x00,
  0x00,0x00,0x00,0x00,0x00,0x00,0x00,0x00,0x00,0x00,0x00,0x03,0xcf,0xf9,0x00,0x00,0x7b,0xfd,0x88,0x88,0x88,0x80,0x00,0x00,
  0x08,0xff,0xff,0xff,0xff,0xff,0xff,0xff,0xff,0x80,0x00,0x00,0x34,0x44,0x44,0x44,0x4e,0xe4,0x44,0x44,0x44,0x43,0x00,0x00,
  0x00,0x00,0x00,0x00,0x0e,0xe0,0x00,0x00,0x00,0x00,0x00,0x00,0x3f,0xa0,0xff,0xff,0xff,0xff,0xff,0xff,0xff,0xff,0x80,0x00,
  0x01,0xaf,0xfb,0xaa,0xae,0xea,0xaa,0xef,0xfc,0x20,0x00,0x00,0x00,0x00,0x00,0xaf,0x28,0x0d,0xe0,0x00,0x00,0x00,0x0d,0xf0,
  0x00,0x05,0x70,0xbf,0x00,0x02,0xfa,0x55,0x7f,0xa5,0x58,0xf7,0x00,0x00,0x5f,0x80,0x08,0xcc,0xcc,0xcc,0xcc,0x70,0x08,0xf5,
  0x00,0x03,0x20,0x00,0x00,0x00,0x00,0x00,0x00,0x00,0x00,0x00,0x00,0x00,0x00,0x00,0x15,0x16,0xf8,0x00,0x0c,0xe1,0x3f,0x80,
  0x00,0x00,0x5f,0x80,0x08,0xcc,0xcc,0xcc,0xcc,0x70,0x08,0xf5,0x00,0x00,0x0c,0xf4,0x00,0x08,0xf4,0x11,0x11,0x12,0xfa,0x00,
  0x00,0x02,0xec,0x00,0x27,0xbe,0xf2,0x0e,0xe1,0x00,0x00,0xdd,0x00,0x00,0x00,0x00,0x00,0x00,0x09,0xf3,0x00,0x00,0x00,0x00,
  0x00,0x00,0x00,0x4f,0x80,0x00,0x1f,0xd9,0x99,0x99,0x9b,0xf5,0x00,0x00,0x00,0x78,0x86,0x00,0x00,0x00,0x00,0x00,0x00,0x00,
  0x00,0x06,0xf9,0xf9,0x00,0x00,0x4e,0xfc,0x99,0x99,0x99,0x60,0x00,0x00,0x08,0xf8,0x55,0x8f,0x95,0x59,0xf8,0x55,0x8f,0x80,
  0x00,0x00,0x00,0x02,0x20,0x00,0x0e,0xe1,0x11,0x11,0x11,0x00,0x00,0x00,0x00,0x00,0x00,0x00,0x0e,0xe0,0x00,0x00,0x00,0x00,
  0x00,0x00,0x7f,0x70,0x88,0x8a,0xfc,0x88,0x88,0xcf,0x98,0x88,0x40,0x00,0x6e,0xff,0xfc,0xcc,0xce,0xec,0xcc,0xcf,0xff,0xfa,
  0x40,0x00,0x00,0x00,0x00,0xaf,0xbf,0x3d,0xea,0xaa,0xaa,0xaa,0xae,0xf0,0x00,0x00,0x00,0xbf,0x00,0x02,0xff,0xff,0xff,0xff,
  0xff,0xf7,0x00,0x00,0x5f,0x80,0x00,0x00,0x00,0x00,0x00,0x00,0x08,0xf5,0x00,0x2e,0xe4,0x00,0x00,0x00,0x00,0x00,0x00,0x00,
  0x00,0x00,0x00,0x00,0x14,0x8c,0xff,0x5c,0xf3,0x00,0x4f,0x90,0x0c,0xe1,0x00,0x00,0x5f,0x80,0x00,0x00,0x00,0x00,0x00,0x00,
  0x08,0xf5,0x00,0x00,0x4f,0xe0,0x00,0x08,0xff,0xff,0xff,0xff,0xfa,0x00,0x00,0x09,0xfc,0xce,0xff,0xec,0xf7,0x7f,0xa0,0x00,
  0x00,0xec,0x00,0x00,0x00,0x00,0x00,0x00,0x09,0xf3,0x00,0x00,0x00,0x00,0x00,0x00,0x00,0x4f,0x80,0x00,0x1f,0x90,0x00,0x00,
  0x06,0xf5,0x00,0x00,0x00,0xdf,0xfb,0x00,0x00,0x00,0x00,0x00,0x00,0x00,0x00,0x00,0x40,0xf9,0x00,0x18,0xef,0xea,0x99,0x99,
  0xdf,0x80,0x00,0x00,0x08,0xf5,0x00,0x5f,0x60,0x06,0xf5,0x00,0x5f,0x80,0x00,0x00,0x00,0x0c,0xf0,0x00,0x0e,0xff,0xff,0xff,
  0xff,0x20,0x00,0x00,0x00,0x00,0x00,0x00,0x0e,0xe0,0x00,0x00,0x00,0x00,0x00,0x00,0xbf,0x40,0x00,0x0a,0xf6,0x00,0x00,0xaf,
  0x20,0x00,0x00,0x09,0xfd,0x4b,0xf0,0x00,0x0c,0xe0,0x00,0x08,0xf8,0xdf,0xb0,0x00,0x00,0x00,0x00,0xaf,0xf9,0x0d,0xeb,0xbb,
  0xbb,0xbb,0xbe,0xf0,0x00,0x00,0x00,0xbf,0x00,0x00,0x33,0x44,0x33,0x33,0x53,0x31,0x00,0x00,0x5f,0x80,0x00,0x00,0x00,0x00,
  0x00,0x00,0x08,0xf5,0x00,0x05,0xee,0x40,0x00,0x00,0x00,0x00,0x00,0x00,0x00,0x00,0x00,0x08,0xff,0xff,0xc7,0x7f,0xb0,0x00,
  0xcf,0x30,0x06,0xf8,0x00,0x00,0x5f,0x80,0x00,0x00,0x00,0x00,0x00,0x00,0x08,0xf5,0x00,0x00,0xcf,0x80,0x00,0x08,0xf9,0x77,
  0x77,0x78,0xfa,0x00,0x00,0x07,0xfe,0xda,0x73,0x00,0x96,0xee,0x30,0x00,0x02,0xfa,0x00,0x00,0x00,0x00,0x00,0x00,0x09,0xf3,
  0x00,0x00,0x00,0x00,0x00,0x00,0x00,0x4f,0x80,0x00,0x1f,0x90,0x00,0x00,0x06,0xf5,0x00,0x00,0x00,0xdf,0xfb,0x00,0x00,0x00,
  0x00,0x00,0x00,0x00,0x00,0x00,0x00,0xf9,0x00,0xbe,0x99,0xfd,0x60,0x2a,0xfb,0x00,0x00,0x00,0x08,0xf5,0x00,0x5f,0x60,0x06,
  0xf5,0x00,0x5f,0x80,0x00,0x00,0x00,0x0c,0xf0,0x00,0x0e,0xe7,0x77,0x77,0x77,0x10,0x00,0x00,0x00,0x00,0x00,0x00,0x0e,0xe0,
  0x00,0x00,0x00,0x00,0x00,0x01,0xee,0x00,0x00,0x7f,0xe1,0x00,0x00,0xaf,0x20,0x00,0x00,0x02,0x70,0x0b,0xf0,0x00,0x0c,0xe0,
  0x01,0x2b,0xf3,0x07,0x10,0x00,0x00,0x00,0x00,0x9f,0xc0,0x0d,0xe0,0x00,0x00,0x00,0x0d,0xf0,0x00,0x00,0x00,0xbf,0x00,0x00,
  0x28,0xeb,0x00,0x09,0xfb,0x50,0x00,0x00,0x5f,0x80,0x00,0x00,0x00,0x00,0x00,0x00,0x09,0xf5,0x00,0x00,0x4e,0xe3,0x00,0x00,
  0x00,0x00,0x00,0x00,0x00,0x00,0x00,0x04,0xeb,0x73,0x00,0xdf,0x30,0x07,0xf9,0x00,0x00,0xce,0x40,0x00,0x5f,0x80,0x00,0x00,
  0x00,0x00,0x00,0x00,0x09,0xf5,0x00,0x04,0xff,0x20,0x00,0x08,0xf3,0x00,0x00,0x01,0xfa,0x00,0x00,0x00,0x20,0x00,0x00,0x00,
  0x0c,0xf9,0x00,0x43,0x17,0xf8,0x00,0x00,0x00,0x00,0x01,0x00,0x0b,0xf3,0x00,0x00,0x00,0x00,0x00,0x00,0x00,0x5f,0x80,0x00,
  0x1f,0xec,0xcc,0xcc,0xcd,0xf5,0x00,0x00,0x00,0x7c,0xfa,0x00,0x00,0x00,0x00,0x00,0x00,0x00,0x00,0x00,0x00,0xf9,0x00,0x23,
  0x00,0x4d,0xfe,0xef,0xa0,0x00,0x00,0x01,0x18,0xf6,0x11,0x6f,0x61,0x16,0xf6,0x11,0x6f,0x81,0x10,0x00,0x00,0x0c,0xf0,0x00,
  0x0e,0xe0,0x00,0x00,0x00,0x00,0x00,0x00,0x00,0x00,0x00,0x00,0x0e,0xe0,0x00,0x00,0x00,0x00,0x00,0x06,0xfb,0x00,0x3b,0xff,
  0x50,0x00,0x00,0xaf,0x20,0x00,0x00,0x00,0x00,0x0b,0xf0,0x00,0x0c,0xe0,0x08,0xff,0xd0,0x00,0x00,0x00,0x00,0x00,0x00,0x0a,
  0x20,0x0d,0xe0,0x00,0x00,0x8a,0xaf,0xd0,0x00,0x00,0x00,0xbf,0x00,0x5c,0xff,0xd6,0x00,0x03,0x9e,0xfd,0x30,0x00,0x5f,0x80,
  0x00,0x00,0x00,0x00,0x03,0xed,0xce,0xf3,0x00,0x00,0x04,0xee,0x10,0x00,0x00,0x00,0x00,0x00,0x00,0x00,0x00,0x00,0x00,0x00,
  0x06,0xf9,0x00,0x2e,0xe1,0x00,0x00,0x4f,0xd0,0x00,0x5f,0x80,0x00,0x00,0x00,0x00,0x03,0xed,0xce,0xf3,0x00,0x0b,0xfa,0x00,
  0x00,0x08,0xf3,0x00,0x1a,0x9b,0xf8,0x00,0x00,0x00,0x00,0x00,0x00,0x00,0xbf,0xc0,0x00,0xbf,0xff,0xe2,0x00,0x00,0x00,0x00,
  0x09,0xec,0xcf,0xf1,0x00,0x00,0x00,0x00,0x00,0x08,0xdb,0xdf,0x70,0x00,0x1f,0xec,0xcc,0xcc,0xcd,0xf5,0x00,0x00,0x00,0x0d,
  0xe2,0x00,0x00,0x00,0x00,0x00,0x00,0x00,0x00,0x00,0x00,0xf9,0x00,0x79,0xbd,0xff,0xfc,0xef,0xfe,0xda,0x70,0x0b,0xff,0xff,
  0xff,0xff,0xff,0xff,0xff,0xff,0xff,0xff,0xb0,0x0a,0xdd,0xde,0xfd,0xdd,0xde,0xed,0xdd,0xdd,0xdd,0xdd,0xa0,0x00,0x00,0x00,
  0x00,0x00,0x0e,0xe0,0x00,0x00,0x00,0x00,0x00,0x0c,0xf6,0x05,0xff,0xe6,0x00,0x00,0x00,0xaf,0x20,0x00,0x00,0x00,0x00,0x0b,
  0xf0,0x00,0x0c,0xe0,0x02,0x77,0x20,0x00,0x00,0x00,0x00,0x00,0x00,0x00,0x00,0x0d,0xe0,0x00,0x00,0x7f,0xfe,0x50,0x00,0x00,
  0x00,0xbf,0x00,0x3e,0xb5,0x00,0x00,0x00,0x01,0xae,0x10,0x00,0x5f,0x80,0x00,0x00,0x00,0x00,0x00,0xce,0xfe,0x80,0x00,0x00,
  0x00,0x7f,0x90,0x00,0x00,0x00,0x00,0x00,0x00,0x00,0x00,0x00,0x00,0x00,0x01,0xb0,0x00,0x0b,0x40,0x00,0x00,0x09,0x60,0x00,
  0x5f,0x80,0x00,0x00,0x00,0x00,0x00,0xce,0xfe,0x80,0x00,0x02,0xc3,0x00,0x00,0x08,0xf3,0x00,0x0c,0xff,0xc2,0x00,0x00,0x00,
  0x00,0x00,0x00,0x00,0x5c,0x10,0x00,0x59,0xbb,0x40,0x00,0x00,0x00,0x00,0x05,0xdf,0xfe,0x80,0x00,0x00,0x00,0x00,0x00,0x05,
  0xef,0xfd,0x20,0x00,0x1f,0x90,0x00,0x00,0x06,0xf5,0x00,0x00,0x00,0x6f,0x50,0x00,0x00,0x00,0x00,0x00,0x00,0x00,0x00,0x00,
  0x00,0xf9,0x00,0xaf,0xec,0x96,0x20,0x03,0x7a,0xdf,0x60,0x08,0xaa,0xaa,0xaa,0xaa,0xaa,0xaa,0xaa,0xaa,0xaa,0xaa,0x80,0x09,
  0xbb,0xbb,0xbb,0xbb,0xbb,0xbb,0xbb,0xbb,0xbb,0xbb,0x90,0x00,0x00,0x00,0x00,0x00,0x0e,0xe0,0x00,0x00,0x00,0x00,0x00,0x07,
  0xd0,0x00,0xb8,0x20,0x00,0x00,0x00,0xaf,0x20,0x00,0x00,0x00,0x00,0x00,0x00,0x00,0x0c,0xe0,0x00,0x00,0x00,0x00,0x00,0x00,
  0x00,0x00,0x00,0x00,0x00,0x02,0x20,0x00,0x00,0x00,0x10,0x00,0x00,0x00,0x00,0x12,0x00,0x00,0x00,0x00,0x00,0x00,0x00,0x02,
  0x00,0x00,0x02,0x10,0x00,0x00,0x00,0x00,0x00,0x00,0x00,0x00,0x00,0x00,0x00,0x08,0x00,0x00,0x00,0x00,0x00,0x00,0x00,0x00,
  0x00,0x00,0x00,0x00,0x00,0x00,0x00,0x00,0x00,0x00,0x00,0x00,0x00,0x00,0x02,0x10,0x00,0x00,0x00,0x00,0x00,0x00,0x00,0x00,
  0x00,0x00,0x00,0x00,0x00,0x01,0x20,0x00,0x00,0x00,0x00,0x00,0x00,0x00,0x00,0x00,0x00,0x00,0x00,0x00,0x00,0x00,0x00,0x00,
  0x00,0x00,0x00,0x00,0x00,0x00,0x00,0x00,0x00,0x00,0x00,0x00,0x00,0x00,0x01,0x20,0x00,0x00,0x02,0x10,0x00,0x00,0x00,0x20,
  0x00,0x00,0x00,0xb9,0x00,0x00,0x00,0x00,0x00,0x00,0x00,0x00,0x00,0x00,0x00,0x32,0x00,0x12,0x00,0x00,0x00,0x00,0x00,0x00,
  0x00,0x00,0x00,0x00,0x00,0x00,0x00,0x00,0x00,0x00,0x00,0x00,0x00,0x00,0x00,0x00,0x00,0x00,0x00,0x00,0x00,0x00,0x00,0x00,
  0x00,0x00,0x00,0x00,0x00,0x00,0x02,0x20,0x00,0x00,0x00,0x00,0x00,0x00,0x00,0x00,0x00,0x00,0x00,0x00,0x00,0x12,0x00,0x00,
  0x00,0x00,0x00,0x00,0x00,0x00,0x01,0x20,0x00,0x00,0x00,0x00,0x00,0x00,0x00,0x00,0x00,0x00,0x00,0x00,0x00,0x00,0x00,0x00,
  0x00,0x00,0x00,0x00,0x00,0x00,0x00,0x00,0x00,0x00,0x00,0x00,0x00,0x00,0x00,0x00,0x00,0x00,0x00,0x00,0x00,0x00,0x00,0x00,
  0x00,0x00,0x00,0x00,0x00,0x00,0x00,0x00,0x00,0x00,0x00,0x00,0x00,0x00,0x00,0x00,0x00,0x00,0x00,0x00,0x00,0x00,0x00,0x00,
  0x00,0x00,0x00,0x00,0x00,0x00,0x00,0x00,0x00,0x00,0x00,0x00,0x00,0x00,0x00,0x00,0x00,0x00,0x00,0x00,0x00,0x00,0x00,0x00,
  0x00,0x00,0x00,0x00,0x00,0x00,0x00,0x00,0x00,0x00,0x00,0x00,0x00,0x00,0x00,0x00,0x00,0x00,0x00,0x00,0x00,0x00,0x00,0x00,
  0x00,0x00,0x00,0x00,0x00,0x00,0x00,0x00,0x00,0x00,0x00,0x00,0x00,0x00,0x00,0x00,0x00,0x00,0x00,0x00,0x00,0x00,0x00,0x00,
  0x00,0x00,0x00,0x00,0x00,0x00,0x00,0x00,0x00,0x00,0x00,0x00,0x00,0x00,0x00,0x00,0x00,0x00,0x00,0x00,0x00,0x00,0x00,0x00,
  0x00,0x00,0x00,0x00,0x00,0x00,0x00,0x00,0x00,0x00,0x00,0x00,0x00,0x00,0x00,0x00,0x00,0x00,0x00,0x00,0x00,0x00,0x00,0x00,
  0x00,0x00,0x00,0x00,0x00,0x00,0x00,0x00,0x00,0x00,0x00,0x00,0x00,0x00,0x00,0x00,0x00,0x00,0x00,0x00,0x00,0x00,0x00,0x00,
  0x00,0x00,0x00,0x00,0x00,0x00,0x00,0x00,0x00,0x00,0x00,0x00,0x00,0x00,0x00,0x00,0x00,0x00,0x00,0x00,0x00,0x00,0x00,0x00,
  0x00,0x00,0x00,0x00,0x00,0x00,0x00,0x00,0x00,0x00,0x00,0x00,0x00,0x00,0x00,0x00,0x00,0x00,0x00,0x00,0x00,0x00,0x00,0x00,
  0x00,0x00,0x00,0x00,0x00,0x00,0x00,0x00,0x00,0x00,0x00,0x00,0x00,0x00,0x00,0x00,0x00,0x00,0x00,0x00,0x00,0x00,0x00,0x00,
  0x00,0x00,0x00,0x00,0x00,0x00,0x00,0x00,0x00,0x00,0x00,0x00,0x00,0x00,0x00,0x00,0x00,0x00,0x00,0x00,0x00,0x00,0x00,0x00,
  0x00,0x00,0x00,0x00,0x00,0x00,0x00,0x00,0x00,0x00,0x00,0x00,0x00,0x00,0x00,0x00,0x00,0x00,0x00,0x00,0x00,0x00,0x00,0x00,
  0x00,0x00,0x00,0x00,0x00,0x00,0x00,0x00,0x00,0x00,0x00,0x00,0x00,0x00,0x00,0x00,0x00,0x00,0x00,0x00,0x00,0x00,0x00,0x00,
  0x00,0x00,0x00,0x00,0x00,0x00,0x00,0x00,0x00,0x00,0x00,0x00,0x00,0x00,0x00,0x00,0x00,0x00,0x00,0x00,0x00,0x00,0x00,0x00,
  0x00,0x00,0x00,0x00,0x00,0x00,0x00,0x00,0x00,0x00,0x00,0x00,0x00,0x00,0x00,0x00,0x00,0x00,0x00,0x00,0x00,0x00,0x00,0x00,
  0x00,0x00,0x00,0x00,0x00,0x00,0x00,0x00,0x00,0x00,0x00,0x00,0x00,0x00,0x00,0x00,0x00,0x00,
};
#define GUI_TXT_DIAG_HINT_W 412
#define GUI_TXT_DIAG_HINT_H 27

static const uint8_t gui_txt_cal9_hint_bits[3630] = {
  0x00,0x00,0x00,0x00,0x00,0x00,0x00,0x00,0x00,0x00,0x00,0x00,0x00,0x00,0x00,0x00,0x00,0x00,0x00,0x00,0x00,0x00,0x00,0x00,
  0x00,0x00,0x00,0x00,0x00,0x00,0x00,0x00,0x00,0x00,0x00,0x00,0x00,0x00,0x00,0x00,0x00,0x00,0x00,0x00,0x00,0x00,0x00,0x00,
  0x00,0x00,0x00,0x00,0x00,0x00,0x00,0x00,0x00,0x00,0x00,0x00,0x00,0x00,0x00,0x00,0x00,0x00,0x00,0x00,0x00,0x00,0x00,0x00,
  0x00,0x00,0x00,0x00,0x00,0x00,0x00,0x00,0x00,0x00,0x00,0x00,0x00,0x00,0x00,0x00,0x00,0x00,0x00,0x00,0x00,0x00,0x00,0x00,
  0x00,0x00,0x00,0x00,0x00,0x00,0x00,0x00,0x00,0x00,0x00,0x00,0x00,0x00,0x00,0x00,0x00,0x00,0x00,0x00,0x00,0x00,0x00,0x00,
  0x00,0x00,0x00,0x00,0x00,0x00,0x00,0x00,0x00,0x00,0x00,0x00,0x00,0x00,0x00,0x00,0x00,0x00,0x00,0x00,0x00,0x00,0x00,0x00,
  0x00,0x00,0x00,0x00,0x00,0x00,0x00,0x00,0x00,0x00,0x00,0x00,0x00,0x00,0x00,0x00,0x00,0x00,0x00,0x00,0x00,0x00,0x00,0x00,
  0x00,0x00,0x00,0x00,0x00,0x00,0x00,0x00,0x00,0x00,0x00,0x00,0x00,0x00,0x00,0x00,0x00,0x00,0x00,0x00,0x00,0x00,0x00,0x00,
  0x00,0x00,0x00,0x00,0x00,0x00,0x00,0x00,0x00,0x00,0x00,0x00,0x00,0x00,0x00,0x00,0x00,0x00,0x00,0x00,0x00,0x00,0x00,0x00,
  0x00,0x00,0x00,0x00,0x00,0x00,0x00,0x00,0x00,0x00,0x00,0x00,0x00,0x00,0x00,0x00,0x00,0x00,0x00,0x00,0x00,0x00,0x00,0x00,
  0x00,0x00,0x00,0x00,0x00,0x02,0x20,0x00,0x00,0x02,0x20,0x00,0x00,0x00,0x00,0x00,0x00,0x00,0x00,0x00,0x03,0x51,0x00,0x00,
  0x00,0x00,0x00,0x00,0x00,0x00,0x00,0x00,0x26,0x20,0x00,0x00,0x00,0x00,0x00,0x00,0x00,0x00,0x00,0x00,0x05,0x60,0x00,0x00,
  0x00,0x00,0x00,0x00,0x00,0x00,0x00,0x00,0x00,0x00,0x00,0x00,0x00,0x00,0x00,0x00,0x00,0x00,0x00,0x00,0x00,0x00,0x00,0x00,
  0x00,0x00,0x00,0x00,0x00,0x00,0x00,0x00,0x00,0x00,0x00,0x00,0x00,0x00,0x00,0x00,0x00,0x00,0x00,0x00,0x00,0x00,0x00,0x00,
  0x00,0x00,0x00,0x00,0x00,0x00,0x00,0x00,0x00,0x00,0x00,0x00,0x00,0x00,0x00,0x00,0x55,0x00,0x00,0x00,0x00,0x00,0x00,0x00,
  0x00,0x00,0x00,0x00,0x00,0x00,0x0a,0xf5,0x00,0x00,0x7f,0xa0,0x00,0x00,0x00,0x00,0x00,0x01,0x00,0x00,0x00,0x0a,0xf3,0x00,
  0x00,0x00,0x00,0x00,0x00,0x00,0x00,0x00,0x00,0x6f,0x70,0x00,0x00,0x00,0x00,0x00,0x00,0x00,0x00,0x00,0x00,0x0c,0xf0,0x00,
  0x00,0x00,0x00,0x00,0x00,0x79,0x99,0x99,0x99,0x99,0x99,0x99,0x99,0x99,0x97,0x00,0x00,0x79,0x99,0x99,0x99,0x99,0x99,0x99,
  0x99,0x99,0x97,0x00,0x00,0x00,0x00,0x00,0x00,0x00,0x00,0x00,0x00,0x00,0x00,0x00,0x00,0x00,0x00,0x00,0x00,0x00,0x00,0x00,
  0x02,0x77,0x78,0x88,0x88,0x9a,0xab,0xcc,0xde,0xe7,0x00,0x00,0x00,0x00,0x00,0x00,0x00,0xee,0x00,0x00,0x00,0x00,0x00,0x00,
  0x00,0x00,0x00,0x00,0x00,0x00,0x00,0x0e,0xe0,0x00,0x00,0x1e,0xf3,0x00,0x00,0x00,0x00,0x00,0x5e,0x40,0x00,0x00,0x0e,0xd0,
  0x00,0x00,0x00,0x00,0x00,0x00,0x00,0x00,0x00,0x00,0x6f,0x70,0x00,0x00,0x00,0x00,0x00,0x00,0x00,0x00,0x00,0x00,0x0c,0xf0,
  0x00,0x00,0x00,0x00,0x00,0x00,0xbf,0xff,0xff,0xff,0xff,0xff,0xff,0xff,0xff,0xfb,0x00,0x00,0xbf,0xff,0xff,0xff,0xff,0xff,
  0xff,0xff,0xff,0xfb,0x00,0x00,0x00,0x00,0x00,0x00,0x00,0x00,0x00,0x00,0x00,0x00,0x00,0x00,0x00,0x00,0x00,0x00,0x00,0x00,
  0x00,0x02,0xff,0xff,0xff,0xff,0xfe,0xdd,0xcc,0xba,0x98,0x00,0x00,0x01,0x22,0x22,0x22,0x22,0xee,0x22,0x22,0x22,0x22,0x10,
  0x00,0x00,0x00,0x00,0x00,0x00,0x00,0x00,0x5f,0xa0,0x00,0x00,0x09,0xf8,0x00,0x00,0x00,0x00,0x00,0x7f,0xe6,0x00,0x00,0x5f,
  0x90,0x00,0x00,0x00,0x00,0x00,0x00,0x00,0x00,0x00,0x00,0x6f,0xed,0xdd,0xdd,0xdd,0xd8,0x00,0x00,0x00,0x00,0x00,0x00,0x0c,
  0xf0,0x00,0x00,0x00,0x00,0x00,0x00,0xbf,0x00,0x00,0x00,0x00,0x00,0x00,0x00,0x00,0xfb,0x00,0x00,0xbf,0x00,0x00,0x00,0x04,
  0x30,0x00,0x00,0x00,0xfb,0x00,0x00,0x00,0x00,0x00,0x00,0x00,0x00,0x00,0xce,0x30,0x00,0x00,0x00,0x00,0x00,0x00,0x00,0x00,
  0x00,0x00,0x00,0x22,0x22,0x11,0x11,0xfc,0x00,0x00,0x00,0x00,0x00,0x00,0x09,0xff,0xff,0xff,0xff,0xff,0xff,0xff,0xff,0xff,
  0x90,0x00,0xde,0x10,0x00,0x00,0x00,0x00,0x00,0xcf,0x47,0xbb,0xbb,0xbc,0xfe,0xbb,0xbb,0xbb,0x60,0x00,0x07,0xff,0x50,0x00,
  0xbf,0xee,0xee,0xee,0xee,0xe5,0x00,0x00,0x00,0x00,0x00,0x00,0x6f,0xed,0xdd,0xdd,0xdd,0xd8,0x00,0x00,0x07,0xee,0xee,0xee,
  0xee,0xfe,0xee,0xee,0xee,0xe1,0x00,0x00,0xbf,0x00,0x06,0xcc,0xcc,0xcc,0xcc,0x80,0x00,0xfb,0x00,0x00,0xbf,0x00,0x07,0x90,
  0x0e,0xb0,0x2e,0x70,0x00,0xfb,0x00,0x00,0x00,0x00,0x00,0x00,0x00,0x00,0x07,0xf8,0x00,0x00,0x00,0x00,0x00,0x00,0x00,0x00,
  0x00,0x00,0x00,0x48,0x88,0x88,0x88,0x88,0xfe,0x88,0x88,0x88,0x88,0x85,0x00,0x06,0x99,0x99,0x99,0x99,0xee,0x99,0x99,0x99,
  0x99,0x60,0x00,0x5f,0xa0,0x00,0x00,0x00,0x00,0x03,0xfc,0x0a,0xff,0xff,0xff,0xff,0xff,0xff,0xff,0x80,0x00,0x00,0x7f,0xe3,
  0x02,0xee,0xcc,0xcc,0xcc,0xce,0xf5,0x00,0x00,0x00,0x00,0x00,0x00,0x6f,0x70,0x00,0x00,0x00,0x00,0x00,0x00,0x06,0xcc,0xcc,
  0xcc,0xce,0xfc,0xcc,0xcc,0xcc,0xc1,0x00,0x00,0xbf,0x00,0x07,0xfc,0xbb,0xbb,0xbf,0xa0,0x00,0xfb,0x00,0x00,0xbf,0x00,0x0b,
  0xf3,0x2f,0x80,0xaf,0x40,0x00,0xfb,0x00,0x00,0x00,0x00,0x00,0x00,0x00,0x00,0x2e,0xe1,0x00,0x00,0x00,0x00,0x00,0x00,0x00,
  0x00,0x00,0x00,0x00,0x7f,0xff,0xff,0xff,0xff,0xff,0xff,0xff,0xff,0xff,0xf8,0x00,0x00,0x01,0x70,0x00,0x00,0xee,0x00,0x00,
  0x08,0x20,0x00,0x00,0x0b,0xf5,0x00,0x00,0x00,0x00,0x0b,0xf8,0x00,0x00,0x01,0xde,0x7f,0x60,0x00,0x00,0x00,0x00,0x00,0x0a,
  0xc0,0x09,0xf8,0x00,0x00,0x00,0x1e,0xd0,0x00,0x00,0x00,0x00,0x00,0x00,0x6f,0x70,0x00,0x00,0x00,0x00,0x00,0x00,0x00,0x00,
  0x00,0x00,0x0c,0xf0,0x00,0x00,0x00,0x00,0x00,0x00,0xbf,0x00,0x07,0xf2,0x00,0x00,0x0f,0xa0,0x00,0xfb,0x00,0x00,0xbf,0x02,
  0x45,0x94,0x8f,0x87,0xfc,0x44,0x20,0xfb,0x00,0x00,0x00,0x00,0x00,0x00,0x00,0x00,0x8f,0x90,0x00,0x00,0x00,0x00,0x00,0x00,
  0x00,0x00,0x00,0x00,0x00,0x01,0x11,0x11,0x11,0x12,0xfd,0x11,0x11,0x11,0x11,0x11,0x00,0x00,0x0c,0xf8,0x00,0x00,0xee,0x00,
  0x00,0x8f,0xc0,0x00,0x00,0x05,0xfb,0x00,0x00,0x00,0x00,0x4f,0xf8,0x00,0x00,0x08,0xf8,0x3f,0x80,0x00,0x00,0x00,0x00,0x00,
  0x00,0x10,0x2e,0xe1,0x02,0x83,0x00,0x9f,0x60,0x00,0x00,0x00,0x00,0x00,0x00,0x6f,0x70,0x00,0x00,0x00,0x00,0x00,0x00,0x00,
  0x00,0x00,0x00,0x0c,0xf0,0x00,0x00,0x00,0x00,0x00,0x00,0xbf,0x00,0x07,0xfa,0x99,0x99,0x9f,0xa0,0x00,0xfb,0x00,0x00,0xbf,
  0x07,0xff,0xff,0xff,0xff,0xff,0xff,0x80,0xfb,0x00,0x00,0x00,0x00,0x00,0x00,0x00,0x00,0xef,0x30,0x00,0x00,0x29,0xde,0xb5,
  0x0b,0xf0,0x00,0x00,0x00,0x00,0x00,0x68,0x88,0x88,0x88,0xfe,0x88,0x88,0x88,0x84,0x00,0x00,0x00,0x03,0xee,0x30,0x00,0xee,
  0x00,0x05,0xee,0x20,0x00,0x00,0x00,0xef,0x30,0x00,0x00,0x00,0xcf,0xf8,0x00,0x00,0x2e,0xe1,0x1f,0xa0,0x00,0x10,0x00,0x00,
  0x00,0x00,0x00,0xbf,0x80,0x04,0xf7,0x03,0xec,0x00,0x00,0x00,0x05,0xff,0xff,0xff,0xff,0xff,0xff,0xff,0xff,0x30,0x00,0x00,
  0x00,0x00,0x00,0x00,0x0c,0xf0,0x00,0x00,0x00,0x00,0x00,0x00,0xbf,0x00,0x07,0xee,0xee,0xee,0xee,0x90,0x00,0xfb,0x00,0x00,
  0xbf,0x01,0x44,0x47,0xfa,0x44,0x44,0x44,0x20,0xfb,0x00,0x00,0x00,0x00,0x00,0x00,0x00,0x04,0xfd,0x00,0x00,0x03,0xef,0xeb,
  0xdf,0x7e,0xf0,0x00,0x00,0x00,0x00,0x00,0xcf,0xff,0xff,0xff,0xff,0xff,0xff,0xff,0xf8,0x00,0x00,0x00,0x00,0x7f,0xc0,0x00,
  0xee,0x00,0x4e,0xf5,0x00,0x00,0x00,0x00,0xaf,0x80,0x00,0x00,0x07,0xfe,0xf8,0x00,0x00,0xcf,0x60,0x0e,0xc0,0x00,0xc9,0x00,
  0x00,0x00,0x00,0x01,0xed,0x00,0x05,0xf7,0x03,0xc4,0x00,0x00,0x00,0x05,0xfd,0xbb,0xbb,0xbb,0xbb,0xbb,0xbb,0xdf,0x30,0x00,
  0x03,0x66,0x66,0x66,0x66,0x6d,0xf6,0x66,0x66,0x66,0x66,0x30,0x00,0xbf,0x00,0x01,0x11,0x11,0x11,0x11,0x10,0x00,0xfb,0x00,
  0x00,0xbf,0x18,0x88,0x8c,0xfa,0x88,0x88,0x88,0x82,0xfb,0x00,0x00,0x00,0x00,0x00,0x00,0x00,0x08,0xfa,0x00,0x00,0x0c,0xfa,
  0x00,0x04,0xef,0xf0,0x00,0x00,0x00,0x00,0x00,0xce,0x11,0x11,0x12,0xfd,0x11,0x11,0x13,0xf8,0x00,0x00,0x00,0x00,0x0d,0x90,
  0x00,0xee,0x00,0x0a,0x60,0x00,0x00,0x00,0x00,0x6f,0xb0,0x00,0x00,0x0d,0xe8,0xf8,0x00,0x09,0xfb,0x00,0x0b,0xf1,0x1b,0xfe,
  0x10,0x00,0x00,0x00,0x00,0x34,0x00,0x07,0xf5,0x00,0x00,0x00,0x00,0x00,0x05,0xf8,0x00,0x00,0x00,0x00,0x00,0x00,0x9f,0x30,
  0x00,0x07,0xff,0xff,0xff,0xff,0xff,0xff,0xff,0xff,0xff,0xff,0x70,0x00,0xbf,0x00,0x2f,0xff,0xff,0xff,0xff,0xf5,0x00,0xfb,
  0x00,0x00,0xbf,0x2f,0xff,0xff,0xff,0xff,0xff,0xff,0xf3,0xfb,0x00,0x00,0x00,0x00,0x00,0x00,0x00,0x0b,0xf6,0x00,0x00,0x3f,
  0xe1,0x00,0x00,0x8f,0xf0,0x00,0x00,0x00,0x00,0x00,0xce,0x55,0x55,0x55,0xfd,0x55,0x55,0x57,0xf8,0x00,0x00,0x45,0x55,0x56,
  0x55,0x55,0xee,0x55,0x55,0x55,0x55,0x54,0x00,0x00,0x3f,0xe0,0x00,0x00,0x08,0x75,0xf8,0x00,0x8f,0xf9,0x00,0x07,0xf8,0xdf,
  0xd2,0x00,0x00,0x00,0x01,0x91,0x00,0x00,0x0a,0xf6,0x00,0x00,0x00,0x00,0x00,0x05,0xf8,0x00,0x00,0x00,0x00,0x00,0x00,0x9f,
  0x30,0x00,0x02,0x55,0x55,0x55,0x55,0x5d,0xf5,0x55,0x55,0x55,0x55,0x20,0x00,0xbf,0x00,0x2f,0xb7,0x77,0x77,0x79,0xf5,0x00,
  0xfb,0x00,0x00,0xbf,0x00,0x06,0xfc,0x00,0x00,0x0c,0xd2,0x00,0xfb,0x00,0x00,0x00,0x00,0x00,0x00,0x00,0x0d,0xf4,0x00,0x00,
  0x7f,0xb0,0x00,0x00,0x4f,0xf0,0x00,0x00,0x00,0x00,0x00,0xcf,0xff,0xff,0xff,0xff,0xff,0xff,0xff,0xf8,0x00,0x00,0xbf,0xff,
  0xff,0xff,0xff,0xff,0xff,0xff,0xff,0xff,0xfb,0x00,0x00,0x1f,0xf1,0x00,0x00,0x00,0x05,0xf8,0x08,0xff,0xf9,0x00,0x03,0xff,
  0xfb,0x10,0x00,0x00,0x00,0x07,0xf9,0x00,0x00,0x0d,0xfc,0x00,0x00,0x00,0x00,0x00,0x05,0xf8,0x00,0x00,0x00,0x00,0x00,0x00,
  0x9f,0x30,0x00,0x00,0x00,0x00,0x00,0x00,0x0c,0xf0,0x00,0x00,0x00,0x00,0x00,0x00,0xbf,0x00,0x2f,0x80,0x0d,0xd0,0x05,0xf5,
  0x00,0xfb,0x00,0x00,0xbf,0x00,0x7f,0xfc,0xbb,0xbb,0xbc,0xed,0x40,0xfb,0x00,0x00,0x00,0x00,0x00,0x00,0x00,0x0e,0xf3,0x00,
  0x00,0x9f,0x80,0x00,0x00,0x2f,0xf0,0x00,0x00,0x00,0x00,0x00,0xce,0x33,0x33,0x33,0xfd,0x33,0x33,0x35,0xf8,0x00,0x00,0x46,
  0x66,0x66,0x66,0xdf,0xfe,0xfd,0x66,0x66,0x66,0x64,0x00,0x00,0x0f,0xf2,0x00,0x00,0x00,0x05,0xf8,0xaf,0xe7,0xf9,0x00,0x00,
  0xef,0x70,0x00,0x00,0x00,0x00,0x0d,0xf4,0x00,0x00,0x2f,0xff,0x40,0x00,0x00,0x00,0x00,0x05,0xf9,0x44,0x44,0x44,0x44,0x44,
  0x44,0xbf,0x30,0x00,0x00,0x00,0xeb,0x00,0x00,0x0c,0xf0,0x00,0x00,0x3e,0x80,0x00,0x00,0xbf,0x00,0x2f,0x80,0x0e,0xd0,0x05,
  0xf5,0x00,0xfb,0x00,0x00,0xbf,0x1b,0xfd,0xfd,0x99,0x99,0xdc,0x4e,0xf5,0xfb,0x00,0x00,0x00,0x00,0x00,0x00,0x00,0x0f,0xf2,
  0x00,0x00,0x9f,0x80,0x00,0x00,0x1f,0xf0,0x00,0x00,0x00,0x00,0x00,0xce,0x44,0x44,0x44,0xfd,0x44,0x44,0x45,0xf8,0x00,0x00,
  0x00,0x00,0x00,0x06,0xfa,0xee,0x9f,0x80,0x00,0x00,0x00,0x00,0x00,0x0e,0xf3,0x00,0x00,0x00,0x05,0xf8,0x8d,0x33,0xf9,0x00,
  0x00,0x9f,0x70,0x00,0x00,0x00,0x00,0x5f,0xd0,0x00,0x00,0x8f,0xaf,0xb0,0x00,0x00,0x00,0x00,0x05,0xff,0xff,0xff,0xff,0xff,
  0xff,0xff,0xff,0x30,0x00,0x00,0x00,0xfc,0x00,0x00,0x0c,0xf0,0x00,0x00,0x3f,0x90,0x00,0x00,0xbf,0x00,0x2f,0x80,0x1f,0xc0,
  0x05,0xf5,0x00,0xfb,0x00,0x00,0xbf,0x3e,0xb1,0xf9,0x01,0x00,0xda,0x03,0x90,0xfb,0x00,0x00,0x00,0x00,0x00,0x00,0x00,0x0e,
  0xf3,0x00,0x00,0x9f,0x80,0x00,0x00,0x2f,0xf0,0x00,0x00,0x00,0x00,0x00,0xcf,0xff,0xff,0xff,0xff,0xff,0xff,0xff,0xf8,0x00,
  0x00,0x00,0x00,0x00,0x5e,0xd1,0xee,0x0c,0xf6,0x00,0x00,0x00,0x00,0x00,0x0e,0xf2,0x00,0x00,0x00,0x05,0xf8,0x01,0x03,0xf9,
  0x00,0x00,0x3f,0xd1,0x00,0x00,0x00,0x00,0xdf,0x60,0x00,0x01,0xee,0x2b,0xf5,0x00,0x00,0x00,0x00,0x02,0x77,0x77,0x77,0x77,
  0x77,0x77,0x77,0x77,0x10,0x00,0x00,0x00,0xfc,0x00,0x00,0x0c,0xf0,0x00,0x00,0x3f,0x90,0x00,0x00,0xbf,0x00,0x1a,0x50,0xaf,
  0x80,0x23,0xa3,0x00,0xfb,0x00,0x00,0xbf,0x03,0x00,0xf9,0x07,0xfe,0xf7,0x20,0x00,0xfb,0x00,0x00,0x00,0x00,0x00,0x00,0x00,
  0x0d,0xf4,0x00,0x00,0x7f,0xa0,0x00,0x00,0x4f,0xf0,0x00,0x00,0x00,0x00,0x00,0x46,0x66,0x66,0x66,0xfd,0x66,0x66,0x66,0x63,
  0x00,0x00,0x00,0x00,0x06,0xee,0x30,0xee,0x02,0xdf,0x70,0x00,0x00,0x00,0x00,0x1f,0xf1,0x00,0x00,0x00,0x05,0xf8,0x00,0x03,
  0xf9,0x00,0x00,0x0b,0xf9,0x00,0x00,0x00,0x06,0xfe,0x00,0x00,0x0a,0xf9,0x03,0xed,0x10,0x00,0x00,0x00,0x01,0x40,0x00,0x00,
  0x00,0x00,0x10,0x00,0x19,0x20,0x00,0x00,0x00,0xfc,0x00,0x00,0x0c,0xf0,0x00,0x00,0x3f,0x90,0x00,0x00,0xbf,0x00,0x02,0x6d,
  0xfb,0x0a,0xfc,0x71,0x00,0xfb,0x00,0x00,0xbf,0x00,0x00,0xf9,0x01,0x46,0x40,0xdc,0x00,0xfb,0x00,0x00,0x00,0x00,0x00,0x00,
  0x00,0x0c,0xf6,0x00,0x00,0x3f,0xe0,0x00,0x00,0x8f,0xf0,0x00,0x00,0x00,0x00,0x03,0x44,0x44,0x44,0x44,0xfd,0x44,0x44,0x44,
  0x44,0x20,0x00,0x00,0x00,0x8f,0xe4,0x00,0xee,0x00,0x2d,0xf9,0x10,0x00,0x00,0x00,0x2f,0xe0,0x00,0x00,0x00,0x05,0xf8,0x00,
  0x03,0xf9,0x00,0x00,0x03,0xef,0x60,0x00,0x00,0x1e,0xf7,0x00,0x00,0x8f,0xe1,0x00,0x8f,0xc0,0x00,0x00,0x00,0x08,0xf7,0x05,
  0xc7,0x00,0x1c,0xd1,0x00,0x8f,0xb0,0x00,0x00,0x00,0xfc,0x00,0x00,0x0c,0xf0,0x00,0x00,0x3f,0x90,0x00,0x00,0xbf,0x08,0xdf,
  0xfc,0x60,0x00,0x5b,0xfe,0x60,0xfb,0x00,0x00,0xbf,0x00,0x00,0xed,0x88,0x88,0x8b,0xfa,0x00,0xfb,0x00,0x00,0x00,0x00,0x00,
  0x00,0x00,0x08,0xf9,0x00,0x00,0x0c,0xf9,0x00,0x03,0xef,0xf0,0x00,0x00,0x00,0x00,0x0b,0xff,0xff,0xff,0xff,0xff,0xff,0xff,
  0xff,0xff,0x90,0x00,0x00,0x2c,0xfe,0x40,0x00,0xee,0x00,0x03,0xdf,0xd4,0x00,0x00,0x00,0x6f,0xc0,0x00,0x00,0x00,0x05,0xf8,
  0x00,0x03,0xf9,0x00,0x5b,0x40,0x8f,0xe3,0x00,0x00,0x9f,0xd0,0x00,0x08,0xfe,0x40,0x00,0x0c,0xfc,0x10,0x00,0x00,0x2e,0xe2,
  0x02,0xfe,0x10,0x0a,0xf9,0x00,0x0d,0xf6,0x00,0x00,0x00,0xfc,0x00,0x00,0x0c,0xf0,0x00,0x00,0x4f,0x90,0x00,0x00,0xbf,0x02,
  0xa7,0x30,0x00,0x00,0x00,0x49,0x00,0xfb,0x00,0x00,0xbf,0x00,0x00,0x6b,0xcd,0xdd,0xcb,0x91,0x00,0xfb,0x00,0x00,0x00,0x00,
  0x00,0x00,0x00,0x05,0xfd,0x00,0x00,0x03,0xef,0xeb,0xcf,0x7e,0xf0,0x00,0x00,0x00,0x00,0x04,0x66,0x66,0x66,0x66,0xfd,0x66,
  0x66,0x66,0x66,0x40,0x00,0x08,0xef,0xc2,0x00,0x00,0xee,0x00,0x00,0x1b,0xff,0xc5,0x00,0x00,0x9f,0x80,0x00,0x00,0x00,0x05,
  0xf8,0x00,0x03,0xfa,0x8d,0xfe,0x50,0x0b,0xfe,0x30,0x04,0xff,0x60,0x02,0xbf,0xe5,0x00,0x00,0x01,0xcf,0xd4,0x00,0x00,0xcf,
  0x90,0x00,0xbf,0x70,0x02,0xee,0x20,0x04,0xfd,0x00,0x00,0x00,0xff,0xff,0xff,0xff,0xff,0xff,0xff,0xff,0x90,0x00,0x00,0xbf,
  0x55,0x55,0x55,0x55,0x55,0x55,0x55,0x55,0xfb,0x00,0x00,0xbf,0x55,0x55,0x55,0x55,0x55,0x55,0x55,0x55,0xfb,0x00,0x00,0x00,
  0x00,0x00,0x00,0x00,0x01,0xef,0x20,0x00,0x00,0x2a,0xde,0xc5,0x1f,0xf0,0x00,0x00,0x00,0x00,0x24,0x44,0x44,0x44,0x44,0xfd,
  0x44,0x44,0x44,0x44,0x42,0x00,0xbf,0xf9,0x00,0x00,0x00,0xee,0x00,0x00,0x00,0x7e,0xf9,0x00,0x00,0xdf,0x40,0x00,0x00,0x00,
  0x05,0xf8,0x00,0x03,0xff,0xfe,0x81,0x00,0x01,0xcf,0x80,0x03,0xdb,0x00,0x5e,0xfd,0x30,0x00,0x00,0x00,0x1c,0xff,0x90,0x06,
  0xfd,0x10,0x00,0x6f,0xc0,0x00,0xaf,0x80,0x00,0xcf,0x60,0x00,0x00,0xbb,0xbb,0xbb,0xbb,0xbb,0xbb,0xbb,0xcf,0x90,0x00,0x00,
  0xbf,0xff,0xff,0xff,0xff,0xff,0xff,0xff,0xff,0xfb,0x00,0x00,0xbf,0xff,0xff,0xff,0xff,0xff,0xff,0xff,0xff,0xfb,0x00,0x00,
  0x00,0x00,0x00,0x00,0x00,0x00,0x9f,0x80,0x00,0x00,0x00,0x00,0x00,0x1f,0xf0,0x00,0x00,0x00,0x00,0xaf,0xff,0xff,0xff,0xff,
  0xff,0xff,0xff,0xff,0xff,0xf7,0x00,0x2c,0x30,0x00,0x00,0x00,0xee,0x00,0x00,0x00,0x02,0xa2,0x00,0x05,0xfc,0x00,0x00,0x00,
  0x00,0x05,0xf8,0x00,0x01,0xcc,0x60,0x00,0x00,0x00,0x1a,0x00,0x00,0x12,0x00,0x1c,0xa1,0x00,0x00,0x00,0x00,0x00,0x8c,0x10,
  0x00,0xa5,0x00,0x00,0x2c,0x70,0x00,0x35,0x00,0x00,0x5a,0x20,0x00,0x00,0x00,0x00,0x00,0x00,0x00,0x00,0x00,0x3f,0x90,0x00,
  0x00,0xbf,0x54,0x44,0x44,0x44,0x44,0x44,0x44,0x45,0xfb,0x00,0x00,0xbf,0x54,0x44,0x44,0x44,0x44,0x44,0x44,0x45,0xfb,0x00,
  0x00,0x00,0x00,0x00,0x00,0x00,0x00,0x2e,0xe0,0x00,0x00,0x00,0x00,0x00,0x1f,0xf0,0x00,0x00,0x00,0x00,0x57,0x77,0x77,0x77,
  0x77,0x77,0x77,0x77,0x77,0x77,0x73,0x00,0x00,0x00,0x00,0x00,0x00,0xee,0x00,0x00,0x00,0x00,0x00,0x00,0x0b,0xf5,0x00,0x00,
  0x00,0x00,0x00,0x21,0x00,0x00,0x00,0x00,0x00,0x00,0x00,0x00,0x00,0x00,0x00,0x00,0x00,0x00,0x00,0x00,0x00,0x00,0x00,0x00,
  0x00,0x00,0x00,0x00,0x00,0x00,0x00,0x00,0x00,0x00,0x00,0x00,0x00,0x00,0x00,0x00,0x00,0x00,0x00,0x00,0x00,0x00,0x00,0x00,
  0x00,0x00,0x12,0x00,0x00,0x00,0x00,0x00,0x00,0x00,0x00,0x21,0x00,0x00,0x12,0x00,0x00,0x00,0x00,0x00,0x00,0x00,0x00,0x21,
  0x00,0x00,0x00,0x00,0x00,0x00,0x00,0x00,0x08,0xf8,0x00,0x00,0x00,0x00,0x00,0x1f,0xf0,0x00,0x00,0x00,0x00,0x00,0x00,0x00,
  0x00,0x00,0x00,0x00,0x00,0x00,0x00,0x00,0x00,0x00,0x00,0x00,0x00,0x00,0x22,0x00,0x00,0x00,0x00,0x00,0x00,0x5f,0xb0,0x00,
  0x00,0x00,0x00,0x00,0x00,0x00,0x00,0x00,0x00,0x00,0x00,0x00,0x00,0x00,0x00,0x00,0x00,0x00,0x00,0x00,0x00,0x00,0x00,0x00,
  0x00,0x00,0x00,0x00,0x00,0x00,0x00,0x00,0x00,0x00,0x00,0x00,0x00,0x00,0x00,0x00,0x00,0x00,0x00,0x00,0x00,0x00,0x00,0x00,
  0x00,0x00,0x00,0x00,0x00,0x00,0x00,0x00,0x00,0x00,0x00,0x00,0x00,0x00,0x00,0x00,0x00,0x00,0x00,0x00,0x00,0x00,0x00,0x00,
  0x00,0x00,0x00,0x00,0x00,0x00,0x00,0x00,0x00,0x00,0xce,0x20,0x00,0x00,0x00,0x00,0x1f,0xf0,0x00,0x00,0x00,0x00,0x00,0x00,
  0x00,0x00,0x00,0x00,0x00,0x00,0x00,0x00,0x00,0x00,0x00,0x00,0x00,0x00,0x00,0x00,0x00,0x00,0x00,0x00,0x00,0x00,0xde,0x10,
  0x00,0x00,0x00,0x00,0x00,0x00,0x00,0x00,0x00,0x00,0x00,0x00,0x00,0x00,0x00,0x00,0x00,0x00,0x00,0x00,0x00,0x00,0x00,0x00,
  0x00,0x00,0x00,0x00,0x00,0x00,0x00,0x00,0x00,0x00,0x00,0x00,0x00,0x00,0x00,0x00,0x00,0x00,0x00,0x00,0x00,0x00,0x00,0x00,
  0x00,0x00,0x00,0x00,0x00,0x00,0x00,0x00,0x00,0x00,0x00,0x00,0x00,0x00,0x00,0x00,0x00,0x00,0x00,0x00,0x00,0x00,0x00,0x00,
  0x00,0x00,0x00,0x00,0x00,0x00,0x00,0x00,0x00,0x00,0x00,0x00,0x00,0x00,0x00,0x00,0x00,0x1f,0xf0,0x00,0x00,0x00,0x00,0x00,
  0x00,0x00,0x00,0x00,0x00,0x00,0x00,0x00,0x00,0x00,0x00,0x00,0x00,0x00,0x00,0x00,0x00,0x00,0x00,0x00,0x00,0x00,0x00,0x00,
  0x00,0x00,0x00,0x00,0x00,0x00,0x00,0x00,0x00,0x00,0x00,0x00,0x00,0x00,0x00,0x00,0x00,0x00,0x00,0x00,0x00,0x00,0x00,0x00,
  0x00,0x00,0x00,0x00,0x00,0x00,0x00,0x00,0x00,0x00,0x00,0x00,0x00,0x00,0x00,0x00,0x00,0x00,0x00,0x00,0x00,0x00,0x00,0x00,
  0x00,0x00,0x00,0x00,0x00,0x00,0x00,0x00,0x00,0x00,0x00,0x00,0x00,0x00,0x00,0x00,0x00,0x00,0x00,0x00,0x00,0x00,0x00,0x00,
  0x00,0x00,0x00,0x00,0x00,0x00,0x00,0x00,0x00,0x00,0x00,0x00,0x00,0x00,0x00,0x00,0x00,0x00,0x1f,0xf0,0x00,0x00,0x00,0x00,
  0x00,0x00,0x00,0x00,0x00,0x00,0x00,0x00,0x00,0x00,0x00,0x00,0x00,0x00,0x00,0x00,0x00,0x00,0x00,0x00,0x00,0x00,0x00,0x00,
  0x00,0x00,0x00,0x00,0x00,0x00,0x00,0x00,0x00,0x00,0x00,0x00,0x00,0x00,0x00,0x00,0x00,0x00,0x00,0x00,0x00,0x00,0x00,0x00,
  0x00,0x00,0x00,0x00,0x00,0x00,0x00,0x00,0x00,0x00,0x00,0x00,0x00,0x00,0x00,0x00,0x00,0x00,0x00,0x00,0x00,0x00,0x00,0x00,
  0x00,0x00,0x00,0x00,0x00,0x00,0x00,0x00,0x00,0x00,0x00,0x00,0x00,0x00,0x00,0x00,0x00,0x00,0x00,0x00,0x00,0x00,0x00,0x00,
  0x00,0x00,0x00,0x00,0x00,0x00,0x00,0x00,0x00,0x00,0x00,0x00,0x00,0x00,0x00,0x00,0x00,0x00,0x00,0x00,0x00,0x00,0x00,0x00,
  0x00,0x00,0x00,0x00,0x00,0x00,0x00,0x00,0x00,0x00,0x00,0x00,0x00,0x00,0x00,0x00,0x00,0x00,0x00,0x00,0x00,0x00,0x00,0x00,
  0x00,0x00,0x00,0x00,0x00,0x00,0x00,0x00,0x00,0x00,0x00,0x00,0x00,0x00,0x00,0x00,0x00,0x00,0x00,0x00,0x00,0x00,0x00,0x00,
  0x00,0x00,0x00,0x00,0x00,0x00,0x00,0x00,0x00,0x00,0x00,0x00,0x00,0x00,0x00,0x00,0x00,0x00,0x00,0x00,0x00,0x00,0x00,0x00,
  0x00,0x00,0x00,0x00,0x00,0x00,0x00,0x00,0x00,0x00,0x00,0x00,0x00,0x00,0x00,0x00,0x00,0x00,0x00,0x00,0x00,0x00,0x00,0x00,
  0x00,0x00,0x00,0x00,0x00,0x00,0x00,0x00,0x00,0x00,0x00,0x00,0x00,0x00,0x00,0x00,0x00,0x00,0x00,0x00,0x00,0x00,0x00,0x00,
  0x00,0x00,0x00,0x00,0x00,0x00,0x00,0x00,0x00,0x00,0x00,0x00,0x00,0x00,0x00,0x00,0x00,0x00,0x00,0x00,0x00,0x00,0x00,0x00,
  0x00,0x00,0x00,0x00,0x00,0x00,
};
#define GUI_TXT_CAL9_HINT_W 242
#define GUI_TXT_CAL9_HINT_H 30

static const uint8_t gui_txt_s_line1_bits[4914] = {
  0x00,0x00,0x00,0x00,0x00,0x00,0x00,0x00,0x00,0x00,0x00,0x00,0x00,0x00,0x00,0x00,0x00,0x00,0x00,0x00,0x00,0x00,0x00,0x00,
  0x00,0x00,0x00,0x00,0x00,0x00,0x00,0x00,0x00,0x00,0x00,0x00,0x00,0x00,0x00,0x00,0x00,0x00,0x00,0x00,0x00,0x00,0x00,0x00,
  0x00,0x00,0x00,0x00,0x00,0x00,0x00,0x00,0x00,0x00,0x00,0x00,0x00,0x00,0x00,0x00,0x00,0x00,0x00,0x00,0x00,0x00,0x00,0x00,
  0x00,0x00,0x00,0x00,0x00,0x00,0x00,0x00,0x00,0x00,0x00,0x00,0x00,0x00,0x00,0x00,0x00,0x00,0x00,0x00,0x00,0x00,0x00,0x00,
  0x00,0x00,0x00,0x00,0x00,0x00,0x00,0x00,0x00,0x00,0x00,0x00,0x00,0x00,0x00,0x00,0x00,0x00,0x00,0x00,0x00,0x00,0x00,0x00,
  0x00,0x00,0x00,0x00,0x00,0x00,0x00,0x00,0x00,0x00,0x00,0x00,0x00,0x00,0x00,0x00,0x00,0x00,0x00,0x00,0x00,0x00,0x00,0x00,
  0x00,0x00,0x00,0x00,0x00,0x00,0x00,0x00,0x00,0x00,0x00,0x00,0x00,0x00,0x00,0x00,0x00,0x00,0x00,0x00,0x00,0x00,0x00,0x00,
  0x00,0x00,0x00,0x00,0x00,0x00,0x00,0x00,0x00,0x00,0x00,0x00,0x00,0x00,0x00,0x00,0x00,0x00,0x00,0x00,0x00,0x00,0x00,0x00,
  0x00,0x00,0x00,0x00,0x00,0x00,0x00,0x00,0x00,0x00,0x00,0x00,0x00,0x00,0x00,0x00,0x00,0x00,0x00,0x00,0x00,0x00,0x00,0x00,
  0x00,0x00,0x00,0x00,0x00,0x00,0x00,0x00,0x00,0x00,0x00,0x00,0x00,0x00,0x00,0x00,0x00,0x00,0x00,0x00,0x00,0x00,0x00,0x00,
  0x00,0x00,0x00,0x00,0x00,0x00,0x00,0x00,0x00,0x00,0x00,0x00,0x00,0x00,0x00,0x00,0x00,0x00,0x00,0x00,0x00,0x00,0x00,0x00,
  0x00,0x00,0x00,0x00,0x00,0x00,0x00,0x00,0x00,0x00,0x00,0x00,0x00,0x00,0x00,0x00,0x00,0x00,0x00,0x00,0x00,0x00,0x00,0x00,
  0x00,0x00,0x00,0x00,0x00,0x00,0x00,0x00,0x00,0x00,0x00,0x00,0x00,0x00,0x00,0x00,0x00,0x00,0x00,0x00,0x00,0x00,0x00,0x00,
  0x00,0x00,0x00,0x00,0x00,0x00,0x00,0x00,0x00,0x00,0x00,0x00,0x00,0x00,0x00,0x00,0x00,0x00,0x00,0x00,0x00,0x00,0x00,0x00,
  0x00,0x00,0x00,0x00,0x00,0x00,0x00,0x00,0x00,0x00,0x00,0x00,0x00,0x00,0x00,0x00,0x00,0x00,0x00,0x00,0x00,0x00,0x00,0x00,
  0x00,0x00,0x00,0x00,0x00,0x00,0x00,0x00,0x00,0x00,0x02,0x00,0x00,0x00,0x00,0x00,0x00,0x00,0x00,0x46,0x00,0x00,0x00,0x00,
  0x04,0x00,0x00,0x00,0x00,0x00,0x00,0x00,0x00,0x00,0x00,0x00,0x00,0x00,0x00,0x00,0x00,0x00,0x00,0x00,0x00,0x00,0x00,0x00,
  0x00,0x00,0x00,0x00,0x00,0x00,0x00,0x00,0x00,0x00,0x00,0x00,0x00,0x00,0x00,0x00,0x00,0x00,0x00,0x00,0x00,0x00,0x00,0x00,
  0x00,0x00,0x00,0x00,0x00,0x00,0x00,0x00,0x00,0x00,0x00,0x00,0x00,0x00,0x00,0x00,0x00,0x00,0x00,0x00,0x00,0x00,0x00,0x00,
  0x00,0x00,0x00,0x00,0x00,0x00,0x00,0x00,0x00,0x00,0x00,0x00,0x00,0x00,0x00,0x00,0x00,0x00,0x00,0x00,0x00,0x00,0x00,0x00,
  0x00,0x00,0x00,0x00,0x00,0x00,0x00,0x00,0x00,0x00,0x00,0x00,0x00,0x00,0x00,0x00,0x00,0x00,0x00,0x00,0x00,0x00,0x00,0x00,
  0x00,0x00,0x00,0x00,0x00,0x00,0x00,0x00,0x00,0x00,0x00,0x00,0x00,0x00,0x00,0x00,0x00,0x00,0x00,0x00,0x00,0x00,0x00,0x00,
  0x00,0x00,0x00,0x00,0x00,0x00,0x00,0x00,0x00,0x00,0x00,0x00,0x00,0x00,0x00,0x00,0x00,0x00,0x00,0x00,0x00,0x00,0x00,0x03,
  0xed,0x00,0x00,0x00,0x00,0x00,0x00,0x00,0x00,0xbf,0x10,0x00,0x00,0x00,0xbf,0x50,0x00,0x00,0x00,0x00,0x00,0x00,0x00,0x00,
  0x00,0x00,0x00,0x00,0x00,0x00,0x00,0x00,0x00,0x00,0x00,0x00,0x00,0x00,0x00,0x00,0x00,0x00,0x00,0x00,0x00,0x00,0x00,0x00,
  0x00,0x00,0x00,0x00,0x00,0x00,0x00,0x00,0x00,0x00,0x00,0x00,0x00,0x00,0x00,0x00,0x00,0x00,0x00,0x00,0x00,0x00,0x00,0x00,
  0x00,0x00,0x00,0x00,0x00,0x00,0x00,0x00,0x00,0x00,0x00,0x00,0x00,0x00,0x00,0x00,0x00,0x00,0x00,0x00,0x00,0x00,0x00,0x00,
  0x00,0x00,0x00,0x00,0x00,0x00,0x00,0x00,0x00,0x00,0x00,0x00,0x00,0x00,0x00,0x00,0x00,0x00,0x00,0x00,0x00,0x00,0x00,0x00,
  0x00,0x00,0x00,0x00,0x00,0x00,0x00,0x00,0x00,0x00,0x00,0x00,0x00,0x00,0x00,0x00,0x00,0x00,0x00,0x00,0x00,0x00,0x00,0x00,
  0x00,0x00,0x00,0x00,0x00,0x00,0x00,0x00,0x00,0x00,0x00,0x00,0x00,0x00,0x00,0x00,0x00,0x00,0x00,0x00,0x00,0x00,0x00,0x00,
  0x00,0x00,0x00,0x00,0x00,0x00,0x00,0x00,0x00,0x00,0x00,0x00,0x00,0x00,0xdf,0x50,0x00,0x00,0x00,0x00,0x00,0x00,0x00,0xbf,
  0x10,0x00,0x00,0x00,0x6f,0xa0,0x00,0x00,0x00,0x00,0x00,0x00,0x00,0x00,0x00,0x00,0x00,0x00,0x00,0x00,0x00,0x00,0x00,0x00,
  0x00,0x00,0x00,0x00,0x00,0x00,0x00,0x00,0x00,0x00,0x00,0x00,0x00,0x00,0x00,0x00,0x00,0x00,0x00,0x00,0x00,0x00,0x00,0x00,
  0x00,0x00,0x00,0x00,0x00,0x00,0x00,0x00,0x00,0x00,0x00,0x00,0x00,0x00,0x00,0x00,0x00,0x00,0x00,0x00,0x00,0x00,0x00,0x00,
  0x00,0x00,0x00,0x00,0x00,0x00,0x00,0x00,0x00,0x00,0x00,0x00,0x00,0x00,0x00,0x00,0x00,0x00,0x00,0x00,0x00,0x00,0x00,0x00,
  0x00,0x00,0x00,0x00,0x00,0x00,0x00,0x00,0x00,0x00,0x00,0x00,0x00,0x00,0x00,0x00,0x00,0x00,0x00,0x00,0x00,0x00,0x00,0x00,
  0x00,0x00,0x00,0x00,0x00,0x00,0x00,0x00,0x00,0x00,0x00,0x00,0x00,0x00,0x00,0x00,0x00,0x00,0x00,0x00,0x00,0x00,0x00,0x00,
  0x00,0x00,0x00,0x00,0x00,0x00,0x00,0x00,0x00,0x00,0x00,0x00,0x00,0x00,0x00,0x00,0x00,0x00,0x00,0x00,0x00,0x00,0x00,0x00,
  0x00,0x00,0x00,0x00,0x8f,0xa0,0x00,0x00,0x00,0x00,0x00,0x00,0x00,0xbf,0x10,0x0a,0xbb,0xbb,0xcf,0xeb,0xbb,0xbb,0x50,0x00,
  0x00,0x00,0x00,0x00,0x00,0x00,0x00,0x00,0x00,0x00,0x01,0x6b,0xde,0xec,0xa6,0x10,0x00,0x0a,0xff,0xff,0xed,0xa5,0x00,0x00,
  0x00,0x02,0x8c,0xee,0xd9,0x20,0x00,0x00,0x05,0xbd,0xed,0x81,0x00,0x00,0x0a,0xf7,0x00,0x00,0x00,0x0a,0xf7,0x00,0x0e,0xff,
  0xff,0xff,0xff,0xff,0x10,0x07,0xff,0xff,0xff,0xf9,0x00,0x00,0x02,0x9d,0xed,0x81,0x00,0x00,0xff,0xff,0xff,0x20,0x0a,0xff,
  0xb0,0x00,0x00,0x00,0x00,0xcf,0xf8,0x00,0xbf,0xff,0xff,0xff,0xff,0xff,0x30,0x00,0x05,0xad,0xee,0xa0,0x00,0x00,0x00,0x00,
  0x00,0x00,0x00,0x00,0x00,0x28,0xce,0xed,0xb6,0x10,0x00,0x00,0x00,0x00,0x00,0x00,0x00,0x00,0x00,0x00,0x00,0x00,0x00,0x00,
  0x00,0x00,0x00,0x00,0x00,0x00,0x00,0x00,0x00,0x00,0x00,0x00,0x00,0x00,0x00,0x00,0x00,0x00,0x00,0xaf,0xfb,0x00,0x00,0x00,
  0x00,0x0c,0xff,0x80,0x00,0xef,0xff,0xff,0xff,0xff,0xf1,0x00,0x00,0x00,0x67,0x77,0x77,0x77,0x8f,0xe7,0x77,0x77,0x77,0x76,
  0x00,0x04,0x77,0xdf,0x76,0x0d,0xfd,0xdd,0xdd,0xdd,0xdd,0xef,0x70,0x00,0x00,0x00,0x00,0x00,0x00,0x00,0x00,0x00,0x00,0x00,
  0x6e,0xff,0xdb,0xce,0xff,0x40,0x00,0x0a,0xfd,0xbb,0xce,0xff,0xc2,0x00,0x00,0x8e,0xfe,0xdc,0xef,0xe5,0x00,0x02,0xcf,0xfd,
  0xde,0xfd,0x20,0x00,0x0a,0xf7,0x00,0x00,0x00,0x0a,0xf7,0x00,0x0b,0xcc,0xcc,0xcc,0xcc,0xfe,0x00,0x08,0xfd,0xcc,0xcc,0xc7,
  0x00,0x00,0x4e,0xfe,0xce,0xfe,0x30,0x00,0x48,0xff,0x95,0x00,0x0a,0xff,0xe1,0x00,0x00,0x00,0x03,0xff,0xf8,0x00,0x8b,0xbb,
  0xbe,0xfc,0xbb,0xbb,0x20,0x01,0xbf,0xfe,0xcc,0xc0,0x00,0x00,0x00,0x00,0x00,0x00,0x00,0x00,0x07,0xef,0xec,0xbd,0xff,0x80,
  0x00,0x00,0x00,0x00,0x00,0x00,0x00,0x00,0x00,0x00,0x00,0x00,0x00,0xe4,0x00,0x00,0x00,0x00,0x00,0x00,0x00,0x00,0x00,0x00,
  0x00,0x00,0x00,0x00,0x00,0x00,0x00,0x00,0x00,0xaf,0xfe,0x10,0x00,0x00,0x00,0x3f,0xff,0x80,0x00,0xbc,0xcc,0xcc,0xcc,0xcf,
  0xe0,0x00,0x00,0x00,0xef,0xff,0xff,0xff,0xff,0xff,0xff,0xff,0xff,0xfe,0x00,0x0a,0xff,0xff,0xfe,0x0d,0xe0,0x00,0x00,0x00,
  0x00,0x5f,0x70,0x00,0x00,0x00,0x00,0x00,0x00,0x00,0x00,0x00,0x00,0x07,0xff,0x81,0x00,0x00,0x48,0x00,0x00,0x0a,0xf7,0x00,
  0x00,0x4c,0xfe,0x20,0x00,0x6e,0x60,0x00,0x1a,0xfe,0x00,0x04,0xea,0x20,0x02,0xcf,0xa0,0x00,0x0a,0xf7,0x00,0x00,0x00,0x0a,
  0xf7,0x00,0x00,0x00,0x00,0x00,0x06,0xfa,0x00,0x0a,0xf4,0x00,0x00,0x00,0x00,0x00,0xdf,0x70,0x00,0xaf,0xd0,0x00,0x00,0xff,
  0x20,0x00,0x0a,0xfc,0xf6,0x00,0x00,0x00,0x08,0xfc,0xf8,0x00,0x00,0x00,0x0c,0xf4,0x00,0x00,0x00,0x0c,0xfb,0x30,0x00,0x00,
  0x00,0x00,0x00,0x00,0x00,0x00,0x00,0x00,0x8f,0xe8,0x10,0x00,0x39,0x10,0x00,0x00,0x00,0x00,0x00,0x00,0x00,0x00,0x00,0x00,
  0x00,0x00,0x05,0xf5,0x00,0x00,0x00,0x00,0x00,0x00,0x00,0x00,0x00,0x00,0x00,0x00,0x00,0x00,0x00,0x00,0x00,0x00,0x00,0xaf,
  0xcf,0x60,0x00,0x00,0x00,0x8f,0xcf,0x80,0x00,0x00,0x00,0x00,0x00,0x6f,0xa0,0x00,0x00,0x00,0x44,0x44,0x44,0x44,0x5f,0xd4,
  0x44,0x44,0x44,0x44,0x00,0x03,0x44,0xcf,0x54,0x0d,0xe0,0x00,0x00,0x01,0x00,0x5f,0x70,0x00,0x00,0x00,0x00,0x00,0x00,0x00,
  0x00,0x00,0x00,0x3e,0xf6,0x00,0x00,0x00,0x00,0x00,0x00,0x0a,0xf7,0x00,0x00,0x00,0xbf,0xc0,0x00,0x00,0x00,0x00,0x01,0xef,
  0x30,0x00,0x20,0x00,0x00,0x3f,0xe0,0x00,0x0a,0xf7,0x00,0x00,0x00,0x0a,0xf7,0x00,0x00,0x00,0x00,0x00,0x0c,0xf4,0x00,0x0b,
  0xf3,0x00,0x00,0x00,0x00,0x06,0xfb,0x00,0x00,0x0c,0xf5,0x00,0x00,0xff,0x20,0x00,0x0a,0xf7,0xfb,0x00,0x00,0x00,0x0d,0xe8,
  0xf8,0x00,0x00,0x00,0x0c,0xf4,0x00,0x00,0x00,0x6f,0xb0,0x00,0x00,0x00,0x00,0x00,0x00,0x00,0x00,0x00,0x00,0x04,0xff,0x50,
  0x00,0x00,0x00,0x00,0x00,0x00,0x00,0x00,0x00,0x00,0x00,0x00,0x00,0x00,0x00,0x00,0x0b,0xf5,0x00,0x00,0x00,0x00,0x00,0x00,
  0x00,0x00,0x00,0x00,0x00,0x00,0x00,0x00,0x00,0x00,0x00,0x00,0x00,0xaf,0x7f,0xb0,0x00,0x00,0x00,0xde,0x8f,0x80,0x00,0x00,
  0x00,0x00,0x00,0xcf,0x40,0x00,0x00,0x00,0x00,0x00,0x00,0x00,0x0f,0xc0,0x00,0x00,0x00,0x00,0x00,0x00,0x00,0xbf,0x10,0x0b,
  0xb0,0x2d,0x60,0x1c,0xc1,0x38,0x40,0x00,0xce,0x50,0x00,0x00,0x00,0x00,0x00,0x00,0x00,0xbf,0xa0,0x00,0x00,0x00,0x00,0x00,
  0x00,0x0a,0xf7,0x00,0x00,0x00,0x2e,0xf4,0x00,0x00,0x00,0x00,0x00,0xef,0x30,0x00,0x00,0x00,0x00,0x0f,0xf1,0x00,0x0a,0xf7,
  0x00,0x00,0x00,0x0a,0xf7,0x00,0x00,0x00,0x00,0x00,0x4f,0xc0,0x00,0x0c,0xf1,0x00,0x00,0x00,0x00,0x09,0xf6,0x00,0x00,0x05,
  0xfa,0x00,0x00,0xff,0x20,0x00,0x0a,0xf4,0xef,0x20,0x00,0x00,0x4f,0x98,0xf8,0x00,0x00,0x00,0x0c,0xf4,0x00,0x00,0x00,0xde,
  0x20,0x00,0x00,0x00,0x00,0x00,0x00,0x00,0x00,0x00,0x00,0x0b,0xfa,0x00,0x00,0x00,0x00,0x00,0x00,0x07,0xce,0xeb,0x50,0x00,
  0x00,0x0e,0xc0,0x2b,0xee,0x04,0xdf,0xff,0xff,0x80,0x00,0x07,0xce,0xd9,0x20,0x00,0x1e,0xf5,0x00,0x00,0x5f,0xe1,0x00,0x00,
  0x00,0x00,0x00,0xaf,0x4e,0xf2,0x00,0x00,0x04,0xf9,0x8f,0x80,0x00,0x00,0x00,0x00,0x04,0xfc,0x00,0x00,0x00,0x00,0x00,0x00,
  0x00,0x00,0x0f,0xc0,0x00,0x00,0x00,0x00,0x00,0x00,0x00,0xbf,0x10,0x00,0x01,0xdf,0x70,0x1b,0xfd,0x30,0x00,0x03,0xff,0x90,
  0x00,0x00,0x00,0x00,0x00,0x00,0x01,0xff,0x30,0x00,0x00,0x00,0x00,0x00,0x00,0x0a,0xf7,0x00,0x00,0x00,0x0b,0xf8,0x00,0x00,
  0x00,0x00,0x05,0xfd,0x00,0x00,0x00,0x00,0x00,0x1f,0xe0,0x00,0x0a,0xf7,0x00,0x00,0x00,0x0a,0xf7,0x00,0x00,0x00,0x00,0x00,
  0xaf,0x60,0x00,0x0d,0xe0,0x00,0x00,0x00,0x00,0x0a,0xf5,0x00,0x00,0x02,0xfd,0x00,0x00,0xff,0x20,0x00,0x0a,0xf4,0x9f,0x70,
  0x00,0x00,0x9f,0x39,0xf8,0x00,0x00,0x00,0x0c,0xf4,0x00,0x00,0x03,0xfc,0x00,0x00,0x00,0x00,0x00,0x00,0x00,0x00,0x00,0x00,
  0x00,0x2f,0xf3,0x00,0x00,0x00,0x00,0x00,0x01,0xcf,0xec,0xce,0xfa,0x00,0x00,0x0e,0xd2,0xef,0xed,0x04,0x8d,0xfa,0x88,0x40,
  0x01,0xcf,0xec,0xef,0xe4,0x00,0x05,0xfd,0x00,0x00,0xdf,0x50,0x00,0x00,0x00,0x00,0x00,0xaf,0x49,0xf7,0x00,0x00,0x09,0xf3,
  0x9f,0x80,0x00,0x00,0x00,0x00,0x0a,0xf6,0x00,0x00,0x00,0x00,0x00,0x00,0x00,0x00,0x0f,0xc0,0x00,0x00,0x00,0x00,0x00,0x00,
  0x00,0xbf,0x10,0x00,0x2d,0xfa,0x00,0x00,0x8f,0xe3,0x00,0x00,0xce,0x40,0x00,0x00,0x00,0x00,0x00,0x00,0x05,0xfe,0x00,0x00,
  0x00,0x00,0x00,0x00,0x00,0x0a,0xf7,0x00,0x00,0x00,0x07,0xfc,0x00,0x00,0x00,0x02,0x7e,0xd3,0x00,0x00,0x00,0x00,0x00,0x6f,
  0xb0,0x00,0x0a,0xf7,0x00,0x00,0x00,0x0a,0xf7,0x00,0x00,0x00,0x00,0x02,0xee,0x00,0x00,0x0e,0xec,0xee,0xd9,0x30,0x00,0x0a,
  0xf6,0x00,0x00,0x02,0xfe,0x00,0x00,0xff,0x20,0x00,0x0a,0xf5,0x3f,0xc0,0x00,0x00,0xed,0x09,0xf8,0x00,0x00,0x00,0x0c,0xf4,
  0x00,0x00,0x05,0xf9,0x19,0xde,0xc7,0x00,0x00,0x00,0x00,0x00,0x00,0x00,0x00,0x5f,0xe0,0x00,0x00,0x00,0x00,0x00,0x0a,0xfa,
  0x10,0x01,0xcf,0x70,0x00,0x0e,0xfc,0xb2,0x00,0x00,0x0c,0xf5,0x00,0x00,0x0a,0xf9,0x00,0x08,0xfd,0x00,0x00,0xaf,0x80,0x08,
  0xfa,0x00,0x00,0x00,0x00,0x00,0x00,0xaf,0x53,0xfc,0x00,0x00,0x0e,0xd0,0x9f,0x80,0x00,0x00,0x00,0x00,0x2e,0xe0,0x00,0x00,
  0x00,0x00,0x00,0x00,0x00,0x00,0x0f,0xc0,0x00,0x00,0x00,0x00,0x00,0x00,0x00,0xbf,0x5b,0x55,0xef,0x90,0x00,0x00,0x08,0xfb,
  0x00,0x00,0x00,0x00,0x00,0x00,0x00,0x00,0x00,0x00,0x06,0xfc,0x00,0x00,0x00,0x00,0x00,0x00,0x00,0x0a,0xf7,0x00,0x00,0x00,
  0x06,0xfd,0x00,0x00,0x6f,0xff,0xd7,0x10,0x00,0x00,0x00,0x00,0x00,0xdf,0x40,0x00,0x0a,0xff,0xff,0xff,0xff,0xff,0xf7,0x00,
  0x00,0x00,0x00,0x08,0xf8,0x00,0x00,0x0c,0xed,0xcd,0xff,0xe6,0x00,0x08,0xf9,0x00,0x00,0x07,0xff,0x00,0x00,0xff,0x20,0x00,
  0x0a,0xf5,0x0d,0xf2,0x00,0x04,0xf8,0x09,0xf8,0x00,0x00,0x00,0x0c,0xf4,0x00,0x00,0x08,0xf9,0xde,0xab,0xef,0xc0,0x00,0x00,
  0x00,0x00,0x00,0x00,0x00,0x7f,0xc0,0x00,0x00,0x00,0x00,0x00,0x2f,0xe1,0x00,0x00,0x3f,0xe0,0x00,0x0e,0xfc,0x00,0x00,0x00,
  0x0c,0xf5,0x00,0x00,0x2f,0xd0,0x00,0x00,0xdf,0x50,0x00,0x1e,0xe2,0x2e,0xe1,0x00,0x00,0x00,0x00,0x00,0x00,0xaf,0x50,0xdf,
  0x20,0x00,0x4f,0x80,0x9f,0x80,0x00,0x00,0x00,0x00,0x8f,0x80,0x00,0x00,0x00,0x00,0x07,0x99,0x99,0x99,0x9f,0xe9,0x99,0x99,
  0x99,0x60,0x00,0x00,0x01,0xcf,0xfe,0x62,0xe6,0x00,0x00,0x00,0x00,0x92,0x00,0x00,0x00,0x00,0x00,0x00,0x00,0x00,0x00,0x00,
  0x07,0xfb,0x00,0x00,0x0c,0xff,0xff,0xc0,0x00,0x0a,0xf7,0x00,0x00,0x00,0x05,0xfe,0x00,0x00,0x5c,0xce,0xfe,0x91,0x00,0x00,
  0x00,0x00,0x09,0xfa,0x00,0x00,0x0a,0xfd,0xbb,0xbb,0xbb,0xbd,0xf7,0x00,0x00,0x00,0x00,0x0e,0xf2,0x00,0x00,0x00,0x00,0x00,
  0x2a,0xff,0x30,0x02,0xee,0x40,0x00,0x5e,0xfe,0x00,0x00,0xff,0x20,0x00,0x0a,0xf5,0x08,0xf7,0x00,0x0a,0xf3,0x09,0xf8,0x00,
  0x00,0x00,0x0c,0xf4,0x00,0x00,0x09,0xff,0x90,0x00,0x1c,0xf8,0x00,0x00,0x00,0x00,0x00,0x00,0x00,0x7f,0xb0,0x00,0x00,0x00,
  0x00,0x00,0x6f,0xa0,0x00,0x00,0x0d,0xf4,0x00,0x0e,0xf6,0x00,0x00,0x00,0x0c,0xf5,0x00,0x00,0x6f,0xa0,0x00,0x00,0xaf,0x80,
  0x00,0x06,0xfb,0xbf,0x60,0x00,0x00,0x00,0x00,0x00,0x00,0xaf,0x50,0x8f,0x70,0x00,0xaf,0x30,0x9f,0x80,0x00,0x00,0x00,0x00,
  0xef,0x20,0x00,0x00,0x00,0x00,0x0c,0xff,0xff,0xff,0xff,0xff,0xff,0xff,0xff,0xa0,0x00,0x04,0xae,0xff,0xb2,0x00,0x00,0x00,
  0x00,0x00,0x00,0x00,0x00,0x00,0x00,0x00,0x00,0x00,0x00,0x00,0x00,0x00,0x07,0xfc,0x00,0x00,0x09,0xbb,0xcf,0xc0,0x00,0x0a,
  0xf7,0x00,0x00,0x00,0x06,0xfd,0x00,0x00,0x00,0x00,0x29,0xfd,0x10,0x00,0x00,0x00,0x7f,0xc0,0x00,0x00,0x0a,0xf7,0x00,0x00,
  0x00,0x0a,0xf7,0x00,0x00,0x00,0x00,0x6f,0xb0,0x00,0x00,0x00,0x00,0x00,0x00,0xbf,0x90,0x00,0x7f,0xfc,0xac,0xf8,0xfd,0x00,
  0x00,0xff,0x20,0x00,0x0a,0xf5,0x03,0xfd,0x00,0x0e,0xc0,0x09,0xf8,0x00,0x00,0x00,0x0c,0xf4,0x00,0x00,0x09,0xfc,0x00,0x00,
  0x04,0xfd,0x00,0x00,0x00,0x00,0x00,0x00,0x00,0x7f,0xc0,0x00,0x00,0x00,0x00,0x00,0x9f,0x80,0x00,0x00,0x0a,0xf6,0x00,0x0e,
  0xf3,0x00,0x00,0x00,0x0c,0xf5,0x00,0x00,0x9f,0xff,0xff,0xff,0xff,0x90,0x00,0x00,0xbf,0xfb,0x00,0x00,0x00,0x00,0x00,0x00,
  0x00,0xaf,0x50,0x3f,0xd0,0x00,0xec,0x00,0x9f,0x80,0x00,0x00,0x00,0x06,0xfb,0x00,0x00,0x00,0x00,0x00,0x01,0x22,0x22,0x22,
  0x2f,0xd2,0x22,0x22,0x22,0x10,0x00,0x09,0xfe,0xef,0x10,0x00,0x99,0x99,0x99,0x99,0x99,0x94,0x00,0x00,0x00,0x00,0x00,0x00,
  0x00,0x00,0x00,0x00,0x05,0xfe,0x00,0x00,0x00,0x00,0x4f,0xc0,0x00,0x0a,0xf7,0x00,0x00,0x00,0x08,0xfb,0x00,0x00,0x00,0x00,
  0x00,0xbf,0x80,0x00,0x00,0x05,0xfd,0x20,0x00,0x00,0x0a,0xf7,0x00,0x00,0x00,0x0a,0xf7,0x00,0x00,0x00,0x00,0xdf,0x40,0x00,
  0x00,0x00,0x00,0x00,0x00,0x6f,0xc0,0x00,0x05,0xbe,0xeb,0x44,0xfb,0x00,0x00,0xff,0x20,0x00,0x0a,0xf5,0x00,0xcf,0x30,0x5f,
  0x70,0x09,0xf8,0x00,0x00,0x00,0x0c,0xf4,0x00,0x00,0x09,0xf7,0x00,0x00,0x00,0xff,0x10,0x00,0x00,0x00,0x00,0x00,0x00,0x5f,
  0xe0,0x00,0x00,0x00,0x00,0x00,0x9f,0x80,0x00,0x00,0x0a,0xf7,0x00,0x0e,0xf2,0x00,0x00,0x00,0x0c,0xf5,0x00,0x00,0x9f,0xdb,
  0xbb,0xbb,0xbb,0x70,0x00,0x00,0x6f,0xf5,0x00,0x00,0x0f,0xff,0xff,0xb0,0x00,0xaf,0x50,0x0c,0xf3,0x05,0xf7,0x00,0x9f,0x80,
  0x00,0x00,0x00,0x0d,0xf4,0x00,0x00,0x00,0x00,0x00,0x00,0x00,0x00,0x00,0x0f,0xc0,0x00,0x00,0x00,0x00,0x00,0x03,0x71,0xbf,
  0x10,0x00,0xef,0xff,0xff,0xff,0xff,0xf7,0x00,0x00,0x00,0x00,0x00,0x00,0x00,0x00,0x00,0x00,0x02,0xff,0x20,0x00,0x00,0x00,
  0x4f,0xc0,0x00,0x0a,0xf7,0x00,0x00,0x00,0x0c,0xf8,0x00,0x00,0x00,0x00,0x00,0x6f,0xb0,0x00,0x00,0x5e,0xe3,0x00,0x00,0x00,
  0x0a,0xf7,0x00,0x00,0x00,0x0a,0xf7,0x00,0x00,0x00,0x04,0xfd,0x00,0x00,0x00,0x00,0x00,0x00,0x00,0x5f,0xc0,0x00,0x00,0x00,
  0x00,0x06,0xf8,0x00,0x00,0xff,0x20,0x00,0x0a,0xf5,0x00,0x7f,0x80,0xaf,0x20,0x09,0xf8,0x00,0x00,0x00,0x0c,0xf4,0x00,0x00,
  0x08,0xf8,0x00,0x00,0x00,0xef,0x10,0x00,0x00,0x00,0x00,0x00,0x00,0x2f,0xf2,0x00,0x00,0x00,0x00,0x00,0x9f,0x80,0x00,0x00,
  0x0a,0xf6,0x00,0x0e,0xf2,0x00,0x00,0x00,0x0c,0xf5,0x00,0x00,0x9f,0x80,0x00,0x00,0x00,0x00,0x00,0x01,0xde,0xed,0x00,0x00,
  0x0e,0xee,0xee,0xb0,0x00,0xaf,0x50,0x07,0xf8,0x0a,0xf2,0x00,0x9f,0x80,0x00,0x00,0x00,0x4f,0xd0,0x00,0x00,0x00,0x00,0x00,
  0x00,0x00,0x00,0x00,0x0f,0xc0,0x00,0x00,0x00,0x00,0x00,0x00,0x00,0xbf,0x10,0x00,0x00,0x00,0x3f,0xa0,0x00,0x00,0x00,0x00,
  0x00,0x00,0x00,0x00,0x00,0x00,0x00,0x00,0x00,0xcf,0x90,0x00,0x00,0x00,0x4f,0xc0,0x00,0x0a,0xf7,0x00,0x00,0x00,0x3f,0xf3,
  0x00,0x00,0x00,0x00,0x00,0x7f,0xb0,0x00,0x04,0xee,0x30,0x00,0x00,0x00,0x0a,0xf7,0x00,0x00,0x00,0x0a,0xf7,0x00,0x00,0x00,
  0x0b,0xf6,0x00,0x00,0x00,0x00,0x00,0x00,0x00,0x6f,0xb0,0x00,0x00,0x00,0x00,0x0b,0xf3,0x00,0x00,0xff,0x20,0x00,0x0a,0xf5,
  0x00,0x2f,0xd1,0xeb,0x00,0x09,0xf8,0x00,0x00,0x00,0x0c,0xf4,0x00,0x00,0x05,0xfb,0x00,0x00,0x01,0xfe,0x00,0x00,0x00,0x00,
  0x00,0x00,0x00,0x0d,0xf8,0x00,0x00,0x00,0x00,0x00,0x6f,0xb0,0x00,0x00,0x0d,0xf4,0x00,0x0e,0xf2,0x00,0x00,0x00,0x0c,0xf5,
  0x00,0x00,0x6f,0xb0,0x00,0x00,0x00,0x00,0x00,0x09,0xf8,0x9f,0x90,0x00,0x00,0x00,0x00,0x00,0x00,0xaf,0x50,0x02,0xfd,0x1e,
  0xb0,0x00,0x9f,0x80,0x00,0x00,0x00,0xbf,0x60,0x00,0x00,0x00,0x00,0x00,0x00,0x00,0x00,0x00,0x0f,0xc0,0x00,0x00,0x00,0x00,
  0x00,0x00,0x00,0xbf,0x10,0x00,0x00,0x00,0x2f,0xa0,0x00,0x00,0x00,0x00,0x00,0x00,0x00,0x00,0x00,0x00,0x00,0x00,0x00,0x5f,
  0xe4,0x00,0x00,0x00,0x4f,0xc0,0x00,0x0a,0xf7,0x00,0x00,0x01,0xdf,0xa0,0x00,0x00,0x00,0x00,0x00,0xcf,0x80,0x00,0x3e,0xe4,
  0x00,0x00,0x00,0x00,0x0a,0xf7,0x00,0x00,0x00,0x0a,0xf7,0x00,0x00,0x00,0x2f,0xe1,0x00,0x00,0x00,0x00,0x00,0x00,0x00,0xcf,
  0x70,0x00,0x00,0x00,0x00,0x4f,0xc0,0x00,0x00,0xff,0x20,0x00,0x0a,0xf5,0x00,0x0c,0xfa,0xf6,0x00,0x09,0xf8,0x00,0x00,0x00,
  0x0c,0xf4,0x00,0x00,0x00,0xef,0x30,0x00,0x05,0xfb,0x00,0x00,0x00,0x00,0x00,0x00,0x00,0x06,0xfe,0x30,0x00,0x00,0x00,0x00,
  0x2e,0xe1,0x00,0x00,0x3f,0xe1,0x00,0x0e,0xf2,0x00,0x00,0x00,0x0b,0xf5,0x00,0x00,0x2f,0xe2,0x00,0x00,0x00,0x00,0x00,0x4f,
  0xd1,0x1d,0xf4,0x00,0x00,0x00,0x00,0x00,0x00,0xaf,0x50,0x00,0xcf,0xaf,0x60,0x00,0x9f,0x80,0x00,0x00,0x02,0xfe,0x10,0x00,
  0x00,0x00,0x00,0x00,0x00,0x00,0x00,0x00,0x0f,0xc0,0x00,0x00,0x00,0x00,0x00,0x00,0x00,0xbf,0x10,0x00,0x00,0x00,0x2f,0xa0,
  0x00,0x00,0x00,0x00,0xce,0x40,0x00,0x00,0x00,0x00,0x00,0x00,0x00,0x0a,0xfe,0x71,0x00,0x00,0x5f,0xc0,0x00,0x0a,0xf7,0x00,
  0x00,0x5d,0xfd,0x10,0x00,0xa5,0x00,0x00,0x1a,0xfe,0x10,0x02,0xee,0x40,0x00,0x00,0x00,0x00,0x0a,0xf7,0x00,0x00,0x00,0x0a,
  0xf7,0x00,0x00,0x00,0x9f,0x90,0x00,0x00,0x00,0x56,0x10,0x00,0x1a,0xfe,0x10,0x00,0x00,0x00,0x06,0xee,0x30,0x00,0x00,0xff,
  0x20,0x00,0x0a,0xf5,0x00,0x07,0xff,0xe1,0x00,0x09,0xf8,0x00,0x00,0x00,0x0c,0xf4,0x00,0x00,0x00,0x7f,0xd3,0x00,0x4e,0xf5,
  0x00,0x00,0x00,0x00,0x00,0x00,0x00,0x00,0xbf,0xe6,0x00,0x00,0x15,0x10,0x09,0xfa,0x10,0x01,0xcf,0x80,0x00,0x0e,0xf2,0x00,
  0x00,0x00,0x09,0xfa,0x00,0x00,0x0a,0xfc,0x20,0x00,0x27,0x00,0x00,0xdf,0x50,0x05,0xfd,0x00,0x00,0x00,0x00,0x00,0x00,0xaf,
  0x50,0x00,0x7f,0xfe,0x10,0x00,0x9f,0x80,0x00,0x00,0x09,0xf9,0x00,0x00,0x00,0x00,0x00,0x00,0x00,0x00,0x00,0x00,0x0f,0xc0,
  0x00,0x00,0x00,0x00,0x00,0x00,0x00,0xbf,0x10,0x00,0x00,0x00,0x2f,0xa0,0x00,0x00,0x00,0x03,0xff,0x90,0x00,0x00,0x00,0x00,
  0x00,0x00,0x00,0x00,0x9f,0xfe,0xcb,0xcd,0xff,0xc0,0x00,0x0a,0xfd,0xbb,0xce,0xff,0xb1,0x00,0x00,0xff,0xed,0xcd,0xff,0xe4,
  0x00,0x0c,0xfe,0xcc,0xcc,0xcc,0xca,0x00,0x0a,0xf7,0x00,0x00,0x00,0x0a,0xf7,0x00,0x00,0x01,0xef,0x20,0x00,0x00,0x00,0x7f,
  0xfe,0xcd,0xff,0xe3,0x00,0x00,0x6b,0xab,0xef,0xe4,0x00,0x00,0x48,0xff,0x95,0x00,0x0a,0xf5,0x00,0x01,0xef,0xb0,0x00,0x09,
  0xf8,0x00,0x00,0x00,0x0c,0xf4,0x00,0x00,0x00,0x0a,0xff,0xcd,0xff,0x90,0x00,0x00,0x00,0x00,0x00,0x00,0x00,0x00,0x0b,0xff,
  0xec,0xcd,0xff,0x10,0x00,0xbf,0xec,0xce,0xfb,0x00,0x00,0x0e,0xf2,0x00,0x00,0x00,0x04,0xff,0xcc,0x90,0x01,0xbf,0xfd,0xde,
  0xff,0x00,0x09,0xfb,0x00,0x00,0xbf,0x80,0x00,0x00,0x00,0x00,0x00,0xaf,0x50,0x00,0x1e,0xfb,0x00,0x00,0x9f,0x80,0x00,0x00,
  0x1e,0xf2,0x00,0x00,0x00,0x00,0x00,0x04,0x77,0x77,0x77,0x77,0x7f,0xd7,0x77,0x77,0x77,0x77,0x40,0x00,0x00,0xcf,0x10,0x04,
  0x44,0x44,0x6f,0xb4,0x44,0x44,0x20,0x00,0xce,0x40,0x00,0x00,0x00,0x00,0x00,0x00,0x00,0x00,0x03,0x9c,0xee,0xed,0xa7,0x30,
  0x00,0x0a,0xff,0xfe,0xec,0x94,0x00,0x00,0x00,0x49,0xcd,0xee,0xc8,0x10,0x00,0x0d,0xff,0xff,0xff,0xff,0xfc,0x00,0x0a,0xf7,
  0x00,0x00,0x00,0x0a,0xf7,0x00,0x00,0x07,0xfb,0x00,0x00,0x00,0x00,0x17,0xbe,0xee,0xc7,0x10,0x00,0x00,0x5e,0xee,0xb7,0x10,
  0x00,0x00,0xff,0xff,0xff,0x20,0x0a,0xf5,0x00,0x00,0xbf,0x50,0x00,0x09,0xf8,0x00,0x00,0x00,0x0c,0xf4,0x00,0x00,0x00,0x00,
  0x6c,0xee,0xb5,0x00,0x00,0x00,0x00,0x00,0x00,0x00,0x00,0x00,0x00,0x49,0xde,0xee,0xb7,0x00,0x00,0x06,0xce,0xeb,0x60,0x00,
  0x00,0x0e,0xf2,0x00,0x00,0x00,0x00,0x6c,0xed,0x70,0x00,0x06,0xbe,0xed,0xa5,0x00,0x4f,0xe2,0x00,0x00,0x2e,0xe3,0x00,0x00,
  0x00,0x00,0x00,0xaf,0x50,0x00,0x0b,0xf5,0x00,0x00,0x9f,0x80,0x00,0x00,0x7f,0xb0,0x00,0x00,0x00,0x00,0x00,0x08,0xff,0xff,
  0xff,0xff,0xff,0xff,0xff,0xff,0xff,0xff,0x80,0x08,0xcb,0xfe,0x00,0x1f,0xff,0xff,0xff,0xff,0xff,0xff,0xa0,0x00,0x00,0x00,
  0x00,0x00,0x00,0x00,0x00,0x00,0x00,0x00,0x00,0x00,0x00,0x00,0x00,0x00,0x00,0x00,0x00,0x00,0x00,0x00,0x00,0x00,0x00,0x00,
  0x00,0x00,0x00,0x00,0x00,0x00,0x00,0x00,0x00,0x00,0x00,0x00,0x00,0x00,0x00,0x00,0x00,0x00,0x00,0x00,0x00,0x00,0x00,0x00,
  0x00,0x00,0x00,0x00,0x00,0x00,0x00,0x00,0x00,0x00,0x00,0x00,0x00,0x00,0x00,0x00,0x00,0x00,0x00,0x00,0x00,0x00,0x00,0x00,
  0x00,0x00,0x00,0x00,0x00,0x00,0x00,0x00,0x00,0x00,0x00,0x00,0x00,0x00,0x00,0x00,0x00,0x00,0x00,0x00,0x00,0x00,0x00,0x00,
  0x00,0x00,0x00,0x00,0x00,0x00,0x00,0x00,0x00,0x00,0x00,0x00,0x00,0x00,0x00,0x00,0x00,0x00,0x00,0x00,0x00,0x00,0x00,0x00,
  0x00,0x00,0x00,0x00,0x00,0x00,0x00,0x00,0x00,0x00,0x00,0x00,0x00,0x00,0x00,0x00,0x00,0x00,0x00,0x00,0x00,0x00,0x00,0x00,
  0x00,0x00,0x00,0x00,0x00,0x00,0x00,0x00,0x00,0x00,0x00,0x02,0x44,0x44,0x44,0x44,0x44,0x44,0x44,0x44,0x44,0x44,0x20,0x04,
  0xef,0xf8,0x00,0x06,0x66,0x66,0x66,0x66,0x66,0x66,0x40,0x00,0x00,0x00,0x00,0x00,0x00,0x00,0x00,0x00,0x00,0x00,0x00,0x00,
  0x00,0x00,0x00,0x00,0x00,0x00,0x00,0x00,0x00,0x00,0x00,0x00,0x00,0x00,0x00,0x00,0x00,0x00,0x00,0x00,0x00,0x00,0x00,0x00,
  0x00,0x00,0x00,0x00,0x00,0x00,0x00,0x00,0x00,0x00,0x00,0x00,0x00,0x00,0x00,0x00,0x00,0x00,0x00,0x00,0x00,0x00,0x00,0x00,
  0x00,0x00,0x00,0x00,0x00,0x00,0x00,0x00,0x00,0x00,0x00,0x00,0x00,0x00,0x00,0x00,0x00,0x00,0x00,0x00,0x00,0x00,0x00,0x00,
  0x00,0x00,0x00,0x00,0x00,0x00,0x00,0x00,0x00,0x00,0x00,0x00,0x00,0x00,0x00,0x00,0x00,0x00,0x00,0x00,0x00,0x00,0x00,0x00,
  0x00,0x00,0x00,0x00,0x00,0x00,0x00,0x00,0x00,0x00,0x00,0x00,0x00,0x00,0x00,0x00,0x00,0x00,0x00,0x00,0x00,0x00,0x00,0x00,
  0x00,0x00,0x00,0x00,0x00,0x00,0x00,0x00,0x00,0x00,0x00,0x00,0x00,0x00,0x00,0x00,0x00,0x00,0x00,0x00,0x00,0x00,0x00,0x00,
  0x00,0x00,0x00,0x00,0x00,0x00,0x00,0x00,0x00,0x00,0x00,0x00,0x00,0x00,0x01,0x10,0x00,0x00,0x00,0x00,0x00,0x00,0x00,0x00,
  0x00,0x00,0x00,0x00,0x00,0x00,0x00,0x00,0x00,0x00,0x00,0x00,0x00,0x00,0x00,0x00,0x00,0x00,0x00,0x00,0x00,0x00,0x00,0x00,
  0x00,0x00,0x00,0x00,0x00,0x00,0x00,0x00,0x00,0x00,0x00,0x00,0x00,0x00,0x00,0x00,0x00,0x00,0x00,0x00,0x00,0x00,0x00,0x00,
  0x00,0x00,0x00,0x00,0x00,0x00,0x00,0x00,0x00,0x00,0x00,0x00,0x00,0x00,0x00,0x00,0x00,0x00,0x00,0x00,0x00,0x00,0x00,0x00,
  0x00,0x00,0x00,0x00,0x00,0x00,0x00,0x00,0x00,0x00,0x00,0x00,0x00,0x00,0x00,0x00,0x00,0x00,0x00,0x00,0x00,0x00,0x00,0x00,
  0x00,0x00,0x00,0x00,0x00,0x00,0x00,0x00,0x00,0x00,0x00,0x00,0x00,0x00,0x00,0x00,0x00,0x00,0x00,0x00,0x00,0x00,0x00,0x00,
  0x00,0x00,0x00,0x00,0x00,0x00,0x00,0x00,0x00,0x00,0x00,0x00,0x00,0x00,0x00,0x00,0x00,0x00,0x00,0x00,0x00,0x00,0x00,0x00,
  0x00,0x00,0x00,0x00,0x00,0x00,0x00,0x00,0x00,0x00,0x00,0x00,0x00,0x00,0x00,0x00,0x00,0x00,0x00,0x00,0x00,0x00,0x00,0x00,
  0x00,0x00,0x00,0x00,0x00,0x00,0x00,0x00,0x00,0x00,0x00,0x00,0x00,0x00,0x00,0x00,0x00,0x00,0x00,0x00,0x00,0x00,0x00,0x00,
  0x00,0x00,0x00,0x00,0x00,0x00,0x00,0x00,0x00,0x00,0x00,0x00,0x00,0x00,0x00,0x00,0x00,0x00,0x00,0x00,0x00,0x00,0x00,0x00,
  0x00,0x00,0x00,0x00,0x00,0x00,0x00,0x00,0x00,0x00,0x00,0x00,0x00,0x00,0x00,0x00,0x00,0x00,0x00,0x00,0x00,0x00,0x00,0x00,
  0x00,0x00,0x00,0x00,0x00,0x00,0x00,0x00,0x00,0x00,0x00,0x00,0x00,0x00,0x00,0x00,0x00,0x00,0x00,0x00,0x00,0x00,0x00,0x00,
  0x00,0x00,0x00,0x00,0x00,0x00,0x00,0x00,0x00,0x00,0x00,0x00,0x00,0x00,0x00,0x00,0x00,0x00,0x00,0x00,0x00,0x00,0x00,0x00,
  0x00,0x00,0x00,0x00,0x00,0x00,0x00,0x00,0x00,0x00,0x00,0x00,0x00,0x00,0x00,0x00,0x00,0x00,0x00,0x00,0x00,0x00,0x00,0x00,
  0x00,0x00,0x00,0x00,0x00,0x00,0x00,0x00,0x00,0x00,0x00,0x00,0x00,0x00,0x00,0x00,0x00,0x00,0x00,0x00,0x00,0x00,0x00,0x00,
  0x00,0x00,0x00,0x00,0x00,0x00,0x00,0x00,0x00,0x00,0x00,0x00,0x00,0x00,0x00,0x00,0x00,0x00,0x00,0x00,0x00,0x00,0x00,0x00,
  0x00,0x00,0x00,0x00,0x00,0x00,0x00,0x00,0x00,0x00,0x00,0x00,0x00,0x00,0x00,0x00,0x00,0x00,0x00,0x00,0x00,0x00,0x00,0x00,
  0x00,0x00,0x00,0x00,0x00,0x00,0x00,0x00,0x00,0x00,0x00,0x00,0x00,0x00,0x00,0x00,0x00,0x00,0x00,0x00,0x00,0x00,0x00,0x00,
  0x00,0x00,0x00,0x00,0x00,0x00,0x00,0x00,0x00,0x00,0x00,0x00,0x00,0x00,0x00,0x00,0x00,0x00,0x00,0x00,0x00,0x00,0x00,0x00,
  0x00,0x00,0x00,0x00,0x00,0x00,0x00,0x00,0x00,0x00,0x00,0x00,0x00,0x00,0x00,0x00,0x00,0x00,0x00,0x00,0x00,0x00,0x00,0x00,
  0x00,0x00,0x00,0x00,0x00,0x00,0x00,0x00,0x00,0x00,0x00,0x00,0x00,0x00,0x00,0x00,0x00,0x00,0x00,0x00,0x00,0x00,0x00,0x00,
  0x00,0x00,0x00,0x00,0x00,0x00,0x00,0x00,0x00,0x00,0x00,0x00,0x00,0x00,0x00,0x00,0x00,0x00,0x00,0x00,0x00,0x00,0x00,0x00,
  0x00,0x00,0x00,0x00,0x00,0x00,0x00,0x00,0x00,0x00,0x00,0x00,0x00,0x00,0x00,0x00,0x00,0x00,
};
#define GUI_TXT_S_LINE1_W 364
#define GUI_TXT_S_LINE1_H 27

static const uint8_t gui_txt_s_line2_bits[2214] = {
  0x00,0x00,0x00,0x00,0x00,0x00,0x00,0x00,0x00,0x00,0x00,0x00,0x00,0x00,0x00,0x00,0x00,0x00,0x00,0x00,0x00,0x00,0x00,0x00,
  0x00,0x00,0x00,0x00,0x00,0x00,0x00,0x00,0x00,0x00,0x00,0x00,0x00,0x00,0x00,0x00,0x00,0x00,0x00,0x00,0x00,0x00,0x00,0x00,
  0x00,0x00,0x00,0x00,0x00,0x00,0x00,0x00,0x00,0x00,0x00,0x00,0x00,0x00,0x00,0x00,0x00,0x00,0x00,0x00,0x00,0x00,0x00,0x00,
  0x00,0x00,0x00,0x00,0x00,0x00,0x00,0x00,0x00,0x00,0x00,0x00,0x00,0x00,0x00,0x00,0x00,0x00,0x00,0x00,0x00,0x00,0x00,0x00,
  0x00,0x00,0x00,0x00,0x00,0x00,0x00,0x00,0x00,0x00,0x00,0x00,0x00,0x00,0x00,0x00,0x00,0x00,0x00,0x00,0x00,0x00,0x00,0x00,
  0x00,0x00,0x00,0x00,0x00,0x00,0x00,0x00,0x00,0x00,0x00,0x00,0x00,0x00,0x00,0x00,0x00,0x00,0x00,0x00,0x00,0x00,0x00,0x00,
  0x00,0x00,0x00,0x00,0x00,0x00,0x00,0x00,0x00,0x00,0x00,0x00,0x00,0x00,0x00,0x00,0x00,0x00,0x00,0x00,0x00,0x00,0x00,0x00,
  0x00,0x00,0x00,0x00,0x00,0x00,0x65,0x00,0x00,0x00,0x00,0x30,0x00,0x00,0x00,0x00,0x03,0x62,0x00,0x00,0x00,0x00,0x00,0x00,
  0x00,0x00,0x00,0x00,0x00,0x00,0x00,0x00,0x00,0x00,0x00,0x00,0x00,0x00,0x00,0x00,0x00,0x00,0x00,0x00,0x00,0x00,0x00,0x00,
  0x00,0x00,0x00,0x00,0x00,0x00,0x00,0x00,0x00,0x00,0x00,0x00,0x00,0x00,0x00,0x00,0x00,0x00,0x00,0x00,0x00,0x00,0x00,0x00,
  0x00,0x00,0x00,0x00,0x00,0x00,0x00,0x00,0x00,0x00,0x00,0x00,0x00,0x00,0x00,0x00,0xfd,0x00,0x00,0x00,0x00,0xdd,0x00,0x00,
  0x00,0x00,0x08,0xf5,0x00,0x00,0x00,0x00,0x00,0x00,0x00,0x00,0x00,0x00,0x00,0x00,0x00,0x00,0x00,0x00,0x00,0x00,0x00,0x00,
  0x00,0x00,0x00,0x00,0x00,0x00,0x00,0x00,0x00,0x00,0x00,0x00,0x00,0x00,0x00,0x00,0x00,0x00,0x00,0x00,0x00,0x00,0x00,0x00,
  0x00,0x00,0x00,0x00,0x00,0x00,0x00,0x00,0x00,0x00,0x00,0x00,0x00,0x00,0x00,0x00,0x00,0x02,0x99,0x99,0x99,0x94,0x00,0x00,
  0x00,0x00,0xfd,0x00,0x00,0x00,0x05,0xf9,0x00,0x00,0x00,0x00,0x08,0xf5,0x00,0x00,0x00,0x00,0x00,0x00,0x00,0x00,0x00,0x00,
  0x00,0x00,0x00,0x00,0x00,0x00,0x00,0x00,0x00,0x00,0x00,0x00,0x00,0x00,0x00,0x00,0x00,0x00,0x00,0x00,0x00,0x00,0x00,0x00,
  0x00,0x00,0x00,0x00,0x00,0x00,0x00,0x00,0x00,0x00,0x00,0x00,0x00,0x00,0x00,0x00,0x00,0x00,0x00,0x00,0x00,0x00,0x00,0x00,
  0x00,0x00,0x00,0x03,0xff,0xff,0xff,0xf7,0x00,0x00,0x00,0x00,0xfd,0x00,0x00,0x00,0x0c,0xfa,0x77,0x74,0x00,0x00,0x08,0xf5,
  0x00,0x00,0x00,0x00,0x00,0x00,0x00,0x00,0x00,0x00,0x00,0x00,0x00,0x00,0x05,0xad,0xee,0xa0,0x00,0x00,0x18,0xde,0xd9,0x20,
  0x00,0x00,0x01,0x8d,0xed,0x92,0x00,0x00,0x00,0x00,0x00,0x0a,0xff,0xb0,0x00,0x00,0x00,0x00,0xcf,0xf8,0x00,0x00,0xaf,0x70,
  0x00,0x00,0x00,0xaf,0x70,0x00,0x00,0x00,0x00,0x00,0x00,0x00,0x00,0x03,0xf8,0x00,0x05,0xf7,0x00,0x00,0x00,0x00,0xfd,0x00,
  0x00,0x00,0x5f,0xff,0xff,0xf8,0x01,0x11,0x18,0xf6,0x11,0x11,0x00,0x00,0x00,0x00,0x00,0x00,0x00,0x00,0x00,0x00,0x00,0x01,
  0xbf,0xfe,0xcc,0xc0,0x00,0x01,0xdf,0xec,0xef,0xe2,0x00,0x00,0x1d,0xfe,0xce,0xfe,0x20,0x00,0x00,0x00,0x00,0x0a,0xff,0xe1,
  0x00,0x00,0x00,0x03,0xff,0xf8,0x00,0x00,0xaf,0x70,0x00,0x00,0x00,0xaf,0x70,0x00,0x00,0x00,0x00,0x00,0x00,0x00,0x00,0x03,
  0xf8,0x00,0x04,0xf7,0x58,0x88,0x88,0x88,0xfe,0x88,0x50,0x00,0xde,0x42,0x22,0x21,0x7f,0xff,0xff,0xff,0xff,0xff,0x40,0x00,
  0x00,0x00,0x00,0x00,0x00,0x00,0x00,0x00,0x00,0x0c,0xfb,0x30,0x00,0x00,0x00,0x0a,0xfb,0x10,0x08,0xfc,0x00,0x00,0xaf,0xb1,
  0x00,0x8f,0xc0,0x00,0x00,0x00,0x00,0x0a,0xfc,0xf6,0x00,0x00,0x00,0x08,0xfc,0xf8,0x00,0x00,0xaf,0x70,0x00,0x00,0x00,0xaf,
  0x70,0x00,0x00,0x00,0x00,0x00,0x00,0x00,0x00,0x03,0xf8,0x00,0x04,0xf7,0xaf,0xff,0xff,0xff,0xff,0xff,0xa0,0x09,0xf9,0x00,
  0x00,0x00,0x7f,0xca,0xac,0xfb,0xaa,0xdf,0x40,0x00,0x00,0x00,0x00,0x00,0x00,0x00,0x00,0x00,0x00,0x6f,0xb0,0x00,0x00,0x00,
  0x00,0x2f,0xe1,0x00,0x00,0xcf,0x40,0x02,0xfe,0x10,0x00,0x0c,0xf4,0x00,0x00,0x00,0x00,0x0a,0xf7,0xfb,0x00,0x00,0x00,0x0d,
  0xe8,0xf8,0x00,0x00,0xaf,0x70,0x00,0x00,0x00,0xaf,0x70,0x00,0x00,0x00,0x00,0x00,0x00,0x00,0x00,0x03,0xf8,0x00,0x04,0xf7,
  0x23,0x33,0x33,0x33,0xfd,0x33,0x20,0x08,0xc6,0x99,0x99,0x90,0x7f,0x50,0x08,0xf5,0x00,0x8f,0x40,0x00,0xce,0x50,0x00,0x00,
  0x00,0x00,0x00,0x00,0x00,0xde,0x20,0x00,0x00,0x00,0x00,0x6f,0xa0,0x00,0x00,0x7f,0x90,0x06,0xfa,0x00,0x00,0x07,0xf9,0x00,
  0x00,0x00,0x00,0x0a,0xf4,0xef,0x20,0x00,0x00,0x4f,0x98,0xf8,0x00,0x00,0xaf,0x70,0x00,0x00,0x00,0xaf,0x70,0x00,0x9f,0xff,
  0xff,0xff,0x60,0x00,0x00,0x03,0xf8,0x00,0x04,0xf7,0x00,0x00,0x00,0x00,0xfd,0x00,0x00,0x00,0x18,0xef,0xee,0xe1,0x7f,0x50,
  0x08,0xf5,0x00,0x8f,0x40,0x03,0xff,0x90,0x00,0x00,0x00,0x00,0x00,0x00,0x03,0xfc,0x00,0x00,0x00,0x00,0x00,0x9f,0x70,0x00,
  0x00,0x4f,0xc0,0x09,0xf7,0x00,0x00,0x04,0xfc,0x00,0x00,0x00,0x00,0x0a,0xf4,0x9f,0x70,0x00,0x00,0x9f,0x39,0xf8,0x00,0x00,
  0xaf,0x70,0x00,0x00,0x00,0xaf,0x70,0x00,0x58,0x88,0x88,0xef,0x50,0x00,0x00,0x03,0xfe,0xdd,0xdd,0xf7,0x04,0xd5,0x00,0x00,
  0xfd,0x00,0x00,0x00,0x00,0x0f,0x90,0x00,0x7f,0x50,0x08,0xf5,0x00,0x8f,0x40,0x00,0xce,0x40,0x00,0x00,0x00,0x00,0x00,0x00,
  0x05,0xf9,0x19,0xde,0xc7,0x00,0x00,0xbf,0x50,0x00,0x00,0x2f,0xe0,0x0b,0xf5,0x00,0x00,0x02,0xfe,0x00,0x00,0x00,0x00,0x0a,
  0xf5,0x3f,0xc0,0x00,0x00,0xed,0x09,0xf8,0x00,0x00,0xaf,0x70,0x00,0x00,0x00,0xaf,0x70,0x00,0x00,0x00,0x05,0xfc,0x00,0x00,
  0x00,0x03,0xfd,0xcc,0xcd,0xf7,0x02,0xed,0x00,0x00,0xfd,0x00,0x00,0x00,0x00,0x0f,0x90,0x00,0x7f,0x50,0x08,0xf5,0x00,0x8f,
  0x40,0x00,0x00,0x00,0x00,0x00,0x00,0x00,0x00,0x00,0x08,0xf9,0xde,0xab,0xef,0xc0,0x00,0xcf,0x50,0x00,0x00,0x1f,0xf0,0x0c,
  0xf5,0x00,0x00,0x01,0xff,0x00,0x00,0x00,0x00,0x0a,0xf5,0x0d,0xf2,0x00,0x04,0xf8,0x09,0xf8,0x00,0x00,0xaf,0xff,0xff,0xff,
  0xff,0xff,0x70,0x00,0x00,0x00,0x1d,0xf3,0x00,0x00,0x00,0x03,0xf8,0x00,0x04,0xf7,0x00,0xaf,0x70,0x00,0xfd,0x00,0x00,0x00,
  0x00,0x0f,0x90,0x00,0x7f,0x50,0x08,0xf5,0x00,0x8f,0x40,0x00,0x00,0x00,0x00,0x00,0x00,0x00,0x00,0x00,0x09,0xff,0x90,0x00,
  0x1c,0xf8,0x00,0xcf,0x40,0x00,0x00,0x1f,0xf1,0x0c,0xf4,0x00,0x00,0x01,0xff,0x10,0x00,0x00,0x00,0x0a,0xf5,0x08,0xf7,0x00,
  0x0a,0xf3,0x09,0xf8,0x00,0x00,0xaf,0xdb,0xbb,0xbb,0xbb,0xdf,0x70,0x00,0x00,0x00,0x9f,0x90,0x00,0x00,0x00,0x03,0xf8,0x00,
  0x04,0xf7,0x00,0x2f,0xd0,0x00,0xfd,0x00,0x00,0x01,0x77,0x7f,0xc7,0x74,0x7f,0xb8,0x8c,0xfb,0x88,0xcf,0x40,0x00,0x00,0x00,
  0x00,0x00,0x00,0x00,0x00,0x00,0x09,0xfc,0x00,0x00,0x04,0xfd,0x00,0xcf,0x50,0x00,0x00,0x1f,0xf0,0x0c,0xf5,0x00,0x00,0x01,
  0xff,0x00,0x00,0x00,0x00,0x0a,0xf5,0x03,0xfd,0x00,0x0e,0xc0,0x09,0xf8,0x00,0x00,0xaf,0x70,0x00,0x00,0x00,0xaf,0x70,0x00,
  0x00,0x03,0xed,0x10,0x00,0x00,0x00,0x03,0xf8,0x00,0x04,0xf7,0x00,0x0b,0xf5,0x00,0xfd,0x00,0x00,0x03,0xff,0xff,0xff,0xf9,
  0x7f,0xff,0xff,0xff,0xff,0xff,0x40,0x00,0x00,0x00,0x00,0x00,0x00,0x00,0x00,0x00,0x09,0xf7,0x00,0x00,0x00,0xff,0x10,0xbf,
  0x50,0x00,0x00,0x2f,0xe0,0x0b,0xf5,0x00,0x00,0x02,0xfe,0x00,0x00,0x00,0x00,0x0a,0xf5,0x00,0xcf,0x30,0x5f,0x70,0x09,0xf8,
  0x00,0x00,0xaf,0x70,0x00,0x00,0x00,0xaf,0x70,0x00,0x00,0x0c,0xf5,0x00,0x00,0x00,0x00,0x03,0xf8,0x00,0x04,0xf7,0x00,0x06,
  0xfb,0x00,0xfd,0x00,0x00,0x00,0x22,0x3f,0xa2,0x21,0x7f,0x61,0x18,0xf6,0x11,0x9f,0x40,0x00,0x00,0x00,0x00,0x00,0x00,0x00,
  0x00,0x00,0x08,0xf8,0x00,0x00,0x00,0xef,0x10,0x9f,0x70,0x00,0x00,0x4f,0xd0,0x09,0xf7,0x00,0x00,0x04,0xfd,0x00,0x00,0x00,
  0x00,0x0a,0xf5,0x00,0x7f,0x80,0xaf,0x20,0x09,0xf8,0x00,0x00,0xaf,0x70,0x00,0x00,0x00,0xaf,0x70,0x00,0x00,0x7f,0xb0,0x00,
  0x00,0x00,0x00,0x03,0xf8,0x00,0x05,0xf7,0x00,0x00,0xb5,0x00,0xfd,0x00,0x00,0x00,0x00,0x0f,0x90,0x00,0x5b,0x40,0x08,0xf5,
  0x00,0x6b,0x30,0x00,0x00,0x00,0x00,0x00,0x00,0x00,0x00,0x00,0x05,0xfb,0x00,0x00,0x01,0xfe,0x00,0x5f,0xa0,0x00,0x00,0x7f,
  0xa0,0x05,0xfa,0x00,0x00,0x07,0xfa,0x00,0x00,0x00,0x00,0x0a,0xf5,0x00,0x2f,0xd1,0xeb,0x00,0x09,0xf8,0x00,0x00,0xaf,0x70,
  0x00,0x00,0x00,0xaf,0x70,0x00,0x01,0xee,0x20,0x00,0x00,0x00,0x00,0x03,0xff,0xff,0xff,0xf7,0x00,0x00,0x00,0x00,0xfd,0x00,
  0x00,0x00,0x00,0x0f,0x90,0x00,0x00,0x00,0x08,0xf5,0x00,0x00,0x00,0x00,0x00,0x00,0x00,0x00,0x00,0x00,0x00,0x00,0x00,0xef,
  0x30,0x00,0x05,0xfb,0x00,0x1e,0xe1,0x00,0x00,0xcf,0x50,0x01,0xee,0x10,0x00,0x0c,0xf5,0x00,0x00,0x00,0x00,0x0a,0xf5,0x00,
  0x0c,0xfa,0xf6,0x00,0x09,0xf8,0x00,0x00,0xaf,0x70,0x00,0x00,0x00,0xaf,0x70,0x00,0x0a,0xf7,0x00,0x00,0x00,0x00,0x00,0x03,
  0xfc,0x99,0x9b,0xf7,0x00,0x00,0x00,0x00,0xfd,0x00,0x00,0x00,0x00,0x0f,0x90,0x00,0x00,0x00,0x08,0xf5,0x00,0x00,0x00,0x00,
  0xce,0x40,0x00,0x00,0x00,0x00,0x00,0x00,0x00,0x7f,0xd3,0x00,0x4e,0xf5,0x00,0x09,0xfb,0x10,0x08,0xfd,0x00,0x00,0x9f,0xb1,
  0x00,0x8f,0xd0,0x00,0x00,0x00,0x00,0x0a,0xf5,0x00,0x07,0xff,0xe1,0x00,0x09,0xf8,0x00,0x00,0xaf,0x70,0x00,0x00,0x00,0xaf,
  0x70,0x00,0x5f,0xc0,0x00,0x00,0x00,0x00,0x00,0x03,0xf8,0x00,0x04,0xe6,0x00,0x00,0x00,0x00,0xfd,0x00,0x00,0x00,0x00,0x0f,
  0x91,0x73,0x00,0x00,0x08,0xf5,0x00,0x00,0x00,0x03,0xff,0x90,0x00,0x00,0x00,0x00,0x00,0x00,0x00,0x0a,0xff,0xcd,0xff,0x90,
  0x00,0x00,0xcf,0xec,0xef,0xe3,0x00,0x00,0x0c,0xfe,0xce,0xfe,0x30,0x00,0x00,0x00,0x00,0x0a,0xf5,0x00,0x01,0xef,0xb0,0x00,
  0x09,0xf8,0x00,0x00,0xaf,0x70,0x00,0x00,0x00,0xaf,0x70,0x00,0xdf,0xa8,0x88,0x88,0x50,0x00,0x00,0x02,0xa6,0x00,0x00,0x00,
  0x00,0x00,0x20,0x00,0xfc,0x00,0x00,0x00,0x00,0x0f,0xde,0xf5,0x00,0x00,0x08,0xf5,0x00,0x00,0x00,0x00,0xce,0x40,0x00,0x00,
  0x00,0x00,0x00,0x00,0x00,0x00,0x6c,0xee,0xb5,0x00,0x00,0x00,0x08,0xde,0xd9,0x20,0x00,0x00,0x00,0x8d,0xed,0x92,0x00,0x00,
  0x00,0x00,0x00,0x0a,0xf5,0x00,0x00,0xbf,0x50,0x00,0x09,0xf8,0x00,0x00,0xaf,0x70,0x00,0x00,0x00,0xaf,0x70,0x00,0xff,0xff,
  0xff,0xff,0x90,0x00,0x00,0x00,0x00,0x00,0x00,0x00,0x00,0x00,0x9e,0xdd,0xfb,0x00,0x00,0x00,0x00,0x0e,0xfd,0x50,0x00,0x00,
  0x08,0xf5,0x00,0x00,0x00,0x00,0x00,0x00,0x00,0x00,0x00,0x00,0x00,0x00,0x00,0x00,0x00,0x00,0x00,0x00,0x00,0x00,0x00,0x00,
  0x00,0x00,0x00,0x00,0x00,0x00,0x00,0x00,0x00,0x00,0x00,0x00,0x00,0x00,0x00,0x00,0x00,0x00,0x00,0x00,0x00,0x00,0x00,0x00,
  0x00,0x00,0x00,0x00,0x00,0x00,0x00,0x00,0x00,0x00,0x00,0x00,0x00,0x00,0x00,0x00,0x00,0x00,0x00,0x00,0x00,0x00,0x4c,0xef,
  0xd4,0x00,0x00,0x00,0x00,0x04,0x40,0x00,0x00,0x00,0x08,0xf5,0x00,0x00,0x00,0x00,0x00,0x00,0x00,0x00,0x00,0x00,0x00,0x00,
  0x00,0x00,0x00,0x00,0x00,0x00,0x00,0x00,0x00,0x00,0x00,0x00,0x00,0x00,0x00,0x00,0x00,0x00,0x00,0x00,0x00,0x00,0x00,0x00,
  0x00,0x00,0x00,0x00,0x00,0x00,0x00,0x00,0x00,0x00,0x00,0x00,0x00,0x00,0x00,0x00,0x00,0x00,0x00,0x00,0x00,0x00,0x00,0x00,
  0x00,0x00,0x00,0x00,0x00,0x00,0x00,0x00,0x00,0x00,0x00,0x00,0x00,0x00,0x00,0x00,0x00,0x00,0x00,0x00,0x01,0x20,0x00,0x00,
  0x00,0x00,0x00,0x00,0x00,0x00,0x00,0x00,0x00,0x00,0x00,0x00,0x00,0x00,0x00,0x00,0x00,0x00,0x00,0x00,0x00,0x00,0x00,0x00,
  0x00,0x00,0x00,0x00,0x00,0x00,0x00,0x00,0x00,0x00,0x00,0x00,0x00,0x00,0x00,0x00,0x00,0x00,0x00,0x00,0x00,0x00,0x00,0x00,
  0x00,0x00,0x00,0x00,0x00,0x00,0x00,0x00,0x00,0x00,0x00,0x00,0x00,0x00,0x00,0x00,0x00,0x00,0x00,0x00,0x00,0x00,0x00,0x00,
  0x00,0x00,0x00,0x00,0x00,0x00,0x00,0x00,0x00,0x00,0x00,0x00,0x00,0x00,0x00,0x00,0x00,0x00,0x00,0x00,0x00,0x00,0x00,0x00,
  0x00,0x00,0x00,0x00,0x00,0x00,0x00,0x00,0x00,0x00,0x00,0x00,0x00,0x00,0x00,0x00,0x00,0x00,0x00,0x00,0x00,0x00,0x00,0x00,
  0x00,0x00,0x00,0x00,0x00,0x00,0x00,0x00,0x00,0x00,0x00,0x00,0x00,0x00,0x00,0x00,0x00,0x00,0x00,0x00,0x00,0x00,0x00,0x00,
  0x00,0x00,0x00,0x00,0x00,0x00,0x00,0x00,0x00,0x00,0x00,0x00,0x00,0x00,0x00,0x00,0x00,0x00,0x00,0x00,0x00,0x00,0x00,0x00,
  0x00,0x00,0x00,0x00,0x00,0x00,0x00,0x00,0x00,0x00,0x00,0x00,0x00,0x00,0x00,0x00,0x00,0x00,0x00,0x00,0x00,0x00,0x00,0x00,
  0x00,0x00,0x00,0x00,0x00,0x00,0x00,0x00,0x00,0x00,0x00,0x00,0x00,0x00,0x00,0x00,0x00,0x00,0x00,0x00,0x00,0x00,0x00,0x00,
  0x00,0x00,0x00,0x00,0x00,0x00,
};
#define GUI_TXT_S_LINE2_W 164
#define GUI_TXT_S_LINE2_H 27

static const uint8_t gui_txt_s_line3_bits[6420] = {
  0x00,0x00,0x00,0x00,0x00,0x00,0x00,0x00,0x00,0x00,0x00,0x00,0x00,0x00,0x00,0x00,0x00,0x00,0x00,0x00,0x00,0x00,0x00,0x00,
  0x00,0x00,0x00,0x00,0x00,0x00,0x00,0x00,0x00,0x00,0x00,0x00,0x00,0x00,0x00,0x00,0x00,0x00,0x00,0x00,0x00,0x00,0x00,0x00,
  0x00,0x00,0x00,0x00,0x00,0x00,0x00,0x00,0x00,0x00,0x00,0x00,0x00,0x00,0x00,0x00,0x00,0x00,0x00,0x00,0x00,0x00,0x00,0x00,
  0x00,0x00,0x00,0x00,0x00,0x00,0x00,0x00,0x00,0x00,0x00,0x00,0x00,0x00,0x00,0x00,0x00,0x00,0x00,0x00,0x00,0x00,0x00,0x00,
  0x00,0x00,0x00,0x00,0x00,0x00,0x00,0x00,0x00,0x00,0x00,0x00,0x00,0x00,0x00,0x00,0x00,0x00,0x00,0x00,0x00,0x00,0x00,0x00,
  0x00,0x00,0x00,0x00,0x00,0x00,0x00,0x00,0x00,0x00,0x00,0x00,0x00,0x00,0x00,0x00,0x00,0x00,0x00,0x00,0x00,0x00,0x00,0x00,
  0x00,0x00,0x00,0x00,0x00,0x00,0x00,0x00,0x00,0x00,0x00,0x00,0x00,0x00,0x00,0x00,0x00,0x00,0x00,0x00,0x00,0x00,0x00,0x00,
  0x00,0x00,0x00,0x00,0x00,0x00,0x00,0x00,0x00,0x00,0x00,0x00,0x00,0x00,0x00,0x00,0x00,0x00,0x00,0x00,0x00,0x00,0x00,0x00,
  0x00,0x00,0x00,0x00,0x00,0x00,0x00,0x00,0x00,0x00,0x00,0x00,0x00,0x00,0x00,0x00,0x00,0x00,0x00,0x00,0x00,0x00,0x00,0x00,
  0x00,0x00,0x00,0x00,0x00,0x00,0x00,0x00,0x00,0x00,0x00,0x00,0x00,0x00,0x00,0x00,0x00,0x00,0x00,0x00,0x00,0x00,0x00,0x00,
  0x00,0x00,0x00,0x00,0x00,0x00,0x00,0x00,0x00,0x00,0x00,0x00,0x00,0x00,0x00,0x00,0x00,0x00,0x00,0x00,0x00,0x00,0x00,0x00,
  0x00,0x00,0x00,0x00,0x00,0x00,0x00,0x00,0x00,0x00,0x00,0x00,0x00,0x00,0x00,0x00,0x00,0x00,0x00,0x00,0x00,0x00,0x00,0x00,
  0x00,0x00,0x00,0x00,0x00,0x00,0x00,0x00,0x00,0x00,0x00,0x00,0x00,0x00,0x00,0x00,0x00,0x00,0x00,0x00,0x00,0x00,0x00,0x00,
  0x00,0x00,0x00,0x00,0x00,0x00,0x00,0x00,0x00,0x00,0x00,0x00,0x00,0x00,0x00,0x00,0x00,0x00,0x00,0x00,0x00,0x00,0x00,0x00,
  0x00,0x00,0x00,0x00,0x00,0x00,0x00,0x00,0x00,0x00,0x00,0x00,0x00,0x00,0x00,0x00,0x00,0x00,0x00,0x00,0x00,0x00,0x00,0x00,
  0x00,0x00,0x00,0x00,0x00,0x00,0x00,0x00,0x00,0x00,0x00,0x00,0x00,0x00,0x00,0x00,0x00,0x00,0x00,0x00,0x00,0x00,0x00,0x00,
  0x00,0x00,0x00,0x00,0x00,0x00,0x00,0x00,0x00,0x00,0x00,0x00,0x00,0x00,0x00,0x00,0x00,0x00,0x00,0x00,0x00,0x00,0x00,0x00,
  0x00,0x00,0x00,0x00,0x00,0x00,0x00,0x00,0x00,0x00,0x00,0x00,0x00,0x00,0x00,0x00,0x00,0x00,0x00,0x00,0x00,0x00,0x00,0x00,
  0x00,0x00,0x07,0x60,0x00,0x00,0x00,0x00,0x00,0x00,0x00,0x00,0x00,0x04,0x10,0x00,0x00,0x00,0x00,0x00,0x00,0x00,0x00,0x00,
  0x00,0x00,0x00,0x00,0x00,0x00,0x00,0x00,0x00,0x00,0x00,0x00,0x00,0x00,0x00,0x00,0x00,0x00,0x00,0x00,0x00,0x00,0x00,0x00,
  0x00,0x00,0x00,0x00,0x00,0x00,0x00,0x00,0x00,0x00,0x00,0x00,0x00,0x00,0x00,0x00,0x00,0x00,0x00,0x00,0x00,0x00,0x00,0x00,
  0x00,0x00,0x00,0x00,0x00,0x00,0x00,0x00,0x00,0x00,0x00,0x00,0x00,0x00,0x00,0x00,0x00,0x00,0x00,0x00,0x00,0x00,0x00,0x00,
  0x00,0x00,0x00,0x00,0x00,0x00,0x00,0x00,0x00,0x00,0x00,0x00,0x00,0x00,0x00,0x00,0x00,0x00,0x00,0x00,0x00,0x00,0x00,0x00,
  0x00,0x00,0x00,0x00,0x00,0x00,0x00,0x00,0x00,0x00,0x00,0x00,0x00,0x00,0x00,0x00,0x00,0x00,0x00,0x00,0x00,0x00,0x00,0x00,
  0x00,0x00,0x00,0x00,0x00,0x00,0x00,0x00,0x00,0x00,0x00,0x00,0x00,0x00,0x00,0x00,0x00,0x00,0x00,0x00,0x00,0x00,0x00,0x00,
  0x00,0x00,0x00,0x00,0x00,0x00,0x00,0x00,0x00,0x00,0x00,0x00,0x00,0x00,0x00,0x00,0x00,0x00,0x00,0x00,0x00,0x00,0x00,0x00,
  0x00,0x00,0x00,0x00,0x00,0x00,0x00,0x00,0x00,0x00,0x00,0x00,0x00,0x00,0x00,0x00,0x00,0x00,0x00,0x00,0x00,0x00,0x00,0x00,
  0x0f,0xc0,0x00,0x00,0x00,0x00,0x00,0x00,0x00,0x00,0x00,0x2e,0xd0,0x00,0x00,0x00,0x00,0x00,0x00,0x00,0x00,0x00,0x00,0x00,
  0x00,0x00,0x00,0x00,0x00,0x00,0x00,0x00,0x00,0x00,0x00,0x00,0x00,0x00,0x00,0x00,0x00,0x00,0x00,0x00,0x00,0x00,0x00,0x00,
  0x00,0x00,0x00,0x00,0x00,0x00,0x00,0x00,0x00,0x00,0x00,0x00,0x00,0x00,0x00,0x00,0x00,0x00,0x00,0x00,0x00,0x00,0x00,0x00,
  0x00,0x00,0x00,0x00,0x00,0x00,0x00,0x00,0x00,0x00,0x00,0x00,0x00,0x00,0x00,0x00,0x00,0x00,0x00,0x00,0x00,0x00,0x00,0x00,
  0x00,0x00,0x00,0x00,0x00,0x00,0x00,0x00,0x00,0x00,0x00,0x00,0x00,0x00,0x00,0x00,0x00,0x00,0x00,0x00,0x00,0x00,0x00,0x00,
  0x00,0x00,0x00,0x00,0x00,0x00,0x00,0x00,0x00,0x00,0x00,0x00,0x00,0x00,0x00,0x00,0x00,0x00,0x00,0x00,0x00,0x00,0x00,0x00,
  0x00,0x00,0x00,0x00,0x00,0x00,0x00,0x00,0x00,0x00,0x00,0x00,0x00,0x00,0x00,0x00,0x00,0x00,0x00,0x00,0x00,0x00,0x00,0x00,
  0x00,0x00,0x00,0x00,0x00,0x00,0x00,0x00,0x00,0x00,0x00,0x00,0x00,0x00,0x00,0x00,0x00,0x00,0x00,0x00,0x00,0x00,0x00,0x00,
  0x00,0x00,0x00,0x00,0x00,0x00,0x00,0x00,0x00,0x00,0x00,0x00,0x00,0x00,0x00,0x00,0x00,0x00,0x00,0x00,0x00,0x00,0x0f,0xc0,
  0x00,0x00,0x00,0x00,0x00,0x00,0x00,0x00,0x00,0x8f,0x70,0x00,0x00,0x00,0x00,0x00,0x00,0x00,0x00,0x00,0x00,0x00,0x00,0x00,
  0x00,0x00,0x00,0x00,0x00,0x00,0x00,0x00,0x00,0x00,0x00,0x00,0x00,0x00,0x00,0x00,0x00,0x00,0x00,0x00,0x00,0x00,0x00,0x00,
  0x00,0x00,0x00,0x00,0x00,0x00,0x00,0x00,0x00,0x00,0x00,0x00,0x00,0x00,0x00,0x00,0x00,0x00,0x00,0x00,0x00,0x00,0x00,0x00,
  0x00,0x00,0x00,0x00,0x00,0x00,0x00,0x00,0x00,0x00,0x00,0x00,0x00,0x00,0x00,0x00,0x00,0x00,0x00,0x00,0x00,0x00,0x00,0x00,
  0x00,0x00,0x00,0x00,0x00,0x00,0x00,0x00,0x00,0x00,0x00,0x00,0x00,0x00,0x00,0x00,0x00,0x00,0x00,0x00,0x00,0x00,0x00,0x00,
  0x00,0x00,0x00,0x00,0x00,0x00,0x00,0x00,0x00,0x00,0x00,0x00,0x00,0x00,0x00,0x00,0x00,0x00,0x00,0x00,0x00,0x00,0x00,0x00,
  0x00,0x00,0x00,0x00,0x00,0x00,0x00,0x00,0x00,0x00,0x00,0x00,0x00,0x00,0x00,0x00,0x00,0x00,0x00,0x00,0x00,0x00,0x00,0x00,
  0x00,0x00,0x00,0x00,0x00,0x00,0x00,0x00,0x00,0x00,0x00,0x00,0x00,0x00,0x00,0x00,0x00,0x00,0x00,0x00,0x00,0x00,0x00,0x00,
  0x00,0x00,0x00,0x00,0x00,0x00,0x00,0x00,0x00,0x00,0x00,0x00,0x00,0x00,0x00,0x00,0x00,0x00,0x00,0x00,0x0f,0xc0,0x00,0x00,
  0x00,0x00,0x00,0x06,0xff,0xff,0xff,0xff,0xff,0xff,0xff,0xff,0xff,0xff,0x60,0x00,0x00,0x00,0x00,0x00,0x00,0x00,0x00,0x00,
  0x00,0x04,0xad,0xee,0xc8,0x30,0x00,0xaf,0xff,0xfe,0xda,0x50,0x00,0x00,0x00,0xaf,0xff,0xee,0xc8,0x20,0x00,0x00,0x00,0x00,
  0xdf,0x70,0x00,0x00,0x00,0x0a,0xff,0xb0,0x00,0x00,0x00,0x00,0xcf,0xf8,0x00,0x00,0x00,0x00,0x00,0x28,0xce,0xed,0x92,0x00,
  0x00,0x00,0x29,0xce,0xda,0x40,0x00,0x00,0x00,0x00,0x04,0xff,0x30,0x00,0x00,0x18,0xde,0xd9,0x20,0x00,0x00,0x01,0x8d,0xed,
  0x92,0x00,0x00,0x00,0x18,0xde,0xd9,0x20,0x00,0x00,0x00,0x00,0x00,0x00,0x00,0x00,0x00,0x00,0x00,0x00,0x00,0x00,0x00,0x00,
  0x00,0x00,0x00,0x00,0x00,0x00,0x00,0x05,0x9c,0xee,0xda,0x50,0x00,0x00,0x00,0x00,0x00,0x00,0x00,0x18,0xde,0xd9,0x20,0x00,
  0x00,0x00,0x00,0x00,0x00,0x00,0x00,0x00,0x02,0x8c,0xee,0xdb,0x61,0x00,0x01,0x8d,0xed,0x92,0x00,0x00,0x00,0x18,0xde,0xd9,
  0x20,0x00,0x00,0x01,0x8d,0xed,0x92,0x00,0x00,0x00,0x18,0xde,0xd9,0x20,0x00,0x00,0x01,0x8d,0xed,0x92,0x00,0x00,0x00,0x18,
  0xde,0xd9,0x20,0x00,0x00,0x01,0x8d,0xed,0x92,0x00,0x00,0x00,0x00,0x00,0x04,0x44,0x44,0x44,0x4f,0xd4,0x44,0x44,0x44,0x41,
  0x00,0x04,0xaa,0xaa,0xae,0xfc,0xaa,0xaa,0xaa,0xaa,0xaa,0xaa,0x40,0x00,0x00,0x00,0x00,0x00,0x00,0x00,0x00,0x00,0x00,0x7f,
  0xfd,0xbc,0xef,0xc0,0x00,0xaf,0xdb,0xbc,0xef,0xfc,0x20,0x00,0x00,0xaf,0xdb,0xbc,0xef,0xe5,0x00,0x00,0x00,0x03,0xff,0xc0,
  0x00,0x00,0x00,0x0a,0xff,0xe1,0x00,0x00,0x00,0x03,0xff,0xf8,0x00,0x00,0x00,0x00,0x08,0xef,0xed,0xce,0xfe,0x50,0x00,0x04,
  0xef,0xec,0xef,0xf8,0x00,0x00,0x00,0x00,0x1d,0xff,0x30,0x00,0x01,0xdf,0xec,0xef,0xe2,0x00,0x00,0x1d,0xfe,0xce,0xfe,0x20,
  0x00,0x01,0xdf,0xec,0xef,0xe2,0x00,0x00,0x00,0x00,0x00,0x00,0x00,0x00,0x00,0x00,0x00,0x00,0x00,0x00,0x00,0x00,0x00,0x00,
  0x00,0x00,0x00,0x00,0x04,0xdf,0xea,0x99,0xae,0xfd,0x40,0x00,0x00,0x00,0x00,0x00,0x01,0xdf,0xec,0xef,0xe2,0x00,0x00,0x00,
  0x00,0x00,0x00,0x00,0x00,0x00,0x7e,0xfe,0xcb,0xdf,0xf8,0x00,0x1d,0xfe,0xce,0xfe,0x20,0x00,0x01,0xdf,0xec,0xef,0xe2,0x00,
  0x00,0x1d,0xfe,0xce,0xfe,0x20,0x00,0x01,0xdf,0xec,0xef,0xe2,0x00,0x00,0x1d,0xfe,0xce,0xfe,0x20,0x00,0x01,0xdf,0xec,0xef,
  0xe2,0x00,0x00,0x1d,0xfe,0xce,0xfe,0x20,0x00,0x00,0x00,0x00,0x2f,0xff,0xff,0xff,0xff,0xff,0xff,0xff,0xff,0xf4,0x00,0x00,
  0x00,0x00,0x2e,0xe1,0x00,0x00,0x00,0x00,0x00,0x00,0x00,0x00,0x00,0x00,0x00,0x00,0x00,0x00,0x00,0x00,0x02,0xee,0x50,0x00,
  0x16,0x40,0x00,0xaf,0x70,0x00,0x04,0xcf,0xe2,0x00,0x00,0xaf,0x70,0x00,0x1a,0xfe,0x10,0x00,0x00,0x09,0xfd,0xf3,0x00,0x00,
  0x00,0x0a,0xfc,0xf6,0x00,0x00,0x00,0x08,0xfc,0xf8,0x00,0x00,0x00,0x00,0x06,0xe6,0x00,0x01,0xaf,0xe0,0x00,0x0d,0xf8,0x00,
  0x05,0xee,0x20,0x00,0x00,0x00,0xae,0xcf,0x30,0x00,0x0a,0xfb,0x10,0x08,0xfc,0x00,0x00,0xaf,0xb1,0x00,0x8f,0xc0,0x00,0x0a,
  0xfb,0x10,0x08,0xfc,0x00,0x00,0x00,0x00,0x00,0x00,0x00,0x00,0x00,0x00,0x00,0x00,0x00,0x00,0x00,0x00,0x00,0x00,0x00,0x00,
  0x00,0x00,0x7f,0xc4,0x00,0x00,0x00,0x5d,0xe6,0x00,0x00,0x00,0x00,0x00,0x0a,0xfb,0x10,0x08,0xfc,0x00,0x00,0x00,0x00,0x00,
  0x00,0x00,0x00,0x08,0xfe,0x81,0x00,0x03,0x91,0x00,0xaf,0xb1,0x00,0x8f,0xc0,0x00,0x0a,0xfb,0x10,0x08,0xfc,0x00,0x00,0xaf,
  0xb1,0x00,0x8f,0xc0,0x00,0x0a,0xfb,0x10,0x08,0xfc,0x00,0x00,0xaf,0xb1,0x00,0x8f,0xc0,0x00,0x0a,0xfb,0x10,0x08,0xfc,0x00,
  0x00,0xaf,0xb1,0x00,0x8f,0xc0,0x00,0x00,0x00,0x00,0x2f,0xc7,0x77,0x77,0x8f,0xc7,0x77,0x77,0x7c,0xf4,0x00,0x00,0x00,0x00,
  0xaf,0x80,0x00,0x00,0x00,0x00,0x00,0x00,0x00,0x00,0x00,0x00,0x00,0x00,0x00,0x00,0x00,0x00,0x07,0xfa,0x00,0x00,0x00,0x00,
  0x00,0xaf,0x70,0x00,0x00,0x0b,0xfc,0x00,0x00,0xaf,0x70,0x00,0x00,0xdf,0x60,0x00,0x00,0x0e,0xe6,0xf8,0x00,0x00,0x00,0x0a,
  0xf7,0xfb,0x00,0x00,0x00,0x0d,0xe8,0xf8,0x00,0x00,0x00,0x00,0x00,0x00,0x00,0x00,0x1e,0xf3,0x00,0x2f,0xe0,0x00,0x00,0xbf,
  0x60,0x00,0x00,0x05,0xf9,0xaf,0x30,0x00,0x2f,0xe1,0x00,0x00,0xcf,0x40,0x02,0xfe,0x10,0x00,0x0c,0xf4,0x00,0x2f,0xe1,0x00,
  0x00,0xcf,0x40,0x00,0x00,0x00,0x00,0x00,0x00,0x00,0x00,0x00,0x00,0x00,0x00,0x00,0x00,0x00,0x00,0x00,0x00,0x00,0x00,0x07,
  0xf9,0x00,0x00,0x00,0x00,0x01,0xce,0x30,0x00,0x00,0x00,0x00,0x2f,0xe1,0x00,0x00,0xcf,0x40,0x00,0x00,0x00,0x00,0x00,0x00,
  0x00,0x4f,0xf5,0x00,0x00,0x00,0x00,0x02,0xfe,0x10,0x00,0x0c,0xf4,0x00,0x2f,0xe1,0x00,0x00,0xcf,0x40,0x02,0xfe,0x10,0x00,
  0x0c,0xf4,0x00,0x2f,0xe1,0x00,0x00,0xcf,0x40,0x02,0xfe,0x10,0x00,0x0c,0xf4,0x00,0x2f,0xe1,0x00,0x00,0xcf,0x40,0x02,0xfe,
  0x10,0x00,0x0c,0xf4,0x00,0x00,0x00,0x00,0x2f,0xa0,0x00,0x00,0x2f,0x80,0x00,0x00,0x08,0xf4,0x00,0x00,0x00,0x15,0xfd,0x00,
  0xcc,0xcc,0xcc,0xcc,0xcc,0x30,0x00,0x00,0xce,0x50,0x00,0x00,0x00,0x00,0x00,0x00,0x07,0xf8,0x00,0x00,0x00,0x00,0x00,0xaf,
  0x70,0x00,0x00,0x02,0xef,0x40,0x00,0xaf,0x70,0x00,0x00,0xaf,0x80,0x00,0x00,0x5f,0xa1,0xed,0x00,0x00,0x00,0x0a,0xf4,0xef,
  0x20,0x00,0x00,0x4f,0x98,0xf8,0x00,0x00,0x00,0x00,0x00,0x00,0x00,0x00,0x0e,0xf3,0x00,0x1f,0xe0,0x00,0x00,0xbf,0x50,0x00,
  0x00,0x1e,0xd1,0xbf,0x30,0x00,0x6f,0xa0,0x00,0x00,0x7f,0x90,0x06,0xfa,0x00,0x00,0x07,0xf9,0x00,0x6f,0xa0,0x00,0x00,0x7f,
  0x90,0x00,0x00,0x00,0x00,0xec,0x05,0xbe,0xea,0x20,0x00,0x1e,0xf5,0x00,0x00,0x5f,0xe1,0x00,0x00,0x00,0x00,0x2e,0xb0,0x00,
  0x00,0x00,0x00,0x00,0x2e,0xa0,0x00,0x00,0x00,0x00,0x6f,0xa0,0x00,0x00,0x7f,0x90,0x1e,0xf5,0x00,0x00,0x5f,0xe1,0x00,0xbf,
  0xa0,0x00,0x00,0x00,0x00,0x06,0xfa,0x00,0x00,0x07,0xf9,0x00,0x6f,0xa0,0x00,0x00,0x7f,0x90,0x06,0xfa,0x00,0x00,0x07,0xf9,
  0x00,0x6f,0xa0,0x00,0x00,0x7f,0x90,0x06,0xfa,0x00,0x00,0x07,0xf9,0x00,0x6f,0xa0,0x00,0x00,0x7f,0x90,0x06,0xfa,0x00,0x00,
  0x07,0xf9,0x00,0x00,0x00,0x00,0x2f,0xa0,0x00,0x00,0x5f,0x60,0x00,0x00,0x08,0xf4,0x00,0x00,0x00,0x8f,0xf5,0x00,0xde,0xee,
  0xee,0xee,0xff,0x30,0x00,0x03,0xff,0x90,0x00,0x00,0x00,0x00,0x00,0x00,0x05,0xfc,0x00,0x00,0x00,0x00,0x00,0xaf,0x70,0x00,
  0x00,0x00,0xbf,0x80,0x00,0xaf,0x70,0x00,0x00,0xbf,0x80,0x00,0x00,0xbf,0x50,0xbf,0x40,0x00,0x00,0x0a,0xf4,0x9f,0x70,0x00,
  0x00,0x9f,0x39,0xf8,0x00,0x00,0x00,0x00,0x00,0x00,0x00,0x00,0x5f,0xd0,0x00,0x0c,0xf6,0x00,0x03,0xee,0x10,0x00,0x00,0xbf,
  0x40,0xbf,0x30,0x00,0x9f,0x70,0x00,0x00,0x4f,0xc0,0x09,0xf7,0x00,0x00,0x04,0xfc,0x00,0x9f,0x70,0x00,0x00,0x4f,0xc0,0x00,
  0x00,0x00,0x00,0xee,0x7f,0xdb,0xef,0xe3,0x00,0x05,0xfd,0x00,0x00,0xdf,0x50,0x00,0x00,0x00,0x00,0xae,0x10,0x00,0x7c,0xee,
  0xdb,0x40,0x0a,0xe1,0x00,0x00,0x00,0x00,0x9f,0x70,0x00,0x00,0x4f,0xc0,0x05,0xfd,0x00,0x00,0xdf,0x50,0x02,0xff,0x30,0x00,
  0x00,0x00,0x00,0x09,0xf7,0x00,0x00,0x04,0xfc,0x00,0x9f,0x70,0x00,0x00,0x4f,0xc0,0x09,0xf7,0x00,0x00,0x04,0xfc,0x00,0x9f,
  0x70,0x00,0x00,0x4f,0xc0,0x09,0xf7,0x00,0x00,0x04,0xfc,0x00,0x9f,0x70,0x00,0x00,0x4f,0xc0,0x09,0xf7,0x00,0x00,0x04,0xfc,
  0x00,0x00,0x00,0x00,0x2f,0xa0,0x00,0x00,0xaf,0xd2,0x00,0x00,0x08,0xf4,0x00,0x00,0x00,0xbf,0xa0,0x00,0x00,0x00,0x00,0x09,
  0xfc,0x10,0x00,0x00,0xce,0x40,0x00,0x00,0x00,0x00,0x00,0x00,0x01,0xdf,0xa1,0x00,0x00,0x00,0x00,0xaf,0x70,0x00,0x00,0x00,
  0x7f,0xc0,0x00,0xaf,0x70,0x00,0x00,0xef,0x40,0x00,0x01,0xee,0x00,0x6f,0xa0,0x00,0x00,0x0a,0xf5,0x3f,0xc0,0x00,0x00,0xed,
  0x09,0xf8,0x00,0x00,0x00,0x00,0x00,0x00,0x00,0x27,0xed,0x30,0x00,0x03,0xee,0x81,0x6e,0xe5,0x00,0x00,0x06,0xf9,0x00,0xcf,
  0x30,0x00,0xbf,0x50,0x00,0x00,0x2f,0xe0,0x0b,0xf5,0x00,0x00,0x02,0xfe,0x00,0xbf,0x50,0x00,0x00,0x2f,0xe0,0x00,0x00,0x00,
  0x00,0xef,0xe4,0x00,0x09,0xfd,0x00,0x00,0xaf,0x80,0x08,0xfa,0x00,0x00,0x00,0x00,0x01,0xe9,0x00,0x0c,0xfc,0x88,0xcf,0x60,
  0x05,0xf5,0x00,0x00,0x00,0x00,0xbf,0x50,0x00,0x00,0x2f,0xe0,0x00,0xaf,0x80,0x08,0xfa,0x00,0x05,0xfe,0x00,0x00,0x00,0x00,
  0x00,0x0b,0xf5,0x00,0x00,0x02,0xfe,0x00,0xbf,0x50,0x00,0x00,0x2f,0xe0,0x0b,0xf5,0x00,0x00,0x02,0xfe,0x00,0xbf,0x50,0x00,
  0x00,0x2f,0xe0,0x0b,0xf5,0x00,0x00,0x02,0xfe,0x00,0xbf,0x50,0x00,0x00,0x2f,0xe0,0x0b,0xf5,0x00,0x00,0x02,0xfe,0x00,0x00,
  0x00,0x00,0x2f,0xa0,0x00,0x02,0xee,0xee,0x30,0x00,0x08,0xf4,0x00,0x00,0x07,0xff,0x40,0x00,0x00,0x00,0x00,0xaf,0xc1,0x00,
  0x00,0x00,0x00,0x00,0x00,0x00,0x00,0x00,0x00,0x00,0x00,0x4e,0xfe,0x93,0x00,0x00,0x00,0xaf,0x70,0x00,0x00,0x00,0x6f,0xd0,
  0x00,0xaf,0x70,0x00,0x1a,0xfb,0x00,0x00,0x07,0xfa,0x00,0x1e,0xe1,0x00,0x00,0x0a,0xf5,0x0d,0xf2,0x00,0x04,0xf8,0x09,0xf8,
  0x00,0x00,0x00,0x00,0x00,0x06,0xff,0xfd,0x71,0x00,0x00,0x00,0x3d,0xff,0xfc,0x30,0x00,0x00,0x2e,0xd0,0x00,0xcf,0x30,0x00,
  0xcf,0x50,0x00,0x00,0x1f,0xf0,0x0c,0xf5,0x00,0x00,0x01,0xff,0x00,0xcf,0x50,0x00,0x00,0x1f,0xf0,0x00,0x00,0x00,0x00,0xef,
  0x90,0x00,0x00,0xdf,0x40,0x00,0x1e,0xe2,0x2e,0xe1,0x00,0x00,0x00,0x00,0x05,0xf5,0x00,0x8f,0x90,0x00,0x6f,0x50,0x03,0xf6,
  0x00,0x00,0x00,0x00,0xcf,0x50,0x00,0x00,0x1f,0xf0,0x00,0x1e,0xe2,0x2e,0xe1,0x00,0x07,0xfc,0x00,0x00,0x00,0x00,0x00,0x0c,
  0xf5,0x00,0x00,0x01,0xff,0x00,0xcf,0x50,0x00,0x00,0x1f,0xf0,0x0c,0xf5,0x00,0x00,0x01,0xff,0x00,0xcf,0x50,0x00,0x00,0x1f,
  0xf0,0x0c,0xf5,0x00,0x00,0x01,0xff,0x00,0xcf,0x50,0x00,0x00,0x1f,0xf0,0x0c,0xf5,0x00,0x00,0x01,0xff,0x00,0x00,0x00,0x00,
  0x2f,0xa0,0x00,0x09,0xf6,0x3e,0xe4,0x00,0x08,0xf4,0x00,0x00,0x5e,0xff,0x40,0x00,0x00,0x00,0x0c,0xfb,0x10,0x00,0x00,0x00,
  0x00,0x00,0x00,0x00,0x00,0x00,0x00,0x00,0x00,0x02,0xaf,0xff,0xb3,0x00,0x00,0xaf,0x70,0x00,0x00,0x00,0x5f,0xe0,0x00,0xaf,
  0xdb,0xbc,0xef,0xb1,0x00,0x00,0x0c,0xf4,0x00,0x0a,0xf6,0x00,0x00,0x0a,0xf5,0x08,0xf7,0x00,0x0a,0xf3,0x09,0xf8,0x00,0x00,
  0x00,0x00,0x00,0x05,0xcc,0xef,0xe9,0x10,0x00,0x00,0x5d,0xfd,0xfe,0x60,0x00,0x00,0xce,0x30,0x00,0xcf,0x30,0x00,0xcf,0x40,
  0x00,0x00,0x1f,0xf1,0x0c,0xf4,0x00,0x00,0x01,0xff,0x10,0xcf,0x40,0x00,0x00,0x1f,0xf1,0x00,0x00,0x00,0x00,0xef,0x40,0x00,
  0x00,0x9f,0x80,0x00,0x06,0xfb,0xbf,0x60,0x00,0x00,0x00,0x00,0x08,0xf2,0x00,0xde,0x00,0x00,0x7f,0x40,0x03,0xf7,0x00,0x00,
  0x00,0x00,0xcf,0x40,0x00,0x00,0x1f,0xf1,0x00,0x06,0xfb,0xbf,0x60,0x00,0x07,0xfb,0x00,0x00,0x00,0x00,0x00,0x0c,0xf4,0x00,
  0x00,0x01,0xff,0x10,0xcf,0x40,0x00,0x00,0x1f,0xf1,0x0c,0xf4,0x00,0x00,0x01,0xff,0x10,0xcf,0x40,0x00,0x00,0x1f,0xf1,0x0c,
  0xf4,0x00,0x00,0x01,0xff,0x10,0xcf,0x40,0x00,0x00,0x1f,0xf1,0x0c,0xf4,0x00,0x00,0x01,0xff,0x10,0x00,0x00,0x00,0x2f,0xa0,
  0x00,0x4f,0xd0,0x03,0xee,0x40,0x08,0xf4,0x00,0x04,0xee,0xcf,0x40,0x00,0x00,0x00,0x0f,0xc0,0x00,0x00,0x00,0x00,0x00,0x00,
  0x00,0x00,0x00,0x00,0x00,0x00,0x00,0x00,0x02,0x8e,0xfe,0x40,0x00,0xaf,0x70,0x00,0x00,0x00,0x6f,0xd0,0x00,0xaf,0xff,0xff,
  0xf7,0x00,0x00,0x00,0x3f,0xe0,0x00,0x05,0xfc,0x00,0x00,0x0a,0xf5,0x03,0xfd,0x00,0x0e,0xc0,0x09,0xf8,0x00,0x00,0x00,0x00,
  0x00,0x00,0x00,0x02,0x9f,0xd1,0x00,0x08,0xfd,0x30,0x5d,0xf9,0x00,0x07,0xf7,0x00,0x00,0xcf,0x30,0x00,0xcf,0x50,0x00,0x00,
  0x1f,0xf0,0x0c,0xf5,0x00,0x00,0x01,0xff,0x00,0xcf,0x50,0x00,0x00,0x1f,0xf0,0x00,0x00,0x00,0x00,0xef,0x30,0x00,0x00,0x7f,
  0xa0,0x00,0x00,0xbf,0xfb,0x00,0x00,0x00,0x00,0x00,0x09,0xf1,0x01,0xfc,0x00,0x00,0x9f,0x30,0x04,0xf6,0x00,0x00,0x00,0x00,
  0xcf,0x50,0x00,0x00,0x1f,0xf0,0x00,0x00,0xbf,0xfb,0x00,0x00,0x07,0xfc,0x00,0x00,0x00,0x00,0x00,0x0c,0xf5,0x00,0x00,0x01,
  0xff,0x00,0xcf,0x50,0x00,0x00,0x1f,0xf0,0x0c,0xf5,0x00,0x00,0x01,0xff,0x00,0xcf,0x50,0x00,0x00,0x1f,0xf0,0x0c,0xf5,0x00,
  0x00,0x01,0xff,0x00,0xcf,0x50,0x00,0x00,0x1f,0xf0,0x0c,0xf5,0x00,0x00,0x01,0xff,0x00,0x00,0x00,0x00,0x2f,0xa0,0x02,0xee,
  0x40,0x00,0x4e,0xe2,0x08,0xf4,0x00,0x09,0xe3,0x8f,0x40,0x77,0x77,0x77,0x7f,0xc7,0x77,0x77,0x50,0x00,0x00,0x00,0x00,0x00,
  0x00,0x00,0x00,0x00,0x00,0x00,0x00,0x01,0xbf,0xe0,0x00,0xaf,0x70,0x00,0x00,0x00,0x8f,0xb0,0x00,0xaf,0x70,0x07,0xfc,0x00,
  0x00,0x00,0x8f,0xff,0xff,0xff,0xff,0x20,0x00,0x0a,0xf5,0x00,0xcf,0x30,0x5f,0x70,0x09,0xf8,0x00,0x00,0x00,0x00,0x00,0x00,
  0x00,0x00,0x0b,0xf8,0x00,0x3f,0xd1,0x00,0x01,0xcf,0x60,0x3e,0xc0,0x00,0x00,0xcf,0x30,0x00,0xbf,0x50,0x00,0x00,0x2f,0xe0,
  0x0b,0xf5,0x00,0x00,0x02,0xfe,0x00,0xbf,0x50,0x00,0x00,0x2f,0xe0,0x00,0x00,0x00,0x00,0xef,0x20,0x00,0x00,0x7f,0xa0,0x00,
  0x00,0x6f,0xf5,0x00,0x00,0x00,0x00,0x00,0x0a,0xf0,0x00,0xec,0x00,0x00,0xbf,0x30,0x07,0xf3,0x00,0x00,0x00,0x00,0xbf,0x50,
  0x00,0x00,0x2f,0xe0,0x00,0x00,0x6f,0xf5,0x00,0x00,0x05,0xfe,0x00,0x00,0x00,0x00,0x00,0x0b,0xf5,0x00,0x00,0x02,0xfe,0x00,
  0xbf,0x50,0x00,0x00,0x2f,0xe0,0x0b,0xf5,0x00,0x00,0x02,0xfe,0x00,0xbf,0x50,0x00,0x00,0x2f,0xe0,0x0b,0xf5,0x00,0x00,0x02,
  0xfe,0x00,0xbf,0x50,0x00,0x00,0x2f,0xe0,0x0b,0xf5,0x00,0x00,0x02,0xfe,0x00,0x00,0x00,0x00,0x2f,0xa0,0x3e,0xf7,0x00,0x00,
  0x06,0xfd,0x18,0xf4,0x00,0x00,0x20,0x8f,0x40,0xff,0xff,0xff,0xff,0xff,0xff,0xff,0xb0,0x00,0x00,0x00,0x00,0x00,0x00,0x00,
  0x00,0x00,0x00,0x00,0x00,0x00,0x0e,0xf4,0x00,0xaf,0x70,0x00,0x00,0x00,0xcf,0x80,0x00,0xaf,0x70,0x00,0xdf,0x70,0x00,0x00,
  0xef,0xbb,0xbb,0xbb,0xdf,0x80,0x00,0x0a,0xf5,0x00,0x7f,0x80,0xaf,0x20,0x09,0xf8,0x00,0x00,0x00,0x00,0x00,0x00,0x00,0x00,
  0x06,0xfb,0x00,0x9f,0x70,0x00,0x00,0x4f,0xd0,0xaf,0xdc,0xcc,0xcc,0xef,0xdc,0x90,0x9f,0x70,0x00,0x00,0x4f,0xd0,0x09,0xf7,
  0x00,0x00,0x04,0xfd,0x00,0x9f,0x70,0x00,0x00,0x4f,0xd0,0x00,0x00,0x00,0x00,0xef,0x30,0x00,0x00,0x7f,0xa0,0x00,0x01,0xde,
  0xed,0x00,0x00,0x00,0x00,0x00,0x09,0xf1,0x00,0xce,0x20,0x03,0xee,0x50,0x1d,0xc0,0x00,0x00,0x00,0x00,0x9f,0x70,0x00,0x00,
  0x4f,0xd0,0x00,0x01,0xde,0xed,0x00,0x00,0x02,0xff,0x20,0x00,0x00,0x00,0x00,0x09,0xf7,0x00,0x00,0x04,0xfd,0x00,0x9f,0x70,
  0x00,0x00,0x4f,0xd0,0x09,0xf7,0x00,0x00,0x04,0xfd,0x00,0x9f,0x70,0x00,0x00,0x4f,0xd0,0x09,0xf7,0x00,0x00,0x04,0xfd,0x00,
  0x9f,0x70,0x00,0x00,0x4f,0xd0,0x09,0xf7,0x00,0x00,0x04,0xfd,0x00,0x00,0x00,0x00,0x2f,0xa4,0xef,0x90,0x00,0x00,0x00,0x9f,
  0x78,0xf4,0x00,0x00,0x00,0x8f,0x40,0x44,0x44,0x44,0x4f,0xb4,0x44,0x44,0x30,0x00,0x00,0x00,0x00,0x00,0x00,0x00,0x00,0x00,
  0x00,0x00,0x00,0x00,0x0c,0xf5,0x00,0xaf,0x70,0x00,0x00,0x03,0xff,0x30,0x00,0xaf,0x70,0x00,0x5f,0xe2,0x00,0x05,0xfc,0x00,
  0x00,0x00,0x3f,0xd0,0x00,0x0a,0xf5,0x00,0x2f,0xd1,0xeb,0x00,0x09,0xf8,0x00,0x00,0x00,0x00,0x00,0x00,0x00,0x00,0x07,0xfb,
  0x00,0xaf,0x50,0x00,0x00,0x1f,0xe0,0xbf,0xff,0xff,0xff,0xff,0xff,0xb0,0x5f,0xa0,0x00,0x00,0x7f,0xa0,0x05,0xfa,0x00,0x00,
  0x07,0xfa,0x00,0x5f,0xa0,0x00,0x00,0x7f,0xa0,0x00,0x00,0x00,0x00,0xef,0x50,0x00,0x00,0xaf,0x80,0x00,0x09,0xf8,0x9f,0x90,
  0x00,0x00,0x00,0x00,0x07,0xf4,0x00,0x5f,0xe8,0x9e,0x8b,0xd8,0xce,0x30,0x00,0x00,0x00,0x00,0x5f,0xa0,0x00,0x00,0x7f,0xa0,
  0x00,0x09,0xf8,0x9f,0x90,0x00,0x00,0xdf,0x80,0x00,0x00,0x00,0x00,0x05,0xfa,0x00,0x00,0x07,0xfa,0x00,0x5f,0xa0,0x00,0x00,
  0x7f,0xa0,0x05,0xfa,0x00,0x00,0x07,0xfa,0x00,0x5f,0xa0,0x00,0x00,0x7f,0xa0,0x05,0xfa,0x00,0x00,0x07,0xfa,0x00,0x5f,0xa0,
  0x00,0x00,0x7f,0xa0,0x05,0xfa,0x00,0x00,0x07,0xfa,0x00,0x00,0x00,0x00,0x2f,0xa2,0xe8,0x00,0x00,0x00,0x00,0x08,0x08,0xf4,
  0x00,0x00,0x00,0x8f,0x40,0x00,0x00,0x00,0x0f,0xa0,0x00,0x00,0x00,0x00,0x00,0x00,0x00,0x00,0x00,0x00,0x00,0x00,0x00,0x00,
  0x00,0x00,0x0e,0xf3,0x00,0xaf,0x70,0x00,0x00,0x1d,0xfa,0x00,0x00,0xaf,0x70,0x00,0x0b,0xfa,0x00,0x0a,0xf7,0x00,0x00,0x00,
  0x0d,0xf4,0x00,0x0a,0xf5,0x00,0x0c,0xfa,0xf6,0x00,0x09,0xf8,0x00,0x00,0x00,0x00,0x00,0x00,0x00,0x00,0x0c,0xf8,0x00,0x9f,
  0x80,0x00,0x00,0x5f,0xc0,0x00,0x00,0x00,0x00,0xcf,0x30,0x00,0x1e,0xe1,0x00,0x00,0xcf,0x50,0x01,0xee,0x10,0x00,0x0c,0xf5,
  0x00,0x1e,0xe1,0x00,0x00,0xcf,0x50,0x00,0x00,0x00,0x00,0xef,0x90,0x00,0x00,0xef,0x40,0x00,0x4f,0xd1,0x1d,0xf4,0x00,0x00,
  0x00,0x00,0x03,0xf9,0x00,0x04,0xce,0xd7,0x02,0xbe,0xb4,0x00,0x00,0x00,0x00,0x00,0x1e,0xe1,0x00,0x00,0xcf,0x50,0x00,0x4f,
  0xd1,0x1d,0xf4,0x00,0x00,0x6f,0xe3,0x00,0x00,0x00,0x00,0x01,0xee,0x10,0x00,0x0c,0xf5,0x00,0x1e,0xe1,0x00,0x00,0xcf,0x50,
  0x01,0xee,0x10,0x00,0x0c,0xf5,0x00,0x1e,0xe1,0x00,0x00,0xcf,0x50,0x01,0xee,0x10,0x00,0x0c,0xf5,0x00,0x1e,0xe1,0x00,0x00,
  0xcf,0x50,0x01,0xee,0x10,0x00,0x0c,0xf5,0x00,0x00,0x00,0x00,0x2f,0xa0,0x20,0x00,0x00,0x00,0x00,0x00,0x08,0xf4,0x00,0x00,
  0x00,0x8f,0x40,0x00,0x00,0x00,0x0f,0xa0,0x00,0x00,0x00,0x00,0xce,0x40,0x00,0x00,0x00,0x00,0x00,0x00,0x08,0x50,0x00,0x01,
  0xaf,0xc0,0x00,0xaf,0x70,0x00,0x05,0xdf,0xd1,0x00,0x00,0xaf,0x70,0x00,0x02,0xef,0x50,0x1e,0xe1,0x00,0x00,0x00,0x08,0xf9,
  0x00,0x0a,0xf5,0x00,0x07,0xff,0xe1,0x00,0x09,0xf8,0x00,0x00,0x00,0x00,0x0a,0x50,0x00,0x01,0xaf,0xe1,0x00,0x4f,0xe5,0x00,
  0x03,0xdf,0x70,0x00,0x00,0x00,0x00,0xcf,0x30,0x00,0x09,0xfb,0x10,0x08,0xfd,0x00,0x00,0x9f,0xb1,0x00,0x8f,0xd0,0x00,0x09,
  0xfb,0x10,0x08,0xfd,0x00,0x00,0x00,0x00,0x00,0xef,0xe5,0x00,0x09,0xfd,0x00,0x00,0xdf,0x50,0x05,0xfd,0x00,0x00,0x00,0x00,
  0x00,0xce,0x10,0x00,0x00,0x00,0x00,0x00,0x00,0x00,0x00,0x00,0x00,0x00,0x09,0xfb,0x10,0x08,0xfd,0x00,0x00,0xdf,0x50,0x05,
  0xfd,0x00,0x00,0x0b,0xfe,0x60,0x00,0x01,0x51,0x00,0x9f,0xb1,0x00,0x8f,0xd0,0x00,0x09,0xfb,0x10,0x08,0xfd,0x00,0x00,0x9f,
  0xb1,0x00,0x8f,0xd0,0x00,0x09,0xfb,0x10,0x08,0xfd,0x00,0x00,0x9f,0xb1,0x00,0x8f,0xd0,0x00,0x09,0xfb,0x10,0x08,0xfd,0x00,
  0x00,0x9f,0xb1,0x00,0x8f,0xd0,0x00,0x00,0x00,0x00,0x2f,0xa0,0x00,0x00,0x00,0x00,0x00,0x00,0x08,0xf4,0x00,0x00,0x00,0x8f,
  0x40,0x00,0x00,0x00,0x0f,0xa0,0x00,0x00,0x00,0x03,0xff,0x90,0x00,0x00,0x00,0x00,0x00,0x00,0x0b,0xfe,0xcb,0xde,0xfd,0x20,
  0x00,0xaf,0xdb,0xbc,0xef,0xfb,0x10,0x00,0x00,0xaf,0x70,0x00,0x00,0x8f,0xd0,0x6f,0xb0,0x00,0x00,0x00,0x02,0xfe,0x00,0x0a,
  0xf5,0x00,0x01,0xef,0xb0,0x00,0x09,0xf8,0x00,0x00,0x00,0x00,0x0f,0xfe,0xdc,0xdf,0xfe,0x40,0x00,0x09,0xff,0xec,0xdf,0xfa,
  0x00,0x00,0x00,0x00,0x00,0xcf,0x30,0x00,0x00,0xcf,0xec,0xef,0xe3,0x00,0x00,0x0c,0xfe,0xce,0xfe,0x30,0x00,0x00,0xcf,0xec,
  0xef,0xe3,0x00,0x00,0x00,0x00,0x00,0xef,0x8f,0xdb,0xef,0xe3,0x00,0x09,0xfb,0x00,0x00,0xbf,0x80,0x00,0x00,0x00,0x00,0x4f,
  0xc1,0x00,0x00,0x00,0x00,0x00,0x00,0x00,0x00,0x00,0x00,0x00,0x00,0xcf,0xec,0xef,0xe3,0x00,0x09,0xfb,0x00,0x00,0xbf,0x80,
  0x00,0x00,0xbf,0xfe,0xcc,0xdf,0xf1,0x00,0x0c,0xfe,0xce,0xfe,0x30,0x00,0x00,0xcf,0xec,0xef,0xe3,0x00,0x00,0x0c,0xfe,0xce,
  0xfe,0x30,0x00,0x00,0xcf,0xec,0xef,0xe3,0x00,0x00,0x0c,0xfe,0xce,0xfe,0x30,0x00,0x00,0xcf,0xec,0xef,0xe3,0x00,0x00,0x0c,
  0xfe,0xce,0xfe,0x30,0x00,0x00,0x00,0x00,0x2f,0xa0,0x00,0x00,0x00,0x00,0x14,0x20,0x0b,0xf3,0x00,0x00,0x00,0x8f,0x40,0x00,
  0x00,0x00,0x0f,0xa0,0x00,0x00,0x00,0x00,0xce,0x40,0x00,0x00,0x00,0x00,0x00,0x00,0x04,0x9c,0xde,0xeb,0x70,0x00,0x00,0xaf,
  0xff,0xee,0xc9,0x40,0x00,0x00,0x00,0xaf,0x70,0x00,0x00,0x0d,0xf8,0xcf,0x50,0x00,0x00,0x00,0x00,0xcf,0x60,0x0a,0xf5,0x00,
  0x00,0xbf,0x50,0x00,0x09,0xf8,0x00,0x00,0x00,0x00,0x04,0x9c,0xde,0xec,0x81,0x00,0x00,0x00,0x4a,0xde,0xeb,0x50,0x00,0x00,
  0x00,0x00,0x00,0xcf,0x30,0x00,0x00,0x08,0xde,0xd9,0x20,0x00,0x00,0x00,0x8d,0xed,0x92,0x00,0x00,0x00,0x08,0xde,0xd9,0x20,
  0x00,0x00,0x00,0x00,0x00,0xef,0x25,0xce,0xea,0x20,0x00,0x4f,0xe2,0x00,0x00,0x2e,0xe3,0x00,0x00,0x00,0x00,0x07,0xfd,0x50,
  0x00,0x00,0x01,0x51,0x00,0x00,0x00,0x00,0x00,0x00,0x00,0x08,0xde,0xd9,0x20,0x00,0x4f,0xe2,0x00,0x00,0x2e,0xe3,0x00,0x00,
  0x04,0x9d,0xee,0xeb,0x70,0x00,0x00,0x8d,0xed,0x92,0x00,0x00,0x00,0x08,0xde,0xd9,0x20,0x00,0x00,0x00,0x8d,0xed,0x92,0x00,
  0x00,0x00,0x08,0xde,0xd9,0x20,0x00,0x00,0x00,0x8d,0xed,0x92,0x00,0x00,0x00,0x08,0xde,0xd9,0x20,0x00,0x00,0x00,0x8d,0xed,
  0x92,0x00,0x00,0x00,0x00,0x00,0x2f,0xa0,0x00,0x00,0x00,0x00,0x1e,0xff,0xff,0xe1,0x00,0x00,0x00,0x8f,0x40,0x00,0x00,0x69,
  0xaf,0x90,0x00,0x00,0x00,0x00,0x00,0x00,0x00,0x00,0x00,0x00,0x00,0x00,0x00,0x00,0x00,0x00,0x00,0x00,0x00,0x00,0x00,0x00,
  0x00,0x00,0x00,0x00,0x00,0x00,0x00,0x00,0x00,0x00,0x00,0x00,0x00,0x00,0x00,0x00,0x00,0x00,0x00,0x00,0x00,0x00,0x00,0x00,
  0x00,0x00,0x00,0x00,0x00,0x00,0x00,0x00,0x00,0x00,0x00,0x00,0x00,0x00,0x00,0x00,0x00,0x00,0x00,0x00,0x00,0x00,0x00,0x00,
  0x00,0x00,0x00,0x00,0x00,0x00,0x00,0x00,0x00,0x00,0x00,0x00,0x00,0x00,0x00,0x00,0x00,0x00,0x00,0x00,0x00,0x00,0x00,0x00,
  0x00,0x00,0x00,0xef,0x20,0x00,0x00,0x00,0x00,0x00,0x00,0x00,0x00,0x00,0x00,0x00,0x00,0x00,0x00,0x00,0x5e,0xfe,0xb9,0x9a,
  0xce,0xf3,0x00,0x00,0x00,0x00,0x00,0x00,0x00,0x00,0x00,0x00,0x00,0x00,0x00,0x00,0x00,0x00,0x00,0x00,0x00,0x00,0x00,0x00,
  0x00,0x00,0x00,0x00,0x00,0x00,0x00,0x00,0x00,0x00,0x00,0x00,0x00,0x00,0x00,0x00,0x00,0x00,0x00,0x00,0x00,0x00,0x00,0x00,
  0x00,0x00,0x00,0x00,0x00,0x00,0x00,0x00,0x00,0x00,0x00,0x00,0x00,0x00,0x00,0x00,0x00,0x00,0x00,0x00,0x00,0x00,0x00,0x00,
  0x00,0x00,0x00,0x00,0x2f,0xa0,0x00,0x00,0x00,0x00,0x08,0xcd,0xec,0x50,0x00,0x00,0x00,0x8f,0x40,0x00,0x00,0x7f,0xfe,0x40,
  0x00,0x00,0x00,0x00,0x00,0x00,0x00,0x00,0x00,0x00,0x00,0x00,0x00,0x00,0x00,0x00,0x00,0x00,0x00,0x00,0x00,0x00,0x00,0x00,
  0x00,0x00,0x00,0x00,0x00,0x00,0x00,0x00,0x00,0x00,0x00,0x00,0x00,0x00,0x00,0x00,0x00,0x00,0x00,0x00,0x00,0x00,0x00,0x00,
  0x00,0x00,0x00,0x00,0x00,0x00,0x00,0x00,0x00,0x00,0x00,0x00,0x00,0x00,0x00,0x00,0x00,0x00,0x00,0x00,0x00,0x00,0x00,0x00,
  0x00,0x00,0x00,0x00,0x00,0x00,0x00,0x00,0x00,0x00,0x00,0x00,0x00,0x00,0x00,0x00,0x00,0x00,0x00,0x00,0x00,0x00,0x00,0x00,
  0x00,0xef,0x20,0x00,0x00,0x00,0x00,0x00,0x00,0x00,0x00,0x00,0x00,0x00,0x00,0x00,0x00,0x00,0x00,0x6a,0xde,0xed,0xb8,0x30,
  0x00,0x00,0x00,0x00,0x00,0x00,0x00,0x00,0x00,0x00,0x00,0x00,0x00,0x00,0x00,0x00,0x00,0x00,0x00,0x00,0x00,0x00,0x00,0x00,
  0x00,0x00,0x00,0x00,0x00,0x00,0x00,0x00,0x00,0x00,0x00,0x00,0x00,0x00,0x00,0x00,0x00,0x00,0x00,0x00,0x00,0x00,0x00,0x00,
  0x00,0x00,0x00,0x00,0x00,0x00,0x00,0x00,0x00,0x00,0x00,0x00,0x00,0x00,0x00,0x00,0x00,0x00,0x00,0x00,0x00,0x00,0x00,0x00,
  0x00,0x00,0x02,0x10,0x00,0x00,0x00,0x00,0x00,0x00,0x00,0x00,0x00,0x00,0x00,0x12,0x00,0x00,0x00,0x01,0x10,0x00,0x00,0x00,
  0x00,0x00,0x00,0x00,0x00,0x00,0x00,0x00,0x00,0x00,0x00,0x00,0x00,0x00,0x00,0x00,0x00,0x00,0x00,0x00,0x00,0x00,0x00,0x00,
  0x00,0x00,0x00,0x00,0x00,0x00,0x00,0x00,0x00,0x00,0x00,0x00,0x00,0x00,0x00,0x00,0x00,0x00,0x00,0x00,0x00,0x00,0x00,0x00,
  0x00,0x00,0x00,0x00,0x00,0x00,0x00,0x00,0x00,0x00,0x00,0x00,0x00,0x00,0x00,0x00,0x00,0x00,0x00,0x00,0x00,0x00,0x00,0x00,
  0x00,0x00,0x00,0x00,0x00,0x00,0x00,0x00,0x00,0x00,0x00,0x00,0x00,0x00,0x00,0x00,0x00,0x00,0x00,0x00,0x00,0x00,0x00,0xef,
  0x20,0x00,0x00,0x00,0x00,0x00,0x00,0x00,0x00,0x00,0x00,0x00,0x00,0x00,0x00,0x00,0x00,0x00,0x00,0x00,0x00,0x00,0x00,0x00,
  0x00,0x00,0x00,0x00,0x00,0x00,0x00,0x00,0x00,0x00,0x00,0x00,0x00,0x00,0x00,0x00,0x00,0x00,0x00,0x00,0x00,0x00,0x00,0x00,
  0x00,0x00,0x00,0x00,0x00,0x00,0x00,0x00,0x00,0x00,0x00,0x00,0x00,0x00,0x00,0x00,0x00,0x00,0x00,0x00,0x00,0x00,0x00,0x00,
  0x00,0x00,0x00,0x00,0x00,0x00,0x00,0x00,0x00,0x00,0x00,0x00,0x00,0x00,0x00,0x00,0x00,0x00,0x00,0x00,0x00,0x00,0x00,0x00,
  0x00,0x00,0x00,0x00,0x00,0x00,0x00,0x00,0x00,0x00,0x00,0x00,0x00,0x00,0x00,0x00,0x00,0x00,0x00,0x00,0x00,0x00,0x00,0x00,
  0x00,0x00,0x00,0x00,0x00,0x00,0x00,0x00,0x00,0x00,0x00,0x00,0x00,0x00,0x00,0x00,0x00,0x00,0x00,0x00,0x00,0x00,0x00,0x00,
  0x00,0x00,0x00,0x00,0x00,0x00,0x00,0x00,0x00,0x00,0x00,0x00,0x00,0x00,0x00,0x00,0x00,0x00,0x00,0x00,0x00,0x00,0x00,0x00,
  0x00,0x00,0x00,0x00,0x00,0x00,0x00,0x00,0x00,0x00,0x00,0x00,0x00,0x00,0x00,0x00,0x00,0x00,0x00,0x00,0x00,0x00,0x00,0x00,
  0x00,0x00,0x00,0x00,0x00,0x00,0x00,0x00,0x00,0x00,0x00,0x00,0x00,0x00,0x00,0x00,0x00,0x00,0x00,0x00,0x00,0xef,0x20,0x00,
  0x00,0x00,0x00,0x00,0x00,0x00,0x00,0x00,0x00,0x00,0x00,0x00,0x00,0x00,0x00,0x00,0x00,0x00,0x00,0x00,0x00,0x00,0x00,0x00,
  0x00,0x00,0x00,0x00,0x00,0x00,0x00,0x00,0x00,0x00,0x00,0x00,0x00,0x00,0x00,0x00,0x00,0x00,0x00,0x00,0x00,0x00,0x00,0x00,
  0x00,0x00,0x00,0x00,0x00,0x00,0x00,0x00,0x00,0x00,0x00,0x00,0x00,0x00,0x00,0x00,0x00,0x00,0x00,0x00,0x00,0x00,0x00,0x00,
  0x00,0x00,0x00,0x00,0x00,0x00,0x00,0x00,0x00,0x00,0x00,0x00,0x00,0x00,0x00,0x00,0x00,0x00,0x00,0x00,0x00,0x00,0x00,0x00,
  0x00,0x00,0x00,0x00,0x00,0x00,0x00,0x00,0x00,0x00,0x00,0x00,0x00,0x00,0x00,0x00,0x00,0x00,0x00,0x00,0x00,0x00,0x00,0x00,
  0x00,0x00,0x00,0x00,0x00,0x00,0x00,0x00,0x00,0x00,0x00,0x00,0x00,0x00,0x00,0x00,0x00,0x00,0x00,0x00,0x00,0x00,0x00,0x00,
  0x00,0x00,0x00,0x00,0x00,0x00,0x00,0x00,0x00,0x00,0x00,0x00,0x00,0x00,0x00,0x00,0x00,0x00,0x00,0x00,0x00,0x00,0x00,0x00,
  0x00,0x00,0x00,0x00,0x00,0x00,0x00,0x00,0x00,0x00,0x00,0x00,0x00,0x00,0x00,0x00,0x00,0x00,0x00,0x00,0x00,0x00,0x00,0x00,
  0x00,0x00,0x00,0x00,0x00,0x00,0x00,0x00,0x00,0x00,0x00,0x00,0x00,0x00,0x00,0x00,0x00,0x00,0x00,0xef,0x20,0x00,0x00,0x00,
  0x00,0x00,0x00,0x00,0x00,0x00,0x00,0x00,0x00,0x00,0x00,0x00,0x00,0x00,0x00,0x00,0x00,0x00,0x00,0x00,0x00,0x00,0x00,0x00,
  0x00,0x00,0x00,0x00,0x00,0x00,0x00,0x00,0x00,0x00,0x00,0x00,0x00,0x00,0x00,0x00,0x00,0x00,0x00,0x00,0x00,0x00,0x00,0x00,
  0x00,0x00,0x00,0x00,0x00,0x00,0x00,0x00,0x00,0x00,0x00,0x00,0x00,0x00,0x00,0x00,0x00,0x00,0x00,0x00,0x00,0x00,0x00,0x00,
  0x00,0x00,0x00,0x00,0x00,0x00,0x00,0x00,0x00,0x00,0x00,0x00,0x00,0x00,0x00,0x00,0x00,0x00,0x00,0x00,0x00,0x00,0x00,0x00,
  0x00,0x00,0x00,0x00,0x00,0x00,0x00,0x00,0x00,0x00,0x00,0x00,0x00,0x00,0x00,0x00,0x00,0x00,0x00,0x00,0x00,0x00,0x00,0x00,
  0x00,0x00,0x00,0x00,0x00,0x00,0x00,0x00,0x00,0x00,0x00,0x00,0x00,0x00,0x00,0x00,0x00,0x00,0x00,0x00,0x00,0x00,0x00,0x00,
  0x00,0x00,0x00,0x00,0x00,0x00,0x00,0x00,0x00,0x00,0x00,0x00,0x00,0x00,0x00,0x00,0x00,0x00,0x00,0x00,0x00,0x00,0x00,0x00,
  0x00,0x00,0x00,0x00,0x00,0x00,0x00,0x00,0x00,0x00,0x00,0x00,0x00,0x00,0x00,0x00,0x00,0x00,0x00,0x00,0x00,0x00,0x00,0x00,
  0x00,0x00,0x00,0x00,0x00,0x00,0x00,0x00,0x00,0x00,0x00,0x00,0x00,0x00,0x00,0x00,0x00,0xef,0x20,0x00,0x00,0x00,0x00,0x00,
  0x00,0x00,0x00,0x00,0x00,0x00,0x00,0x00,0x00,0x00,0x00,0x00,0x00,0x00,0x00,0x00,0x00,0x00,0x00,0x00,0x00,0x00,0x00,0x00,
  0x00,0x00,0x00,0x00,0x00,0x00,0x00,0x00,0x00,0x00,0x00,0x00,0x00,0x00,0x00,0x00,0x00,0x00,0x00,0x00,0x00,0x00,0x00,0x00,
  0x00,0x00,0x00,0x00,0x00,0x00,0x00,0x00,0x00,0x00,0x00,0x00,0x00,0x00,0x00,0x00,0x00,0x00,0x00,0x00,0x00,0x00,0x00,0x00,
  0x00,0x00,0x00,0x00,0x00,0x00,0x00,0x00,0x00,0x00,0x00,0x00,0x00,0x00,0x00,0x00,0x00,0x00,0x00,0x00,0x00,0x00,0x00,0x00,
  0x00,0x00,0x00,0x00,0x00,0x00,0x00,0x00,0x00,0x00,0x00,0x00,0x00,0x00,0x00,0x00,0x00,0x00,0x00,0x00,0x00,0x00,0x00,0x00,
  0x00,0x00,0x00,0x00,0x00,0x00,0x00,0x00,0x00,0x00,0x00,0x00,0x00,0x00,0x00,0x00,0x00,0x00,0x00,0x00,0x00,0x00,0x00,0x00,
  0x00,0x00,0x00,0x00,0x00,0x00,0x00,0x00,0x00,0x00,0x00,0x00,0x00,0x00,0x00,0x00,0x00,0x00,0x00,0x00,0x00,0x00,0x00,0x00,
  0x00,0x00,0x00,0x00,0x00,0x00,0x00,0x00,0x00,0x00,0x00,0x00,0x00,0x00,0x00,0x00,0x00,0x00,0x00,0x00,0x00,0x00,0x00,0x00,
  0x00,0x00,0x00,0x00,0x00,0x00,0x00,0x00,0x00,0x00,0x00,0x00,0x00,0x00,0x00,0x00,0x00,0x00,0x00,0x00,0x00,0x00,0x00,0x00,
  0x00,0x00,0x00,0x00,0x00,0x00,0x00,0x00,0x00,0x00,0x00,0x00,0x00,0x00,0x00,0x00,0x00,0x00,0x00,0x00,0x00,0x00,0x00,0x00,
  0x00,0x00,0x00,0x00,0x00,0x00,0x00,0x00,0x00,0x00,0x00,0x00,0x00,0x00,0x00,0x00,0x00,0x00,0x00,0x00,0x00,0x00,0x00,0x00,
  0x00,0x00,0x00,0x00,0x00,0x00,0x00,0x00,0x00,0x00,0x00,0x00,0x00,0x00,0x00,0x00,0x00,0x00,0x00,0x00,0x00,0x00,0x00,0x00,
  0x00,0x00,0x00,0x00,0x00,0x00,0x00,0x00,0x00,0x00,0x00,0x00,0x00,0x00,0x00,0x00,0x00,0x00,0x00,0x00,0x00,0x00,0x00,0x00,
  0x00,0x00,0x00,0x00,0x00,0x00,0x00,0x00,0x00,0x00,0x00,0x00,0x00,0x00,0x00,0x00,0x00,0x00,0x00,0x00,0x00,0x00,0x00,0x00,
  0x00,0x00,0x00,0x00,0x00,0x00,0x00,0x00,0x00,0x00,0x00,0x00,0x00,0x00,0x00,0x00,0x00,0x00,0x00,0x00,0x00,0x00,0x00,0x00,
  0x00,0x00,0x00,0x00,0x00,0x00,0x00,0x00,0x00,0x00,0x00,0x00,0x00,0x00,0x00,0x00,0x00,0x00,0x00,0x00,0x00,0x00,0x00,0x00,
  0x00,0x00,0x00,0x00,0x00,0x00,0x00,0x00,0x00,0x00,0x00,0x00,0x00,0x00,0x00,0x00,0x00,0x00,0x00,0x00,0x00,0x00,0x00,0x00,
  0x00,0x00,0x00,0x00,0x00,0x00,0x00,0x00,0x00,0x00,0x00,0x00,0x00,0x00,0x00,0x00,0x00,0x00,0x00,0x00,0x00,0x00,0x00,0x00,
  0x00,0x00,0x00,0x00,0x00,0x00,0x00,0x00,0x00,0x00,0x00,0x00,0x00,0x00,0x00,0x00,0x00,0x00,0x00,0x00,0x00,0x00,0x00,0x00,
  0x00,0x00,0x00,0x00,0x00,0x00,0x00,0x00,0x00,0x00,0x00,0x00,0x00,0x00,0x00,0x00,0x00,0x00,0x00,0x00,0x00,0x00,0x00,0x00,
  0x00,0x00,0x00,0x00,0x00,0x00,0x00,0x00,0x00,0x00,0x00,0x00,0x00,0x00,0x00,0x00,0x00,0x00,0x00,0x00,0x00,0x00,0x00,0x00,
  0x00,0x00,0x00,0x00,0x00,0x00,0x00,0x00,0x00,0x00,0x00,0x00,
};
#define GUI_TXT_S_LINE3_W 428
#define GUI_TXT_S_LINE3_H 30

static const uint8_t gui_txt_s_line4_bits[5022] = {
  0x00,0x00,0x00,0x00,0x00,0x00,0x00,0x00,0x00,0x00,0x00,0x00,0x00,0x00,0x00,0x00,0x00,0x00,0x00,0x00,0x00,0x00,0x00,0x00,
  0x00,0x00,0x00,0x00,0x00,0x00,0x00,0x00,0x00,0x00,0x00,0x00,0x00,0x00,0x00,0x00,0x00,0x00,0x00,0x00,0x00,0x00,0x00,0x00,
  0x00,0x00,0x00,0x00,0x00,0x00,0x00,0x00,0x00,0x00,0x00,0x00,0x00,0x00,0x00,0x00,0x00,0x00,0x00,0x00,0x00,0x00,0x00,0x00,
  0x00,0x00,0x00,0x00,0x00,0x00,0x00,0x00,0x00,0x00,0x00,0x00,0x00,0x00,0x00,0x00,0x00,0x00,0x00,0x00,0x00,0x00,0x00,0x00,
  0x00,0x00,0x00,0x00,0x00,0x00,0x00,0x00,0x00,0x00,0x00,0x00,0x00,0x00,0x00,0x00,0x00,0x00,0x00,0x00,0x00,0x00,0x00,0x00,
  0x00,0x00,0x00,0x00,0x00,0x00,0x00,0x00,0x00,0x00,0x00,0x00,0x00,0x00,0x00,0x00,0x00,0x00,0x00,0x00,0x00,0x00,0x00,0x00,
  0x00,0x00,0x00,0x00,0x00,0x00,0x00,0x00,0x00,0x00,0x00,0x00,0x00,0x00,0x00,0x00,0x00,0x00,0x00,0x00,0x00,0x00,0x00,0x00,
  0x00,0x00,0x00,0x00,0x00,0x00,0x00,0x00,0x00,0x00,0x00,0x00,0x00,0x00,0x00,0x00,0x00,0x00,0x00,0x00,0x00,0x00,0x00,0x00,
  0x00,0x00,0x00,0x00,0x00,0x00,0x00,0x00,0x00,0x00,0x00,0x00,0x00,0x00,0x00,0x00,0x00,0x00,0x00,0x00,0x00,0x00,0x00,0x00,
  0x00,0x00,0x00,0x00,0x00,0x00,0x00,0x00,0x00,0x00,0x00,0x00,0x00,0x00,0x00,0x00,0x00,0x00,0x00,0x00,0x00,0x00,0x00,0x00,
  0x00,0x00,0x00,0x00,0x00,0x00,0x00,0x00,0x00,0x00,0x00,0x00,0x00,0x00,0x00,0x00,0x00,0x00,0x00,0x00,0x00,0x00,0x00,0x00,
  0x00,0x00,0x00,0x00,0x00,0x00,0x00,0x00,0x00,0x00,0x00,0x00,0x00,0x00,0x00,0x00,0x00,0x00,0x00,0x00,0x00,0x00,0x00,0x00,
  0x00,0x00,0x00,0x00,0x00,0x00,0x00,0x00,0x00,0x00,0x00,0x00,0x00,0x00,0x00,0x00,0x00,0x00,0x00,0x00,0x00,0x00,0x00,0x00,
  0x00,0x00,0x00,0x00,0x00,0x00,0x00,0x00,0x00,0x00,0x00,0x00,0x00,0x00,0x00,0x00,0x00,0x00,0x00,0x00,0x00,0x00,0x00,0x00,
  0x00,0x00,0x00,0x00,0x00,0x00,0x00,0x00,0x00,0x00,0x00,0x00,0x00,0x00,0x00,0x00,0x00,0x00,0x00,0x00,0x00,0x00,0x00,0x00,
  0x00,0x00,0x00,0x00,0x00,0x00,0x00,0x00,0x00,0x00,0x00,0x00,0x00,0x00,0x00,0x00,0x00,0x00,0x00,0x00,0x00,0x00,0x00,0x00,
  0x00,0x00,0x00,0x00,0x05,0x60,0x00,0x00,0x05,0x50,0x00,0x00,0x00,0x00,0x00,0x00,0x00,0x00,0x00,0x00,0x00,0x00,0x00,0x00,
  0x00,0x00,0x00,0x00,0x00,0x00,0x00,0x00,0x00,0x00,0x00,0x00,0x00,0x00,0x00,0x00,0x00,0x00,0x00,0x00,0x00,0x00,0x00,0x00,
  0x00,0x00,0x00,0x00,0x00,0x00,0x00,0x00,0x00,0x00,0x00,0x00,0x00,0x00,0x00,0x00,0x00,0x00,0x00,0x00,0x00,0x00,0x00,0x00,
  0x00,0x00,0x00,0x00,0x00,0x00,0x00,0x00,0x00,0x00,0x00,0x00,0x00,0x00,0x00,0x00,0x00,0x00,0x00,0x00,0x00,0x00,0x00,0x00,
  0x00,0x00,0x00,0x00,0x00,0x00,0x00,0x00,0x00,0x00,0x00,0x00,0x00,0x00,0x00,0x00,0x00,0x00,0x00,0x00,0x00,0x00,0x00,0x00,
  0x00,0x00,0x00,0x00,0x00,0x00,0x00,0x00,0x00,0x00,0x00,0x00,0x00,0x00,0x00,0x00,0x00,0x00,0x00,0x00,0x00,0x00,0x00,0x00,
  0x00,0x00,0x00,0x00,0x00,0x00,0x00,0x00,0x00,0x00,0x00,0x00,0x00,0x00,0x00,0x00,0x00,0x00,0x00,0x00,0x00,0x00,0x00,0x00,
  0x00,0x00,0x00,0x00,0x00,0x00,0x00,0x00,0x0a,0xcc,0xcc,0xcc,0xcc,0xcc,0xcc,0xcc,0xcc,0xcc,0x00,0x02,0x44,0x44,0x4e,0xf4,
  0x44,0x44,0x4e,0xe4,0x44,0x44,0x20,0x00,0x00,0x00,0x00,0x00,0x00,0x00,0x00,0x00,0x00,0x00,0x00,0x00,0x00,0x00,0x00,0x00,
  0x00,0x00,0x00,0x00,0x00,0x00,0x00,0x00,0x00,0x00,0x00,0x00,0x00,0x00,0x00,0x00,0x00,0x00,0x00,0x00,0x00,0x00,0x00,0x00,
  0x00,0x00,0x00,0x00,0x00,0x00,0x00,0x00,0x00,0x00,0x00,0x00,0x00,0x00,0x00,0x00,0x00,0x00,0x00,0x00,0x00,0x00,0x00,0x00,
  0x00,0x00,0x00,0x00,0x00,0x00,0x00,0x00,0x00,0x00,0x00,0x00,0x00,0x00,0x00,0x00,0x00,0x00,0x00,0x00,0x00,0x00,0x00,0x00,
  0x00,0x00,0x00,0x00,0x00,0x00,0x00,0x00,0x00,0x00,0x00,0x00,0x00,0x00,0x00,0x00,0x00,0x00,0x00,0x00,0x00,0x00,0x00,0x00,
  0x00,0x00,0x00,0x00,0x00,0x00,0x00,0x00,0x00,0x00,0x00,0x00,0x00,0x00,0x00,0x00,0x00,0x00,0x00,0x00,0x00,0x00,0x00,0x00,
  0x00,0x00,0x00,0x00,0x00,0x00,0x00,0x00,0x00,0x00,0x00,0x00,0x00,0x00,0x00,0x00,0x00,0x00,0x00,0x00,0x00,0x00,0x00,0x00,
  0x00,0x00,0x0c,0xfb,0xbb,0xbb,0xbb,0xbb,0xbb,0xbb,0xbb,0xef,0x00,0x07,0xff,0xff,0xff,0xff,0xff,0xff,0xff,0xff,0xff,0xff,
  0x80,0x00,0x00,0x00,0x00,0x00,0x00,0x00,0x00,0x00,0x00,0x00,0x00,0x00,0x00,0x00,0x00,0x00,0x00,0x00,0x00,0x00,0x00,0x00,
  0x00,0x00,0x00,0x00,0x00,0x00,0x00,0x00,0x00,0x00,0x00,0x00,0x00,0x00,0x00,0x00,0x00,0x00,0x00,0x00,0x00,0x00,0x00,0x00,
  0x00,0x00,0x00,0x00,0x00,0x00,0x00,0x00,0x00,0x00,0x00,0x00,0x00,0x00,0x00,0x00,0x00,0x00,0x00,0x00,0x00,0x00,0x00,0x00,
  0x00,0x00,0x00,0x00,0x00,0x00,0x00,0x00,0x00,0x00,0x00,0x00,0x00,0x00,0x00,0x00,0x00,0x00,0x00,0x00,0x00,0x00,0x00,0x00,
  0x00,0x00,0x00,0x00,0x00,0x00,0x00,0x00,0x00,0x00,0x00,0x00,0x00,0x00,0x00,0x00,0x00,0x00,0x00,0x00,0x00,0x00,0x00,0x00,
  0x00,0x00,0x00,0x00,0x00,0x00,0x00,0x00,0x00,0x00,0x00,0x00,0x00,0x00,0x00,0x00,0x00,0x00,0x00,0x00,0x00,0x00,0x00,0x00,
  0x00,0x00,0x00,0x00,0x00,0x00,0x00,0x00,0x00,0x00,0x00,0x00,0x00,0x00,0x00,0x00,0x00,0x00,0x00,0x00,0x0c,0xf0,0x00,0x00,
  0x00,0x00,0x00,0x00,0x00,0xcf,0x00,0x02,0x44,0x44,0x4e,0xf4,0x44,0x44,0x4e,0xe4,0x44,0x44,0x20,0x00,0x00,0x00,0x00,0x00,
  0x00,0x00,0x00,0x00,0x9f,0xa0,0x00,0x00,0x09,0xfd,0x00,0x00,0x00,0x7f,0xc0,0x0a,0xf7,0x00,0x00,0x03,0xee,0x40,0x00,0x4a,
  0xde,0xec,0x83,0x00,0x00,0x00,0x00,0x4f,0xf3,0x00,0x00,0x28,0xce,0xed,0x92,0x00,0x09,0xfa,0x00,0x00,0x00,0x9f,0xd0,0x00,
  0x00,0x07,0xfc,0xcf,0x70,0x00,0x00,0x00,0x0c,0xf6,0x00,0x01,0x8d,0xed,0x92,0x00,0x00,0x00,0x00,0x5a,0xde,0xea,0x00,0x0e,
  0xff,0xff,0xff,0xff,0xff,0x10,0x00,0x00,0x00,0x00,0x00,0x00,0x00,0x29,0xce,0xda,0x40,0x00,0x00,0x01,0x8d,0xed,0x92,0x00,
  0x00,0x00,0x18,0xde,0xd9,0x20,0x00,0x00,0x00,0x00,0x00,0x00,0x00,0x00,0x00,0x00,0x04,0xff,0x30,0x00,0x00,0x29,0xce,0xda,
  0x40,0x00,0x00,0x01,0x8d,0xed,0x92,0x00,0x00,0x00,0x00,0x00,0x0a,0xff,0xfe,0xec,0x82,0x00,0x00,0x00,0x00,0x16,0xbd,0xee,
  0xca,0x61,0x00,0x00,0xaf,0xff,0xfe,0xdb,0x81,0x00,0x00,0x00,0x00,0x00,0x0c,0xf2,0x11,0x11,0x11,0x11,0x11,0x11,0x11,0xcf,
  0x00,0x00,0x00,0x27,0x7f,0xf7,0x77,0x77,0x7f,0xf7,0x72,0x00,0x00,0x00,0x00,0x00,0x00,0x00,0x00,0x00,0x00,0x00,0x5f,0xd0,
  0x00,0x00,0x0d,0xff,0x30,0x00,0x00,0xaf,0x90,0x0a,0xf7,0x00,0x00,0x1d,0xf6,0x00,0x07,0xff,0xdb,0xce,0xfc,0x00,0x00,0x00,
  0x01,0xdf,0xf3,0x00,0x08,0xef,0xed,0xce,0xfe,0x50,0x05,0xfd,0x00,0x00,0x00,0xdf,0xf3,0x00,0x00,0x0a,0xf9,0x7f,0xb0,0x00,
  0x00,0x00,0x2f,0xf1,0x00,0x1d,0xfe,0xce,0xfe,0x20,0x00,0x00,0x1b,0xff,0xec,0xcc,0x00,0x0b,0xcc,0xcc,0xcc,0xcc,0xfe,0x00,
  0x00,0x00,0x00,0x00,0x00,0x00,0x04,0xef,0xec,0xef,0xf8,0x00,0x00,0x1d,0xfe,0xce,0xfe,0x20,0x00,0x01,0xdf,0xec,0xef,0xe2,
  0x00,0x00,0x00,0x00,0x00,0x00,0x00,0x00,0x00,0x00,0x1d,0xff,0x30,0x00,0x04,0xef,0xec,0xef,0xf8,0x00,0x00,0x1d,0xfe,0xce,
  0xfe,0x20,0x00,0x00,0x00,0x00,0x0a,0xfd,0xbb,0xce,0xfe,0x50,0x00,0x00,0x06,0xef,0xfd,0xbc,0xef,0xf4,0x00,0x00,0xaf,0xdb,
  0xbb,0xdf,0xfe,0x30,0x00,0x00,0x00,0x00,0x0c,0xff,0xff,0xff,0xff,0xff,0xff,0xff,0xff,0xff,0x00,0x00,0x00,0x4f,0xff,0xff,
  0xff,0xff,0xff,0xff,0xf4,0x00,0x00,0x00,0x00,0x00,0x00,0x00,0x00,0x00,0x00,0x00,0x1f,0xf2,0x00,0x00,0x2f,0xef,0x70,0x00,
  0x00,0xdf,0x50,0x0a,0xf7,0x00,0x00,0xbf,0x90,0x00,0x2e,0xe5,0x00,0x01,0x64,0x00,0x00,0x00,0x0a,0xec,0xf3,0x00,0x06,0xe6,
  0x00,0x01,0xaf,0xe0,0x01,0xff,0x20,0x00,0x02,0xfe,0xf7,0x00,0x00,0x0d,0xf5,0x2f,0xf1,0x00,0x00,0x00,0x7f,0xb0,0x00,0xaf,
  0xb1,0x00,0x8f,0xc0,0x00,0x00,0xcf,0xb3,0x00,0x00,0x00,0x00,0x00,0x00,0x00,0x06,0xfa,0x00,0x00,0x00,0x00,0x00,0x00,0x00,
  0x0d,0xf8,0x00,0x05,0xee,0x20,0x00,0xaf,0xb1,0x00,0x8f,0xc0,0x00,0x0a,0xfb,0x10,0x08,0xfc,0x00,0x00,0x00,0x00,0x00,0x00,
  0x00,0x00,0x00,0x00,0xae,0xcf,0x30,0x00,0x0d,0xf8,0x00,0x05,0xee,0x20,0x00,0xaf,0xb1,0x00,0x8f,0xc0,0x00,0x00,0x00,0x00,
  0x0a,0xf7,0x00,0x01,0xaf,0xe1,0x00,0x00,0x7f,0xf8,0x10,0x00,0x04,0x80,0x00,0x00,0xaf,0x70,0x00,0x02,0xcf,0xc0,0x00,0x00,
  0x00,0x00,0x0c,0xf9,0x88,0x88,0x88,0x88,0x88,0x88,0x88,0x88,0x00,0x00,0x00,0x4f,0x81,0x11,0x11,0x11,0x11,0x18,0xf4,0x00,
  0x00,0x00,0x00,0x00,0x00,0x00,0x00,0x00,0x00,0x00,0x0c,0xf6,0x00,0x00,0x6f,0x8f,0xb0,0x00,0x02,0xff,0x10,0x0a,0xf7,0x00,
  0x09,0xfb,0x00,0x00,0x7f,0xa0,0x00,0x00,0x00,0x00,0x00,0x00,0x5f,0x9a,0xf3,0x00,0x00,0x00,0x00,0x00,0x1e,0xf3,0x00,0xcf,
  0x60,0x00,0x06,0xf8,0xfb,0x00,0x00,0x2f,0xf1,0x0c,0xf6,0x00,0x00,0x00,0xcf,0x60,0x02,0xfe,0x10,0x00,0x0c,0xf4,0x00,0x06,
  0xfb,0x00,0x00,0x00,0x00,0x00,0x00,0x00,0x00,0x0c,0xf4,0x00,0x00,0x00,0x00,0x00,0x00,0x00,0x2f,0xe0,0x00,0x00,0xbf,0x60,
  0x02,0xfe,0x10,0x00,0x0c,0xf4,0x00,0x2f,0xe1,0x00,0x00,0xcf,0x40,0x00,0x00,0x00,0x00,0x00,0x00,0x00,0x00,0x05,0xf9,0xaf,
  0x30,0x00,0x2f,0xe0,0x00,0x00,0xbf,0x60,0x02,0xfe,0x10,0x00,0x0c,0xf4,0x00,0x00,0x00,0x00,0x0a,0xf7,0x00,0x00,0x0d,0xf6,
  0x00,0x03,0xef,0x60,0x00,0x00,0x00,0x00,0x00,0x00,0xaf,0x70,0x00,0x00,0x4f,0xf0,0x00,0x00,0x00,0x00,0x0c,0xf0,0x00,0x07,
  0x50,0x00,0x00,0x06,0x82,0x00,0x00,0x00,0x00,0x4f,0xdb,0xbb,0xbb,0xbb,0xbb,0xbd,0xf4,0x00,0x00,0x00,0xce,0x50,0x00,0x00,
  0x00,0x00,0x00,0x00,0x08,0xfa,0x00,0x00,0xaf,0x2d,0xe0,0x00,0x05,0xfc,0x00,0x0a,0xf7,0x00,0x6f,0xd1,0x00,0x00,0x7f,0x80,
  0x00,0x00,0x00,0x00,0x00,0x01,0xed,0x1b,0xf3,0x00,0x00,0x00,0x00,0x00,0x0e,0xf3,0x00,0x8f,0xa0,0x00,0x0a,0xf2,0xde,0x00,
  0x00,0x5f,0xc0,0x07,0xfb,0x00,0x00,0x02,0xfe,0x10,0x06,0xfa,0x00,0x00,0x07,0xf9,0x00,0x0d,0xe2,0x00,0x00,0x00,0x00,0x00,
  0x00,0x00,0x00,0x4f,0xc0,0x00,0x00,0x00,0x00,0x00,0x00,0x00,0x1f,0xe0,0x00,0x00,0xbf,0x50,0x06,0xfa,0x00,0x00,0x07,0xf9,
  0x00,0x6f,0xa0,0x00,0x00,0x7f,0x90,0x1e,0xf5,0x00,0x00,0x5f,0xe1,0x00,0x00,0x1e,0xd1,0xbf,0x30,0x00,0x1f,0xe0,0x00,0x00,
  0xbf,0x50,0x06,0xfa,0x00,0x00,0x07,0xf9,0x00,0x00,0x00,0x00,0x0a,0xf7,0x00,0x00,0x0a,0xf8,0x00,0x0b,0xfa,0x00,0x00,0x00,
  0x00,0x00,0x00,0x00,0xaf,0x70,0x00,0x00,0x2f,0xe0,0x00,0x00,0x00,0x00,0x0c,0xf0,0x00,0x2e,0xe3,0x00,0x00,0x0e,0xe2,0x00,
  0x00,0x00,0x00,0x4f,0xc9,0x99,0x99,0x99,0x99,0x9c,0xf4,0x00,0x00,0x03,0xff,0x90,0x00,0x00,0x00,0x00,0x00,0x00,0x04,0xfd,
  0x00,0x00,0xee,0x0a,0xf4,0x00,0x09,0xf8,0x00,0x0a,0xf7,0x03,0xee,0x20,0x00,0x00,0x5f,0xc0,0x00,0x00,0x00,0x00,0x00,0x0b,
  0xf4,0x0b,0xf3,0x00,0x00,0x00,0x00,0x00,0x5f,0xd0,0x00,0x4f,0xd0,0x00,0x0e,0xe0,0xaf,0x40,0x00,0x9f,0x80,0x02,0xfe,0x10,
  0x00,0x06,0xfb,0x00,0x09,0xf7,0x00,0x00,0x04,0xfc,0x00,0x3f,0xc0,0x00,0x00,0x00,0x00,0x00,0x00,0x00,0x00,0xaf,0x60,0x00,
  0x00,0x00,0x00,0x00,0x00,0x00,0x0c,0xf6,0x00,0x03,0xee,0x10,0x09,0xf7,0x00,0x00,0x04,0xfc,0x00,0x9f,0x70,0x00,0x00,0x4f,
  0xc0,0x05,0xfd,0x00,0x00,0xdf,0x50,0x00,0x00,0xbf,0x40,0xbf,0x30,0x00,0x0c,0xf6,0x00,0x03,0xee,0x10,0x09,0xf7,0x00,0x00,
  0x04,0xfc,0x00,0x00,0x00,0x00,0x0a,0xf7,0x00,0x00,0x0b,0xf8,0x00,0x1f,0xf3,0x00,0x00,0x00,0x00,0x00,0x00,0x00,0xaf,0x70,
  0x00,0x00,0x5f,0xc0,0x00,0x00,0x00,0x00,0x0c,0xf0,0x00,0x05,0xfc,0x00,0x00,0x7f,0x90,0x00,0x00,0x00,0x00,0x4f,0x83,0x33,
  0x33,0x33,0x33,0x38,0xf4,0x00,0x00,0x00,0xce,0x40,0x00,0x00,0x00,0x00,0x00,0x00,0x00,0xef,0x20,0x03,0xfa,0x05,0xf8,0x00,
  0x0c,0xf5,0x00,0x0a,0xf7,0x1d,0xe4,0x00,0x00,0x00,0x1d,0xfa,0x10,0x00,0x00,0x00,0x00,0x6f,0x90,0x0c,0xf3,0x00,0x00,0x00,
  0x00,0x27,0xed,0x30,0x00,0x0e,0xf2,0x00,0x3f,0xa0,0x5f,0x80,0x00,0xcf,0x50,0x00,0xcf,0x50,0x00,0x0b,0xf6,0x00,0x0b,0xf5,
  0x00,0x00,0x02,0xfe,0x00,0x5f,0x91,0x9d,0xec,0x70,0x00,0x00,0x00,0x00,0x02,0xee,0x00,0x00,0x00,0x00,0x00,0x00,0x00,0x00,
  0x03,0xee,0x81,0x6e,0xe5,0x00,0x0b,0xf5,0x00,0x00,0x02,0xfe,0x00,0xbf,0x50,0x00,0x00,0x2f,0xe0,0x00,0xaf,0x80,0x08,0xfa,
  0x00,0x00,0x06,0xf9,0x00,0xcf,0x30,0x00,0x03,0xee,0x81,0x6e,0xe5,0x00,0x0b,0xf5,0x00,0x00,0x02,0xfe,0x00,0x00,0x00,0x00,
  0x0a,0xf7,0x00,0x00,0x0e,0xf4,0x00,0x5f,0xe0,0x00,0x00,0x00,0x00,0x00,0x00,0x00,0xaf,0x70,0x00,0x15,0xde,0x30,0x00,0x00,
  0x00,0x00,0x0c,0xf0,0x8f,0xff,0xff,0xff,0xff,0xff,0xff,0xfe,0x00,0x00,0x00,0x4f,0xff,0xff,0xff,0xff,0xff,0xff,0xf4,0x00,
  0x00,0x00,0x00,0x00,0x00,0x00,0x00,0x00,0x00,0x00,0x00,0xbf,0x60,0x07,0xf6,0x01,0xfc,0x00,0x1f,0xe1,0x00,0x0a,0xf7,0xbf,
  0xb0,0x00,0x00,0x00,0x04,0xef,0xe9,0x30,0x00,0x00,0x02,0xed,0x00,0x0c,0xf3,0x00,0x00,0x06,0xff,0xfd,0x71,0x00,0x00,0x0b,
  0xf6,0x00,0x7f,0x60,0x1f,0xc0,0x01,0xfe,0x10,0x00,0x7f,0xa0,0x00,0x1e,0xe1,0x00,0x0c,0xf5,0x00,0x00,0x01,0xff,0x00,0x8f,
  0x9d,0xea,0xbe,0xfc,0x00,0x00,0x00,0x00,0x08,0xf8,0x00,0x00,0x00,0x00,0x00,0x00,0x00,0x00,0x00,0x3d,0xff,0xfc,0x30,0x00,
  0x0c,0xf5,0x00,0x00,0x01,0xff,0x00,0xcf,0x50,0x00,0x00,0x1f,0xf0,0x00,0x1e,0xe2,0x2e,0xe1,0x00,0x00,0x2e,0xd0,0x00,0xcf,
  0x30,0x00,0x00,0x3d,0xff,0xfc,0x30,0x00,0x0c,0xf5,0x00,0x00,0x01,0xff,0x00,0x00,0x00,0x00,0x0a,0xf7,0x00,0x01,0xaf,0xb0,
  0x00,0x6f,0xc0,0x00,0x00,0x00,0x00,0x00,0x00,0x00,0xaf,0xff,0xff,0xfe,0x71,0x00,0x00,0x00,0x00,0x00,0x0c,0xf0,0x59,0x99,
  0xdf,0x99,0x99,0xdf,0xa9,0x99,0x00,0x00,0x00,0x15,0x55,0xbf,0x95,0x55,0x55,0x55,0x51,0x00,0x00,0x00,0x00,0x00,0x00,0x00,
  0x00,0x00,0x00,0x00,0x00,0x7f,0xa0,0x0b,0xf2,0x00,0xcf,0x10,0x4f,0xc0,0x00,0x0a,0xfd,0xfe,0xf4,0x00,0x00,0x00,0x00,0x2a,
  0xff,0xfb,0x30,0x00,0x0c,0xe3,0x00,0x0c,0xf3,0x00,0x00,0x05,0xcc,0xef,0xe9,0x10,0x00,0x07,0xfa,0x00,0xbf,0x20,0x0c,0xf1,
  0x04,0xfc,0x00,0x00,0x2f,0xe0,0x00,0x6f,0xb0,0x00,0x0c,0xf4,0x00,0x00,0x01,0xff,0x10,0x9f,0xf9,0x00,0x01,0xcf,0x80,0x00,
  0x00,0x00,0x0e,0xf2,0x00,0x00,0x00,0x00,0x00,0x00,0x00,0x00,0x00,0x5d,0xfd,0xfe,0x60,0x00,0x0c,0xf4,0x00,0x00,0x01,0xff,
  0x10,0xcf,0x40,0x00,0x00,0x1f,0xf1,0x00,0x06,0xfb,0xbf,0x60,0x00,0x00,0xce,0x30,0x00,0xcf,0x30,0x00,0x00,0x5d,0xfd,0xfe,
  0x60,0x00,0x0c,0xf4,0x00,0x00,0x01,0xff,0x10,0x00,0x00,0x00,0x0a,0xfd,0xbb,0xce,0xfb,0x10,0x00,0x7f,0xb0,0x00,0x00,0xcf,
  0xff,0xfc,0x00,0x00,0xaf,0xdb,0xbb,0xce,0xd8,0x00,0x00,0x00,0x00,0x00,0x0d,0xe0,0x00,0x00,0xbf,0x00,0x00,0xaf,0x20,0x00,
  0x00,0x03,0x77,0x77,0x78,0xee,0x77,0x77,0x77,0x77,0x77,0x77,0x30,0x00,0x00,0x00,0x00,0x00,0x00,0x00,0x00,0x00,0x00,0x3f,
  0xe0,0x0e,0xd0,0x00,0x8f,0x50,0x8f,0x80,0x00,0x0a,0xfe,0x67,0xfd,0x00,0x00,0x00,0x00,0x00,0x28,0xef,0xe4,0x00,0x7f,0x70,
  0x00,0x0c,0xf3,0x00,0x00,0x00,0x00,0x02,0x9f,0xd1,0x00,0x03,0xfe,0x00,0xed,0x00,0x08,0xf5,0x08,0xf8,0x00,0x00,0x0c,0xf5,
  0x00,0xbf,0x60,0x00,0x0c,0xf5,0x00,0x00,0x01,0xff,0x00,0x9f,0xc0,0x00,0x00,0x4f,0xd0,0x00,0x00,0x00,0x6f,0xb0,0x00,0x00,
  0x00,0x00,0x00,0x00,0x00,0x00,0x08,0xfd,0x30,0x5d,0xf9,0x00,0x0c,0xf5,0x00,0x00,0x01,0xff,0x00,0xcf,0x50,0x00,0x00,0x1f,
  0xf0,0x00,0x00,0xbf,0xfb,0x00,0x00,0x07,0xf7,0x00,0x00,0xcf,0x30,0x00,0x08,0xfd,0x30,0x5d,0xf9,0x00,0x0c,0xf5,0x00,0x00,
  0x01,0xff,0x00,0x00,0x00,0x00,0x0a,0xff,0xff,0xff,0x70,0x00,0x00,0x7f,0xc0,0x00,0x00,0x9b,0xbc,0xfc,0x00,0x00,0xaf,0x70,
  0x00,0x01,0xaf,0xb0,0x00,0x00,0x00,0x00,0x0e,0xd0,0x00,0x00,0xcf,0x00,0x00,0xaf,0x20,0x00,0x00,0x07,0xff,0xff,0xff,0xff,
  0xff,0xff,0xff,0xff,0xff,0xff,0x70,0x00,0x00,0x00,0x00,0x00,0x00,0x00,0x00,0x00,0x00,0x0e,0xf2,0x4f,0xa0,0x00,0x4f,0x90,
  0xbf,0x40,0x00,0x0a,0xf8,0x00,0xcf,0x90,0x00,0x00,0x00,0x00,0x00,0x1b,0xfe,0x03,0xec,0x00,0x00,0x0c,0xf3,0x00,0x00,0x00,
  0x00,0x00,0x0b,0xf8,0x00,0x00,0xef,0x24,0xfa,0x00,0x04,0xf9,0x0b,0xf4,0x00,0x00,0x07,0xfa,0x01,0xee,0x10,0x00,0x0b,0xf5,
  0x00,0x00,0x02,0xfe,0x00,0x9f,0x70,0x00,0x00,0x0f,0xf1,0x00,0x00,0x00,0xdf,0x40,0x00,0x00,0x00,0x00,0x00,0x00,0x00,0x00,
  0x3f,0xd1,0x00,0x01,0xcf,0x60,0x0b,0xf5,0x00,0x00,0x02,0xfe,0x00,0xbf,0x50,0x00,0x00,0x2f,0xe0,0x00,0x00,0x6f,0xf5,0x00,
  0x00,0x3e,0xc0,0x00,0x00,0xcf,0x30,0x00,0x3f,0xd1,0x00,0x01,0xcf,0x60,0x0b,0xf5,0x00,0x00,0x02,0xfe,0x00,0x00,0x00,0x00,
  0x0a,0xf7,0x00,0x7f,0xc0,0x00,0x00,0x5f,0xe0,0x00,0x00,0x00,0x04,0xfc,0x00,0x00,0xaf,0x70,0x00,0x00,0x1e,0xf5,0x00,0x00,
  0x00,0x00,0x1f,0xc0,0x33,0x33,0xdf,0x33,0x33,0xbf,0x53,0x33,0x20,0x00,0x11,0x17,0xfd,0x21,0x1e,0xf1,0x15,0xed,0x51,0x11,
  0x00,0x00,0x00,0x00,0x00,0x00,0x00,0x00,0x00,0x00,0x00,0x0a,0xf6,0x7f,0x60,0x00,0x0e,0xd0,0xee,0x10,0x00,0x0a,0xf7,0x00,
  0x2e,0xf4,0x00,0x00,0x00,0x00,0x00,0x00,0xef,0x4a,0xfd,0xcc,0xcc,0xce,0xfd,0xc9,0x00,0x00,0x00,0x00,0x06,0xfb,0x00,0x00,
  0xaf,0x67,0xf6,0x00,0x00,0xed,0x0e,0xe1,0x00,0x00,0x02,0xfe,0x05,0xfb,0x00,0x00,0x09,0xf7,0x00,0x00,0x04,0xfd,0x00,0x8f,
  0x80,0x00,0x00,0x0e,0xf1,0x00,0x00,0x04,0xfd,0x00,0x00,0x00,0x00,0x00,0x00,0x00,0x00,0x00,0x9f,0x70,0x00,0x00,0x4f,0xd0,
  0x09,0xf7,0x00,0x00,0x04,0xfd,0x00,0x9f,0x70,0x00,0x00,0x4f,0xd0,0x00,0x01,0xde,0xed,0x00,0x00,0xaf,0xdc,0xcc,0xcc,0xef,
  0xdc,0x90,0x9f,0x70,0x00,0x00,0x4f,0xd0,0x09,0xf7,0x00,0x00,0x04,0xfd,0x00,0x00,0x00,0x00,0x0a,0xf7,0x00,0x0d,0xf7,0x00,
  0x00,0x2f,0xf2,0x00,0x00,0x00,0x04,0xfc,0x00,0x00,0xaf,0x70,0x00,0x00,0x0b,0xf8,0x00,0x00,0x00,0x00,0x3f,0xa0,0xff,0xff,
  0xff,0xff,0xff,0xff,0xff,0xff,0x80,0x00,0x01,0xaf,0xfb,0xaa,0xae,0xea,0xaa,0xef,0xfc,0x20,0x00,0x00,0x00,0x00,0x00,0x00,
  0x00,0x00,0x00,0x00,0x00,0x06,0xf9,0xaf,0x20,0x00,0x0b,0xf3,0xfc,0x00,0x00,0x0a,0xf7,0x00,0x07,0xfd,0x00,0x00,0x00,0x00,
  0x00,0x00,0xcf,0x5b,0xff,0xff,0xff,0xff,0xff,0xfb,0x00,0x00,0x00,0x00,0x07,0xfb,0x00,0x00,0x6f,0x9a,0xf2,0x00,0x00,0xbf,
  0x3f,0xc0,0x00,0x00,0x00,0xcf,0x3a,0xf6,0x00,0x00,0x05,0xfa,0x00,0x00,0x07,0xfa,0x00,0x5f,0xb0,0x00,0x00,0x1f,0xe0,0x00,
  0x00,0x0b,0xf6,0x00,0x00,0x00,0x00,0x00,0x00,0x00,0x00,0x00,0xaf,0x50,0x00,0x00,0x1f,0xe0,0x05,0xfa,0x00,0x00,0x07,0xfa,
  0x00,0x5f,0xa0,0x00,0x00,0x7f,0xa0,0x00,0x09,0xf8,0x9f,0x90,0x00,0xbf,0xff,0xff,0xff,0xff,0xff,0xb0,0xaf,0x50,0x00,0x00,
  0x1f,0xe0,0x05,0xfa,0x00,0x00,0x07,0xfa,0x00,0x00,0x00,0x00,0x0a,0xf7,0x00,0x05,0xfe,0x20,0x00,0x0c,0xf9,0x00,0x00,0x00,
  0x04,0xfc,0x00,0x00,0xaf,0x70,0x00,0x00,0x0c,0xf7,0x00,0x00,0x00,0x00,0x7f,0x70,0x88,0x8a,0xfc,0x88,0x88,0xcf,0x98,0x88,
  0x40,0x00,0x6e,0xff,0xfc,0xcc,0xce,0xec,0xcc,0xcf,0xff,0xfa,0x40,0x00,0x00,0x00,0x00,0x00,0x00,0x00,0x00,0x00,0x00,0x02,
  0xfb,0xdd,0x00,0x00,0x07,0xf9,0xf8,0x00,0x00,0x0a,0xf7,0x00,0x00,0xcf,0x80,0x00,0x00,0x00,0x00,0x00,0xef,0x30,0x00,0x00,
  0x00,0x0c,0xf3,0x00,0x00,0x00,0x00,0x00,0x0c,0xf8,0x00,0x00,0x2f,0xbd,0xd0,0x00,0x00,0x7f,0x9f,0x80,0x00,0x00,0x00,0x7f,
  0x7d,0xe1,0x00,0x00,0x01,0xee,0x10,0x00,0x0c,0xf5,0x00,0x0e,0xf3,0x00,0x00,0x5f,0xb0,0x00,0x00,0x2f,0xe1,0x00,0x00,0x00,
  0x00,0x00,0x00,0x00,0x00,0x00,0x9f,0x80,0x00,0x00,0x5f,0xc0,0x01,0xee,0x10,0x00,0x0c,0xf5,0x00,0x1e,0xe1,0x00,0x00,0xcf,
  0x50,0x00,0x4f,0xd1,0x1d,0xf4,0x00,0x00,0x00,0x00,0x00,0xcf,0x30,0x00,0x9f,0x80,0x00,0x00,0x5f,0xc0,0x01,0xee,0x10,0x00,
  0x0c,0xf5,0x00,0x00,0x00,0x00,0x0a,0xf7,0x00,0x00,0xbf,0xa0,0x00,0x05,0xfe,0x40,0x00,0x00,0x04,0xfc,0x00,0x00,0xaf,0x70,
  0x00,0x00,0x1e,0xf5,0x00,0x00,0x00,0x00,0xbf,0x40,0x00,0x0a,0xf6,0x00,0x00,0xaf,0x20,0x00,0x00,0x09,0xfd,0x4b,0xf0,0x00,
  0x0c,0xe0,0x00,0x08,0xf8,0xdf,0xb0,0x00,0xce,0x40,0x00,0x00,0x00,0x00,0x00,0x00,0x00,0x00,0xde,0xe9,0x00,0x00,0x03,0xfe,
  0xf4,0x00,0x00,0x0a,0xf7,0x00,0x00,0x3e,0xe3,0x00,0x85,0x00,0x00,0x1a,0xfc,0x00,0x00,0x00,0x00,0x0c,0xf3,0x00,0x0a,0x50,
  0x00,0x01,0xaf,0xe1,0x00,0x00,0x0d,0xee,0x90,0x00,0x00,0x3f,0xef,0x40,0x00,0x00,0x00,0x2f,0xdf,0xb0,0x00,0x00,0x00,0x9f,
  0xb1,0x00,0x8f,0xd0,0x00,0x07,0xfd,0x30,0x04,0xef,0x50,0x00,0x00,0x9f,0x90,0x00,0x00,0x00,0x00,0x00,0x00,0x00,0x00,0x00,
  0x4f,0xe5,0x00,0x03,0xdf,0x70,0x00,0x9f,0xb1,0x00,0x8f,0xd0,0x00,0x09,0xfb,0x10,0x08,0xfd,0x00,0x00,0xdf,0x50,0x05,0xfd,
  0x00,0x00,0x00,0x00,0x00,0xcf,0x30,0x00,0x4f,0xe5,0x00,0x03,0xdf,0x70,0x00,0x9f,0xb1,0x00,0x8f,0xd0,0x00,0x00,0x00,0x00,
  0x0a,0xf7,0x00,0x00,0x2e,0xf5,0x00,0x00,0xaf,0xe7,0x10,0x00,0x05,0xfc,0x00,0x00,0xaf,0x70,0x00,0x01,0xbf,0xd0,0x00,0x00,
  0x00,0x01,0xee,0x00,0x00,0x7f,0xe1,0x00,0x00,0xaf,0x20,0x00,0x00,0x02,0x70,0x0b,0xf0,0x00,0x0c,0xe0,0x01,0x2b,0xf3,0x07,
  0x10,0x03,0xff,0x90,0x00,0x00,0x00,0x00,0x00,0x00,0x00,0x00,0x9f,0xf5,0x00,0x00,0x00,0xef,0xe0,0x00,0x00,0x0a,0xf7,0x00,
  0x00,0x08,0xfd,0x00,0xbf,0xec,0xbd,0xef,0xd2,0x00,0x00,0x00,0x00,0x0c,0xf3,0x00,0x0f,0xfe,0xdc,0xdf,0xfe,0x40,0x00,0x00,
  0x09,0xff,0x50,0x00,0x00,0x0e,0xfe,0x00,0x00,0x00,0x00,0x0c,0xff,0x60,0x00,0x00,0x00,0x0c,0xfe,0xce,0xfe,0x30,0x00,0x00,
  0xaf,0xfc,0xdf,0xf9,0x00,0x00,0x01,0xef,0x20,0x00,0x00,0x00,0x00,0x00,0x00,0x00,0x00,0x00,0x09,0xff,0xec,0xdf,0xfa,0x00,
  0x00,0x0c,0xfe,0xce,0xfe,0x30,0x00,0x00,0xcf,0xec,0xef,0xe3,0x00,0x09,0xfb,0x00,0x00,0xbf,0x80,0x00,0x00,0x00,0x00,0xcf,
  0x30,0x00,0x09,0xff,0xec,0xdf,0xfa,0x00,0x00,0x0c,0xfe,0xce,0xfe,0x30,0x00,0x00,0x00,0x00,0x0a,0xf7,0x00,0x00,0x08,0xfd,
  0x00,0x00,0x09,0xff,0xec,0xbc,0xdf,0xfc,0x00,0x00,0xaf,0xdb,0xbb,0xce,0xfe,0x30,0x00,0x00,0x00,0x06,0xfb,0x00,0x3b,0xff,
  0x50,0x00,0x00,0xaf,0x20,0x00,0x00,0x00,0x00,0x0b,0xf0,0x00,0x0c,0xe0,0x08,0xff,0xd0,0x00,0x00,0x00,0xce,0x40,0x00,0x00,
  0x00,0x00,0x00,0x00,0x00,0x00,0x5f,0xf1,0x00,0x00,0x00,0xaf,0xc0,0x00,0x00,0x0a,0xf7,0x00,0x00,0x00,0xdf,0x80,0x49,0xcd,
  0xee,0xb7,0x00,0x00,0x00,0x00,0x00,0x0c,0xf3,0x00,0x04,0x9c,0xde,0xec,0x81,0x00,0x00,0x00,0x05,0xff,0x10,0x00,0x00,0x0a,
  0xfc,0x00,0x00,0x00,0x00,0x07,0xfe,0x10,0x00,0x00,0x00,0x00,0x8d,0xed,0x92,0x00,0x00,0x00,0x06,0xce,0xeb,0x50,0x00,0x00,
  0x07,0xfb,0x00,0x00,0x00,0x00,0x00,0x00,0x00,0x00,0x00,0x00,0x00,0x4a,0xde,0xeb,0x50,0x00,0x00,0x00,0x8d,0xed,0x92,0x00,
  0x00,0x00,0x08,0xde,0xd9,0x20,0x00,0x4f,0xe2,0x00,0x00,0x2e,0xe3,0x00,0x00,0x00,0x00,0xcf,0x30,0x00,0x00,0x4a,0xde,0xeb,
  0x50,0x00,0x00,0x00,0x8d,0xed,0x92,0x00,0x00,0x00,0x00,0x00,0x0a,0xf7,0x00,0x00,0x00,0xdf,0x80,0x00,0x00,0x39,0xce,0xee,
  0xda,0x73,0x00,0x00,0xaf,0xff,0xff,0xec,0x81,0x00,0x00,0x00,0x00,0x0c,0xf6,0x05,0xff,0xe6,0x00,0x00,0x00,0xaf,0x20,0x00,
  0x00,0x00,0x00,0x0b,0xf0,0x00,0x0c,0xe0,0x02,0x77,0x20,0x00,0x00,0x00,0x00,0x00,0x00,0x00,0x00,0x00,0x00,0x00,0x00,0x00,
  0x00,0x00,0x00,0x00,0x00,0x00,0x00,0x00,0x00,0x00,0x00,0x00,0x00,0x00,0x00,0x00,0x00,0x00,0x00,0x00,0x00,0x00,0x00,0x00,
  0x00,0x00,0x00,0x00,0x00,0x00,0x00,0x00,0x00,0x00,0x00,0x00,0x00,0x00,0x00,0x00,0x00,0x00,0x00,0x00,0x00,0x00,0x00,0x00,
  0x00,0x00,0x00,0x00,0x00,0x00,0x00,0x00,0x00,0x00,0x00,0x00,0x00,0x00,0x00,0x00,0x00,0x00,0x00,0x00,0x00,0x00,0x00,0x00,
  0x00,0x00,0x00,0x00,0x00,0x00,0x00,0x00,0x00,0x00,0x00,0x00,0x00,0x00,0x00,0x00,0x00,0x00,0x00,0x00,0x00,0x00,0x00,0x00,
  0x00,0x00,0x00,0x00,0x00,0x00,0x00,0x00,0x00,0x00,0x00,0x00,0x00,0x00,0x00,0x00,0x00,0x00,0x00,0x00,0x00,0x00,0x00,0x00,
  0x00,0x00,0x00,0x00,0x00,0x00,0x00,0x00,0x00,0x00,0x00,0x00,0x00,0x00,0x00,0x00,0x00,0x00,0x00,0x00,0x00,0x00,0x00,0x00,
  0x00,0x00,0x00,0x00,0x00,0x00,0x00,0x07,0xd0,0x00,0xb8,0x20,0x00,0x00,0x00,0xaf,0x20,0x00,0x00,0x00,0x00,0x00,0x00,0x00,
  0x0c,0xe0,0x00,0x00,0x00,0x00,0x00,0x00,0x00,0x00,0x00,0x00,0x00,0x00,0x00,0x00,0x00,0x00,0x00,0x00,0x00,0x00,0x00,0x00,
  0x00,0x00,0x00,0x00,0x00,0x00,0x00,0x00,0x00,0x00,0x00,0x00,0x00,0x00,0x00,0x00,0x00,0x00,0x00,0x00,0x00,0x00,0x00,0x00,
  0x00,0x00,0x00,0x00,0x00,0x00,0x00,0x00,0x00,0x00,0x00,0x00,0x00,0x00,0x00,0x00,0x00,0x00,0x00,0x00,0x00,0x00,0x00,0x00,
  0x00,0x00,0x00,0x00,0x00,0x00,0x00,0x00,0x00,0x00,0x00,0x00,0x00,0x00,0x00,0x00,0x00,0x00,0x00,0x00,0x00,0x00,0x00,0x00,
  0x00,0x00,0x00,0x00,0x00,0x00,0x00,0x00,0x00,0x00,0x00,0x00,0x00,0x00,0x00,0x00,0x00,0x00,0x00,0x00,0x00,0x00,0x00,0x00,
  0x00,0x00,0x00,0x00,0x00,0x00,0x00,0x00,0x00,0x00,0x00,0x00,0x00,0x00,0x00,0x00,0x00,0x00,0x00,0x00,0x00,0x00,0x00,0x00,
  0x00,0x00,0x00,0x00,0x00,0x00,0x00,0x00,0x00,0x00,0x00,0x00,0x00,0x00,0x00,0x00,0x00,0x00,0x00,0x00,0x00,0x00,0x00,0x00,
  0x00,0x00,0x00,0x00,0x00,0x00,0x00,0x00,0x00,0x12,0x00,0x00,0x00,0x00,0x00,0x00,0x00,0x00,0x01,0x20,0x00,0x00,0x00,0x00,
  0x00,0x00,0x00,0x00,0x00,0x00,0x00,0x00,0x00,0x00,0x00,0x00,0x00,0x00,0x00,0x00,0x00,0x00,0x00,0x00,0x00,0x00,0x00,0x00,
  0x00,0x00,0x00,0x00,0x00,0x00,0x00,0x00,0x00,0x00,0x00,0x00,0x00,0x00,0x00,0x00,0x00,0x00,0x00,0x00,0x00,0x00,0x00,0x00,
  0x00,0x00,0x00,0x00,0x00,0x00,0x00,0x00,0x00,0x00,0x00,0x00,0x00,0x00,0x00,0x00,0x00,0x00,0x00,0x00,0x00,0x00,0x00,0x00,
  0x00,0x00,0x00,0x00,0x00,0x00,0x00,0x00,0x00,0x00,0x00,0x00,0x00,0x00,0x00,0x00,0x00,0x00,0x00,0x00,0x00,0x00,0x00,0x00,
  0x00,0x00,0x00,0x00,0x00,0x00,0x00,0x00,0x00,0x00,0x00,0x00,0x00,0x00,0x00,0x00,0x00,0x00,0x00,0x00,0x00,0x00,0x00,0x00,
  0x00,0x00,0x00,0x00,0x00,0x00,0x00,0x00,0x00,0x00,0x00,0x00,0x00,0x00,0x00,0x00,0x00,0x00,0x00,0x00,0x00,0x00,0x00,0x00,
  0x00,0x00,0x00,0x00,0x00,0x00,0x00,0x00,0x00,0x00,0x00,0x00,0x00,0x00,0x00,0x00,0x00,0x00,0x00,0x00,0x00,0x00,0x00,0x00,
  0x00,0x00,0x00,0x00,0x00,0x00,0x00,0x00,0x00,0x00,0x00,0x00,0x00,0x00,0x00,0x00,0x00,0x00,0x00,0x00,0x00,0x00,0x00,0x00,
  0x00,0x00,0x00,0x00,0x00,0x00,0x00,0x00,0x00,0x00,0x00,0x00,0x00,0x00,0x00,0x00,0x00,0x00,0x00,0x00,0x00,0x00,0x00,0x00,
  0x00,0x00,0x00,0x00,0x00,0x00,0x00,0x00,0x00,0x00,0x00,0x00,0x00,0x00,0x00,0x00,0x00,0x00,0x00,0x00,0x00,0x00,0x00,0x00,
  0x00,0x00,0x00,0x00,0x00,0x00,0x00,0x00,0x00,0x00,0x00,0x00,0x00,0x00,0x00,0x00,0x00,0x00,0x00,0x00,0x00,0x00,0x00,0x00,
  0x00,0x00,0x00,0x00,0x00,0x00,0x00,0x00,0x00,0x00,0x00,0x00,0x00,0x00,0x00,0x00,0x00,0x00,0x00,0x00,0x00,0x00,0x00,0x00,
  0x00,0x00,0x00,0x00,0x00,0x00,0x00,0x00,0x00,0x00,0x00,0x00,0x00,0x00,0x00,0x00,0x00,0x00,0x00,0x00,0x00,0x00,0x00,0x00,
  0x00,0x00,0x00,0x00,0x00,0x00,0x00,0x00,0x00,0x00,0x00,0x00,0x00,0x00,0x00,0x00,0x00,0x00,0x00,0x00,0x00,0x00,0x00,0x00,
  0x00,0x00,0x00,0x00,0x00,0x00,0x00,0x00,0x00,0x00,0x00,0x00,0x00,0x00,0x00,0x00,0x00,0x00,0x00,0x00,0x00,0x00,0x00,0x00,
  0x00,0x00,0x00,0x00,0x00,0x00,0x00,0x00,0x00,0x00,0x00,0x00,0x00,0x00,0x00,0x00,0x00,0x00,0x00,0x00,0x00,0x00,0x00,0x00,
  0x00,0x00,0x00,0x00,0x00,0x00,0x00,0x00,0x00,0x00,0x00,0x00,0x00,0x00,0x00,0x00,0x00,0x00,0x00,0x00,0x00,0x00,0x00,0x00,
  0x00,0x00,0x00,0x00,0x00,0x00,0x00,0x00,0x00,0x00,0x00,0x00,0x00,0x00,0x00,0x00,0x00,0x00,0x00,0x00,0x00,0x00,0x00,0x00,
  0x00,0x00,0x00,0x00,0x00,0x00,0x00,0x00,0x00,0x00,0x00,0x00,0x00,0x00,0x00,0x00,0x00,0x00,0x00,0x00,0x00,0x00,0x00,0x00,
  0x00,0x00,0x00,0x00,0x00,0x00,0x00,0x00,0x00,0x00,0x00,0x00,0x00,0x00,0x00,0x00,0x00,0x00,0x00,0x00,0x00,0x00,0x00,0x00,
  0x00,0x00,0x00,0x00,0x00,0x00,0x00,0x00,0x00,0x00,0x00,0x00,0x00,0x00,0x00,0x00,0x00,0x00,0x00,0x00,0x00,0x00,0x00,0x00,
  0x00,0x00,0x00,0x00,0x00,0x00,0x00,0x00,0x00,0x00,0x00,0x00,0x00,0x00,0x00,0x00,0x00,0x00,0x00,0x00,0x00,0x00,0x00,0x00,
  0x00,0x00,0x00,0x00,0x00,0x00,
};
#define GUI_TXT_S_LINE4_W 372
#define GUI_TXT_S_LINE4_H 27

static const uint8_t gui_txt_s_line5_bits[3660] = {
  0x00,0x00,0x00,0x00,0x00,0x00,0x00,0x00,0x00,0x00,0x00,0x00,0x00,0x00,0x00,0x00,0x00,0x00,0x00,0x00,0x00,0x00,0x00,0x00,
  0x00,0x00,0x00,0x00,0x00,0x00,0x00,0x00,0x00,0x00,0x00,0x00,0x00,0x00,0x00,0x00,0x00,0x00,0x00,0x00,0x00,0x00,0x00,0x00,
  0x00,0x00,0x00,0x00,0x00,0x00,0x00,0x00,0x00,0x00,0x00,0x00,0x00,0x00,0x00,0x00,0x00,0x00,0x00,0x00,0x00,0x00,0x00,0x00,
  0x00,0x00,0x00,0x00,0x00,0x00,0x00,0x00,0x00,0x00,0x00,0x00,0x00,0x00,0x00,0x00,0x00,0x00,0x00,0x00,0x00,0x00,0x00,0x00,
  0x00,0x00,0x00,0x00,0x00,0x00,0x00,0x00,0x00,0x00,0x00,0x00,0x00,0x00,0x00,0x00,0x00,0x00,0x00,0x00,0x00,0x00,0x00,0x00,
  0x00,0x00,0x00,0x00,0x00,0x00,0x00,0x00,0x00,0x00,0x00,0x00,0x00,0x00,0x00,0x00,0x00,0x00,0x00,0x00,0x00,0x00,0x00,0x00,
  0x00,0x00,0x00,0x00,0x00,0x00,0x00,0x00,0x00,0x00,0x00,0x00,0x00,0x00,0x00,0x00,0x00,0x00,0x00,0x00,0x00,0x00,0x00,0x00,
  0x00,0x00,0x00,0x00,0x00,0x00,0x00,0x00,0x00,0x00,0x00,0x00,0x00,0x00,0x00,0x00,0x00,0x00,0x00,0x00,0x00,0x00,0x00,0x00,
  0x00,0x00,0x00,0x00,0x00,0x00,0x00,0x00,0x00,0x00,0x00,0x00,0x00,0x00,0x00,0x00,0x00,0x00,0x00,0x00,0x00,0x00,0x00,0x00,
  0x00,0x00,0x00,0x00,0x00,0x00,0x00,0x00,0x00,0x00,0x00,0x00,0x00,0x00,0x00,0x00,0x00,0x00,0x00,0x00,0x00,0x00,0x00,0x00,
  0x00,0x00,0x00,0x00,0x00,0x00,0x00,0x00,0x00,0x00,0x00,0x00,0x00,0x00,0x11,0x00,0x00,0x00,0x00,0x03,0x00,0x00,0x00,0x00,
  0x02,0x10,0x00,0x00,0x00,0x00,0x00,0x00,0x00,0x00,0x00,0x00,0x00,0x00,0x00,0x00,0x00,0x00,0x00,0x00,0x00,0x00,0x00,0x00,
  0x00,0x00,0x00,0x00,0x00,0x00,0x00,0x00,0x00,0x00,0x00,0x00,0x00,0x00,0x00,0x00,0x00,0x00,0x00,0x00,0x00,0x00,0x00,0x00,
  0x00,0x00,0x00,0x00,0x00,0x00,0x00,0x00,0x00,0x00,0x00,0x00,0x00,0x00,0x00,0x00,0x00,0x00,0x00,0x00,0x00,0x00,0x00,0x00,
  0x00,0x00,0x00,0x00,0x00,0x00,0x00,0x00,0x00,0x00,0x00,0x00,0x00,0x00,0x00,0x00,0x00,0x00,0x00,0x00,0x00,0x00,0x00,0x00,
  0x00,0x00,0x00,0x00,0x00,0x00,0x00,0x00,0x13,0x34,0x45,0x66,0x78,0x9a,0xbc,0xde,0xfc,0x10,0x00,0x00,0x00,0x2f,0xb0,0x00,
  0x00,0x00,0x7f,0x90,0x00,0x00,0x00,0x00,0x00,0x00,0x00,0x00,0x00,0x00,0x00,0x00,0x00,0x00,0x00,0x00,0x00,0x00,0x00,0x00,
  0x00,0x00,0x00,0x00,0x00,0x00,0x00,0x00,0x00,0x00,0x00,0x00,0x00,0x00,0x00,0x00,0x00,0x00,0x00,0x00,0x00,0x00,0x00,0x00,
  0x00,0x00,0x00,0x00,0x00,0x00,0x00,0x00,0x00,0x00,0x00,0x00,0x00,0x00,0x00,0x00,0x00,0x00,0x00,0x00,0x00,0x00,0x00,0x00,
  0x00,0x00,0x00,0x00,0x00,0x00,0x00,0x00,0x00,0x00,0x00,0x00,0x00,0x00,0x00,0x00,0x00,0x00,0x00,0x00,0x00,0x00,0x00,0x00,
  0x00,0x00,0x00,0x00,0x00,0x00,0x00,0x00,0x00,0x00,0x1e,0xff,0xff,0xff,0xff,0xff,0xed,0xca,0x97,0x30,0x00,0x00,0x00,0x7f,
  0x60,0x00,0x00,0x00,0x1e,0xe0,0x00,0x00,0x00,0x00,0x00,0x00,0x00,0x00,0x00,0x00,0x00,0x00,0x00,0x00,0x00,0x00,0x00,0x00,
  0x00,0x00,0x00,0x00,0x00,0x00,0x00,0x00,0x00,0x00,0x00,0x00,0x00,0x00,0x00,0x00,0x00,0x00,0x00,0x00,0x00,0x00,0x00,0x00,
  0x00,0x00,0x00,0x00,0x00,0x00,0x00,0x00,0x00,0x00,0x00,0x00,0x00,0x00,0xef,0x20,0x00,0x00,0x00,0x00,0x00,0x00,0x00,0x00,
  0x00,0x00,0x01,0x21,0x00,0x00,0x00,0x00,0x12,0x00,0x00,0x00,0x00,0x00,0x00,0x00,0x00,0x00,0x00,0x00,0x00,0x00,0x00,0x00,
  0x00,0x00,0x00,0x00,0x00,0x00,0x00,0x00,0x00,0x00,0x00,0x00,0x04,0x76,0x65,0x7f,0xe5,0x21,0x00,0x00,0x00,0x00,0x00,0x00,
  0x00,0xde,0x10,0x00,0x78,0x88,0x8d,0xfa,0x88,0x88,0x30,0x00,0x00,0x00,0x00,0x00,0x00,0x00,0x00,0x00,0x00,0x00,0x04,0x9d,
  0xee,0xc8,0x20,0x00,0x00,0x00,0x00,0x00,0x00,0x00,0x00,0x00,0x00,0x00,0x00,0x00,0x00,0x00,0x00,0x00,0x00,0x00,0x00,0x00,
  0x00,0x0c,0xf7,0x00,0x00,0x00,0x00,0xcf,0x60,0x00,0x00,0x00,0x00,0x00,0x00,0x00,0xef,0x20,0x00,0x00,0x00,0x00,0x00,0x00,
  0x00,0x00,0x00,0x00,0x0a,0xfe,0x30,0x00,0x00,0x00,0xdf,0x20,0x00,0x00,0x00,0x00,0x00,0x00,0x00,0x00,0x00,0x00,0x00,0x00,
  0x00,0x00,0x00,0x05,0xfd,0x10,0x00,0x00,0x0c,0xf6,0x00,0x00,0x00,0x00,0x00,0x00,0x01,0xdf,0x70,0x00,0x05,0x60,0x00,0x00,
  0x00,0x00,0x05,0xf8,0x02,0x61,0xdf,0xff,0xff,0xff,0xff,0xff,0x60,0x00,0x00,0x00,0x00,0x00,0x00,0x00,0x00,0x00,0x00,0x01,
  0xbf,0xfe,0xcc,0xef,0xe8,0x00,0x00,0x00,0x00,0x00,0x00,0x00,0x00,0x00,0x00,0x00,0x00,0x00,0x00,0x00,0x00,0x00,0x00,0x00,
  0x00,0x00,0x00,0x07,0xfb,0x00,0x00,0x00,0x02,0xff,0x10,0x00,0x00,0x00,0x00,0x00,0x00,0x00,0xef,0x20,0x00,0x00,0x00,0x00,
  0x00,0x00,0x00,0x00,0x00,0x00,0x0a,0xff,0xb0,0x00,0x00,0x00,0xdf,0x20,0x00,0x00,0x00,0x00,0x00,0x00,0x00,0x00,0x00,0xe4,
  0x00,0x00,0x00,0xe4,0x00,0x00,0xaf,0x80,0x00,0x00,0x6f,0xb0,0x00,0x00,0x00,0x00,0x00,0x00,0x1c,0xf9,0x00,0x00,0x6e,0xc1,
  0x00,0x00,0x00,0x00,0x0d,0xe1,0x09,0xf6,0x11,0x16,0xfb,0x11,0x11,0x11,0x00,0x00,0x00,0x00,0x00,0x00,0x00,0x00,0x00,0x00,
  0x00,0x0c,0xfd,0x50,0x00,0x06,0xef,0x80,0x00,0x00,0x00,0x00,0x00,0x00,0x00,0x00,0x00,0x00,0x00,0x00,0x00,0x00,0x00,0x00,
  0x00,0x00,0x00,0x00,0x00,0x02,0xff,0x10,0x00,0x00,0x07,0xfb,0x00,0x00,0x00,0x00,0x00,0x00,0x00,0x00,0xef,0x20,0x00,0x00,
  0x00,0x00,0x00,0x00,0x00,0x00,0x00,0x00,0x0a,0xfe,0xf5,0x00,0x00,0x00,0xdf,0x20,0x00,0x00,0x00,0x00,0x00,0x00,0x00,0x00,
  0x05,0xf5,0x00,0x00,0x05,0xf5,0x00,0x00,0x2e,0xe2,0x00,0x01,0xee,0x20,0x00,0x00,0x00,0x00,0x00,0x01,0xcf,0x90,0x00,0x08,
  0xfc,0x10,0x00,0x00,0x00,0x00,0x8f,0x60,0x2e,0xd0,0x00,0x0c,0xf4,0x03,0xd3,0x00,0x00,0x00,0x00,0x00,0x00,0x00,0x00,0x00,
  0x00,0x00,0x00,0x7f,0xe2,0x00,0x00,0x00,0x4f,0xe3,0x00,0x00,0x00,0x00,0x00,0x00,0x00,0x00,0x00,0x00,0x00,0x00,0x00,0x00,
  0x00,0x00,0x00,0x00,0x00,0x00,0x00,0x00,0xcf,0x60,0x00,0x00,0x0c,0xf6,0x00,0x00,0x00,0x00,0x00,0x00,0x00,0x00,0xef,0x20,
  0x00,0x00,0x00,0x00,0x00,0x00,0x00,0x00,0x00,0x00,0x0a,0xf8,0xfd,0x10,0x00,0x00,0xdf,0x20,0x00,0x00,0x00,0x00,0x00,0x00,
  0x00,0x00,0x0b,0xf5,0x00,0x00,0x0b,0xf5,0x00,0x00,0x07,0xfb,0x00,0x09,0xf8,0x00,0x00,0x00,0x00,0x00,0x00,0x4d,0xe7,0x01,
  0x46,0xbf,0xa0,0x00,0x00,0x00,0x00,0x03,0xed,0x68,0xcf,0x50,0x00,0x5f,0xb0,0x03,0xfc,0x00,0x00,0x00,0xce,0x50,0x00,0x00,
  0x00,0x00,0x00,0x00,0x00,0xdf,0x70,0x00,0x00,0x00,0x0a,0xf9,0x00,0x00,0xec,0x05,0xbe,0xea,0x20,0x00,0x00,0x00,0x7c,0xed,
  0x92,0x00,0x00,0x0e,0xc0,0x4b,0xee,0xb5,0x00,0x00,0x7f,0xb0,0x00,0x00,0x2f,0xe1,0x00,0x00,0x07,0xce,0xd9,0x20,0x00,0x00,
  0xef,0x20,0x00,0x17,0xbe,0xed,0x92,0x00,0x00,0x00,0x00,0x00,0x0a,0xf3,0xbf,0x80,0x00,0x00,0xdf,0x20,0x00,0x1f,0xf0,0x00,
  0x00,0x0f,0xf1,0x04,0xdf,0xff,0xff,0x84,0xdf,0xff,0xff,0x80,0x00,0xcf,0x50,0x3e,0xd0,0x00,0x00,0x00,0x00,0x00,0x03,0xff,
  0xed,0xef,0xff,0xe7,0x00,0x01,0x00,0x00,0x00,0x03,0xff,0xfe,0xfb,0x00,0x01,0xde,0x20,0x00,0x9f,0x60,0x00,0x03,0xff,0x90,
  0x00,0x00,0x00,0x00,0x00,0x00,0x02,0xff,0x20,0x00,0x00,0x00,0x05,0xfe,0x00,0x00,0xee,0x7f,0xdb,0xef,0xe3,0x00,0x00,0x1c,
  0xfe,0xce,0xfe,0x40,0x00,0x0e,0xe6,0xfd,0xce,0xff,0x60,0x00,0x2f,0xe1,0x00,0x00,0x6f,0xb0,0x00,0x01,0xcf,0xec,0xef,0xe4,
  0x00,0x00,0xef,0x20,0x00,0xbf,0xec,0xce,0xfe,0x20,0x00,0x00,0x00,0x00,0x0a,0xf4,0x2e,0xe2,0x00,0x00,0xdf,0x20,0x00,0x1f,
  0xf0,0x00,0x00,0x0f,0xf1,0x04,0x8d,0xfa,0x88,0x44,0x8d,0xfa,0x88,0x40,0x00,0x4f,0xd1,0xcf,0x50,0x00,0x00,0x00,0x00,0x00,
  0x01,0xdb,0x97,0x6b,0xfd,0x40,0x03,0xdd,0x10,0x00,0x00,0x00,0x63,0x2e,0xe2,0x00,0x0b,0xf6,0x00,0x03,0x7f,0xd0,0x00,0x00,
  0xce,0x40,0x00,0x00,0x00,0x00,0x00,0x00,0x05,0xfe,0x00,0x00,0x00,0x00,0x02,0xff,0x20,0x00,0xef,0xe4,0x00,0x09,0xfd,0x00,
  0x00,0xaf,0x90,0x00,0x8f,0xd0,0x00,0x0e,0xfe,0x50,0x00,0x9f,0xd0,0x00,0x0c,0xf5,0x00,0x00,0xbf,0x60,0x00,0x0a,0xf9,0x00,
  0x08,0xfd,0x00,0x00,0xef,0x20,0x00,0x46,0x00,0x01,0xcf,0x80,0x00,0x00,0x00,0x00,0x0a,0xf4,0x08,0xfb,0x00,0x00,0xdf,0x20,
  0x00,0x1f,0xf0,0x00,0x00,0x0f,0xf1,0x00,0x0c,0xf5,0x00,0x00,0x0c,0xf5,0x00,0x00,0x00,0x0a,0xfc,0xfa,0x00,0x00,0x00,0x00,
  0x00,0x00,0x00,0x00,0x03,0xcf,0xa1,0x00,0x00,0xaf,0xc1,0x00,0x00,0x00,0x00,0xaf,0x70,0x00,0xaf,0xd8,0xac,0xef,0xfe,0xf5,
  0x00,0x00,0x00,0x00,0x00,0x00,0x00,0x00,0x00,0x00,0x07,0xfc,0x00,0x00,0x00,0x00,0x00,0xff,0x30,0x00,0xef,0x90,0x00,0x00,
  0xdf,0x40,0x02,0xfd,0x00,0x00,0x0d,0xf5,0x00,0x0e,0xf9,0x00,0x00,0x1f,0xf1,0x00,0x07,0xfa,0x00,0x01,0xee,0x10,0x00,0x2f,
  0xd0,0x00,0x00,0xdf,0x50,0x00,0xef,0x20,0x00,0x00,0x00,0x00,0x5f,0xb0,0x00,0x00,0x00,0x00,0x0a,0xf5,0x01,0xdf,0x50,0x00,
  0xdf,0x20,0x00,0x1f,0xf0,0x00,0x00,0x0f,0xf1,0x00,0x0c,0xf5,0x00,0x00,0x0c,0xf5,0x00,0x00,0x00,0x01,0xef,0xe2,0x00,0x00,
  0x00,0x00,0x00,0x00,0x00,0x01,0x8e,0xd5,0x00,0x00,0x00,0x2d,0xfb,0x00,0x00,0x00,0x06,0xfb,0x00,0x00,0xaf,0xff,0xea,0xdf,
  0x42,0xfc,0x00,0x00,0x00,0x00,0x00,0x00,0x00,0x00,0x00,0x00,0x07,0xfb,0x00,0x00,0x00,0x00,0x00,0xef,0x40,0x00,0xef,0x40,
  0x00,0x00,0x9f,0x80,0x06,0xfa,0x00,0x00,0x0a,0xf8,0x00,0x0e,0xf5,0x00,0x00,0x0e,0xf3,0x00,0x02,0xfe,0x00,0x06,0xfb,0x00,
  0x00,0x6f,0xa0,0x00,0x00,0xaf,0x80,0x00,0xef,0x20,0x00,0x00,0x00,0x00,0x4f,0xc0,0x00,0x00,0x00,0x00,0x0a,0xf5,0x00,0x6f,
  0xd0,0x00,0xdf,0x20,0x00,0x1f,0xf0,0x00,0x00,0x0f,0xf1,0x00,0x0c,0xf5,0x00,0x00,0x0c,0xf5,0x00,0x00,0x00,0x00,0xdf,0xe1,
  0x00,0x00,0x00,0x00,0x00,0x00,0x00,0x7e,0xe9,0x45,0x68,0x9b,0xde,0xff,0xff,0x70,0x00,0x00,0x4e,0xd1,0x37,0x90,0x12,0x1f,
  0xb0,0xaf,0x20,0xbc,0x00,0x00,0x00,0x00,0x00,0x00,0x00,0x00,0x00,0x00,0x07,0xfc,0x00,0x00,0x00,0x00,0x00,0xff,0x30,0x00,
  0xef,0x30,0x00,0x00,0x7f,0xa0,0x09,0xff,0xff,0xff,0xff,0xf9,0x00,0x0e,0xf3,0x00,0x00,0x0d,0xf3,0x00,0x00,0xcf,0x50,0x0b,
  0xf6,0x00,0x00,0x9f,0xff,0xff,0xff,0xff,0x90,0x00,0xef,0x20,0x00,0x05,0x9c,0xde,0xef,0xc0,0x00,0x00,0x00,0x00,0x0a,0xf5,
  0x00,0x0c,0xf8,0x00,0xdf,0x20,0x00,0x1f,0xf0,0x00,0x00,0x0f,0xf1,0x00,0x0c,0xf5,0x00,0x00,0x0c,0xf5,0x00,0x00,0x00,0x07,
  0xfd,0xf9,0x00,0x00,0x00,0x00,0x00,0x00,0x08,0xff,0xff,0xff,0xff,0xfc,0x97,0x53,0x4e,0xe3,0x00,0x03,0xef,0xde,0xff,0xc0,
  0x00,0x3f,0x90,0xaf,0x20,0x10,0x00,0x00,0x00,0x00,0x00,0x00,0x00,0x00,0x00,0x00,0x05,0xfe,0x00,0x00,0x00,0x00,0x02,0xff,
  0x20,0x00,0xef,0x20,0x00,0x00,0x7f,0xa0,0x09,0xfd,0xbb,0xbb,0xbb,0xb7,0x00,0x0e,0xf2,0x00,0x00,0x0d,0xf3,0x00,0x00,0x7f,
  0xa0,0x1e,0xe1,0x00,0x00,0x9f,0xdb,0xbb,0xbb,0xbb,0x70,0x00,0xef,0x20,0x00,0xbf,0xfe,0xdc,0xcf,0xc0,0x00,0x00,0x00,0x00,
  0x0a,0xf5,0x00,0x03,0xee,0x20,0xcf,0x20,0x00,0x1f,0xf0,0x00,0x00,0x0f,0xf1,0x00,0x0c,0xf5,0x00,0x00,0x0c,0xf5,0x00,0x00,
  0x00,0x2e,0xd2,0xef,0x30,0x00,0x00,0x00,0x00,0x00,0x03,0x97,0x65,0x32,0x0c,0xf3,0x00,0x00,0x08,0xf8,0x00,0x05,0xff,0xeb,
  0x62,0x00,0x00,0x5f,0x60,0xaf,0x20,0x00,0x00,0x00,0x00,0x00,0x00,0x00,0x00,0x00,0x00,0x00,0x02,0xff,0x20,0x00,0x00,0x00,
  0x05,0xfe,0x00,0x00,0xef,0x30,0x00,0x00,0x7f,0xa0,0x09,0xf8,0x00,0x00,0x00,0x00,0x00,0x0e,0xf2,0x00,0x00,0x0d,0xf3,0x00,
  0x00,0x2f,0xe0,0x5f,0xb0,0x00,0x00,0x9f,0x80,0x00,0x00,0x00,0x00,0x00,0xef,0x20,0x08,0xfe,0x50,0x00,0x4f,0xc0,0x00,0x00,
  0x00,0x00,0x0a,0xf5,0x00,0x00,0x9f,0xb0,0xcf,0x20,0x00,0x1f,0xf0,0x00,0x00,0x1f,0xf1,0x00,0x0c,0xf5,0x00,0x00,0x0c,0xf5,
  0x00,0x00,0x00,0xaf,0x60,0x6f,0xc0,0x00,0x00,0x00,0x00,0x00,0x00,0x00,0x24,0x00,0x0c,0xf3,0x00,0x62,0x00,0x50,0x00,0x00,
  0x52,0x00,0x00,0x00,0x00,0xaf,0x30,0xaf,0x20,0x00,0x00,0x00,0x00,0x00,0x00,0x00,0x00,0x00,0x00,0x00,0x00,0xdf,0x70,0x00,
  0x00,0x00,0x0a,0xf9,0x00,0x00,0xef,0x50,0x00,0x00,0xaf,0x80,0x06,0xfb,0x00,0x00,0x00,0x00,0x00,0x0e,0xf2,0x00,0x00,0x0d,
  0xf3,0x00,0x00,0x0c,0xf3,0xaf,0x60,0x00,0x00,0x6f,0xb0,0x00,0x00,0x00,0x00,0x00,0xef,0x20,0x0c,0xf7,0x00,0x00,0x6f,0xc0,
  0x00,0x00,0x00,0x00,0x0a,0xf5,0x00,0x00,0x1e,0xf5,0xbf,0x20,0x00,0x1f,0xf1,0x00,0x00,0x3f,0xf1,0x00,0x0c,0xf5,0x00,0x00,
  0x0c,0xf5,0x00,0x00,0x04,0xfc,0x00,0x0c,0xf6,0x00,0x00,0x00,0x00,0x00,0x00,0x03,0xde,0x10,0x0c,0xf3,0x08,0xfd,0x20,0x00,
  0x00,0x00,0x00,0x00,0x03,0x71,0x00,0xee,0x00,0xaf,0x20,0x2b,0x50,0x00,0x00,0x00,0x00,0x00,0x00,0x00,0x00,0x00,0x00,0x6f,
  0xe2,0x00,0x00,0x00,0x4f,0xe3,0x00,0x00,0xef,0x90,0x00,0x00,0xef,0x40,0x02,0xfe,0x20,0x00,0x00,0x00,0x00,0x0e,0xf2,0x00,
  0x00,0x0d,0xf3,0x00,0x00,0x07,0xf7,0xde,0x10,0x00,0x00,0x2f,0xe2,0x00,0x00,0x00,0x00,0x00,0xef,0x20,0x0d,0xf5,0x00,0x00,
  0xaf,0xc0,0x00,0x00,0x00,0x00,0x0a,0xf5,0x00,0x00,0x06,0xfd,0xbf,0x20,0x00,0x0e,0xf3,0x00,0x00,0x7f,0xf1,0x00,0x0b,0xf5,
  0x00,0x00,0x0b,0xf5,0x00,0x00,0x0d,0xf3,0x00,0x04,0xfe,0x10,0x00,0x00,0x00,0x00,0x00,0x5e,0xf9,0x00,0x0c,0xf3,0x00,0xaf,
  0xd2,0x00,0x00,0x00,0x04,0x7a,0xef,0xf5,0x06,0xf9,0x00,0xaf,0x20,0x3f,0xb0,0x00,0xce,0x40,0x00,0x00,0x00,0x00,0x00,0x00,
  0x00,0x0b,0xfd,0x40,0x00,0x06,0xef,0x70,0x00,0x00,0xef,0xe5,0x00,0x09,0xfd,0x00,0x00,0xaf,0xc2,0x00,0x02,0x70,0x00,0x0e,
  0xf2,0x00,0x00,0x0d,0xf3,0x00,0x00,0x02,0xfd,0xfb,0x00,0x00,0x00,0x0a,0xfc,0x20,0x00,0x27,0x00,0x00,0xef,0x20,0x0a,0xfa,
  0x00,0x07,0xff,0xc0,0x00,0x00,0x00,0x00,0x0a,0xf5,0x00,0x00,0x00,0xcf,0xff,0x20,0x00,0x0b,0xfb,0x00,0x04,0xef,0xf1,0x00,
  0x09,0xfa,0x00,0x00,0x09,0xfa,0x00,0x00,0x7f,0x90,0x00,0x00,0xbf,0x90,0x00,0x00,0x00,0x00,0x09,0xff,0x70,0x00,0x0c,0xf3,
  0x00,0x0a,0xfd,0x10,0x00,0x08,0xef,0xff,0xea,0x50,0x1e,0xf3,0x00,0xaf,0x20,0x4f,0xa0,0x03,0xff,0x90,0x00,0x00,0x00,0x00,
  0x00,0x00,0x00,0x01,0xbf,0xfe,0xcc,0xef,0xe7,0x00,0x00,0x00,0xef,0x8f,0xdb,0xef,0xe3,0x00,0x00,0x1b,0xff,0xdd,0xef,0xf0,
  0x00,0x0e,0xf2,0x00,0x00,0x0d,0xf3,0x00,0x00,0x00,0xcf,0xf6,0x00,0x00,0x00,0x01,0xbf,0xfd,0xde,0xff,0x00,0x00,0xef,0x20,
  0x03,0xef,0xdc,0xee,0x5e,0xc0,0x00,0x00,0x00,0x00,0x0a,0xf5,0x00,0x00,0x00,0x3f,0xff,0x20,0x00,0x04,0xef,0xec,0xdf,0x8d,
  0xf1,0x00,0x04,0xff,0xcc,0x90,0x04,0xff,0xcc,0x92,0xee,0x10,0x00,0x00,0x2e,0xe3,0x00,0x00,0x00,0x05,0xdf,0xe5,0x00,0x00,
  0x0d,0xf3,0x00,0x00,0xbf,0xb0,0x00,0x04,0xec,0x84,0x00,0x00,0xbf,0xa0,0x00,0xaf,0x30,0x6f,0x80,0x00,0xce,0x40,0x00,0x00,
  0x00,0x00,0x00,0x00,0x00,0x00,0x04,0xad,0xee,0xc8,0x20,0x00,0x00,0x00,0xef,0x25,0xce,0xea,0x20,0x00,0x00,0x00,0x6b,0xee,
  0xda,0x50,0x00,0x0e,0xf2,0x00,0x00,0x0d,0xf3,0x00,0x00,0x00,0x7f,0xe1,0x00,0x00,0x00,0x00,0x06,0xbe,0xed,0xa5,0x00,0x00,
  0xef,0x20,0x00,0x4b,0xee,0xb3,0x0c,0xc0,0x00,0x00,0x00,0x00,0x0a,0xf5,0x00,0x00,0x00,0x09,0xff,0x20,0x00,0x00,0x4b,0xee,
  0xc6,0x0a,0xf1,0x00,0x00,0x6c,0xed,0x70,0x00,0x6c,0xed,0x7a,0xf7,0x00,0x00,0x00,0x09,0xfc,0x00,0x00,0x00,0x05,0xfa,0x10,
  0x00,0xab,0xbf,0xf1,0x00,0x00,0x1d,0xe3,0x00,0x00,0x00,0x00,0x00,0x0a,0xfd,0x10,0x00,0x9f,0xec,0xef,0x50,0x00,0x00,0x00,
  0x00,0x00,0x00,0x00,0x00,0x00,0x00,0x00,0x00,0x00,0x00,0x00,0x00,0x00,0x00,0x00,0xef,0x20,0x00,0x00,0x00,0x00,0x00,0x00,
  0x00,0x00,0x00,0x00,0x00,0x00,0x00,0x00,0x00,0x00,0x00,0x00,0x00,0x00,0x00,0x00,0x00,0x00,0x00,0x00,0x00,0x00,0x00,0x00,
  0x00,0x00,0x00,0x00,0x00,0x00,0x00,0x00,0x00,0x00,0x00,0x00,0x00,0x00,0x00,0x00,0x00,0x00,0x00,0x00,0x00,0x00,0x00,0x00,
  0x00,0x00,0x00,0x00,0x00,0x00,0x00,0x00,0x00,0x00,0x00,0x00,0x00,0x00,0x00,0x00,0x00,0x00,0x00,0x00,0x00,0x00,0x00,0x00,
  0x40,0x00,0x00,0x7e,0xff,0xa0,0x00,0x00,0x03,0x10,0x00,0x00,0x00,0x00,0x00,0x03,0xd2,0x00,0x00,0x1a,0xcd,0xc9,0x00,0x00,
  0x00,0x00,0x00,0x00,0x00,0x00,0x00,0x00,0x00,0x00,0x00,0x00,0x00,0x00,0x00,0x00,0x00,0x00,0xef,0x20,0x00,0x00,0x00,0x00,
  0x00,0x00,0x00,0x00,0x00,0x00,0x00,0x00,0x00,0x00,0x00,0x00,0x00,0x00,0x00,0x00,0x00,0x00,0x00,0x00,0x00,0x00,0x00,0x00,
  0x00,0x00,0x00,0x00,0x00,0x00,0x00,0x00,0x00,0x00,0x00,0x00,0x00,0x00,0x00,0x00,0x00,0x00,0x00,0x00,0x00,0x00,0x00,0x00,
  0x00,0x00,0x00,0x00,0x00,0x00,0x00,0x00,0x00,0x00,0x00,0x00,0x00,0x00,0x00,0x00,0x00,0x00,0x00,0x00,0x00,0x00,0x00,0x00,
  0x00,0x00,0x00,0x00,0x00,0x00,0x11,0x00,0x00,0x00,0x00,0x00,0x00,0x00,0x00,0x00,0x00,0x00,0x00,0x00,0x00,0x00,0x00,0x00,
  0x00,0x00,0x00,0x00,0x00,0x00,0x00,0x00,0x00,0x00,0x00,0x00,0x00,0x00,0x00,0x00,0x00,0x00,0x00,0x00,0xef,0x20,0x00,0x00,
  0x00,0x00,0x00,0x00,0x00,0x00,0x00,0x00,0x00,0x00,0x00,0x00,0x00,0x00,0x00,0x00,0x00,0x00,0x00,0x00,0x00,0x00,0x00,0x00,
  0x00,0x00,0x00,0x00,0x00,0x00,0x00,0x00,0x00,0x00,0x00,0x00,0x00,0x00,0x00,0x00,0x00,0x00,0x00,0x00,0x00,0x00,0x00,0x00,
  0x00,0x00,0x00,0x00,0x00,0x00,0x00,0x00,0x00,0x00,0x00,0x00,0x00,0x00,0x00,0x00,0x00,0x00,0x00,0x00,0x00,0x00,0x00,0x00,
  0x00,0x00,0x00,0x00,0x00,0x00,0x00,0x00,0x00,0x00,0x00,0x00,0x00,0x00,0x00,0x00,0x00,0x00,0x00,0x00,0x00,0x00,0x00,0x00,
  0x00,0x00,0x00,0x00,0x00,0x00,0x00,0x00,0x00,0x00,0x00,0x00,0x00,0x00,0x00,0x00,0x00,0x00,0x00,0x00,0x00,0x00,0xef,0x20,
  0x00,0x00,0x00,0x00,0x00,0x00,0x00,0x00,0x00,0x00,0x00,0x00,0x00,0x00,0x00,0x00,0x00,0x00,0x00,0x00,0x00,0x00,0x00,0x00,
  0x00,0x00,0x00,0x00,0x00,0x00,0x00,0x00,0x00,0x00,0x00,0x00,0x00,0x00,0x00,0x00,0x00,0x00,0x00,0x00,0x00,0x00,0x00,0x00,
  0x00,0x00,0x00,0x00,0x00,0x00,0x00,0x00,0x00,0x00,0x00,0x00,0x00,0x00,0x00,0x00,0x00,0x00,0x00,0x00,0x00,0x00,0x00,0x00,
  0x00,0x00,0x00,0x00,0x00,0x00,0x00,0x00,0x00,0x00,0x00,0x00,0x00,0x00,0x00,0x00,0x00,0x00,0x00,0x00,0x00,0x00,0x00,0x00,
  0x00,0x00,0x00,0x00,0x00,0x00,0x00,0x00,0x00,0x00,0x00,0x00,0x00,0x00,0x00,0x00,0x00,0x00,0x00,0x00,0x00,0x00,0x00,0x00,
  0xef,0x20,0x00,0x00,0x00,0x00,0x00,0x00,0x00,0x00,0x00,0x00,0x00,0x00,0x00,0x00,0x00,0x00,0x00,0x00,0x00,0x00,0x00,0x00,
  0x00,0x00,0x00,0x00,0x00,0x00,0x00,0x00,0x00,0x00,0x00,0x00,0x00,0x00,0x00,0x00,0x00,0x00,0x00,0x00,0x00,0x00,0x00,0x00,
  0x00,0x00,0x00,0x00,0x00,0x00,0x00,0x00,0x00,0x00,0x00,0x00,0x00,0x00,0x00,0x00,0x00,0x00,0x00,0x00,0x00,0x00,0x00,0x00,
  0x00,0x00,0x00,0x00,0x00,0x00,0x00,0x00,0x00,0x00,0x00,0x00,0x00,0x00,0x00,0x00,0x00,0x00,0x00,0x00,0x00,0x00,0x00,0x00,
  0x00,0x00,0x00,0x00,0x00,0x00,0x00,0x00,0x00,0x00,0x00,0x00,0x00,0x00,0x00,0x00,0x00,0x00,0x00,0x00,0x00,0x00,0x00,0x00,
  0x00,0x00,0xef,0x20,0x00,0x00,0x00,0x00,0x00,0x00,0x00,0x00,0x00,0x00,0x00,0x00,0x00,0x00,0x00,0x00,0x00,0x00,0x00,0x00,
  0x00,0x00,0x00,0x00,0x00,0x00,0x00,0x00,0x00,0x00,0x00,0x00,0x00,0x00,0x00,0x00,0x00,0x00,0x00,0x00,0x00,0x00,0x00,0x00,
  0x00,0x00,0x00,0x00,0x00,0x00,0x00,0x00,0x00,0x00,0x00,0x00,0x00,0x00,0x00,0x00,0x00,0x00,0x00,0x00,0x00,0x00,0x00,0x00,
  0x00,0x00,0x00,0x00,0x00,0x00,0x00,0x00,0x00,0x00,0x00,0x00,0x00,0x00,0x00,0x00,0x00,0x00,0x00,0x00,0x00,0x00,0x00,0x00,
  0x00,0x00,0x00,0x00,0x00,0x00,0x00,0x00,0x00,0x00,0x00,0x00,0x00,0x00,0x00,0x00,0x00,0x00,0x00,0x00,0x00,0x00,0x00,0x00,
  0x00,0x00,0x00,0x00,0x00,0x00,0x00,0x00,0x00,0x00,0x00,0x00,0x00,0x00,0x00,0x00,0x00,0x00,0x00,0x00,0x00,0x00,0x00,0x00,
  0x00,0x00,0x00,0x00,0x00,0x00,0x00,0x00,0x00,0x00,0x00,0x00,0x00,0x00,0x00,0x00,0x00,0x00,0x00,0x00,0x00,0x00,0x00,0x00,
  0x00,0x00,0x00,0x00,0x00,0x00,0x00,0x00,0x00,0x00,0x00,0x00,0x00,0x00,0x00,0x00,0x00,0x00,0x00,0x00,0x00,0x00,0x00,0x00,
  0x00,0x00,0x00,0x00,0x00,0x00,0x00,0x00,0x00,0x00,0x00,0x00,0x00,0x00,0x00,0x00,0x00,0x00,0x00,0x00,0x00,0x00,0x00,0x00,
  0x00,0x00,0x00,0x00,0x00,0x00,0x00,0x00,0x00,0x00,0x00,0x00,0x00,0x00,0x00,0x00,0x00,0x00,0x00,0x00,0x00,0x00,0x00,0x00,
  0x00,0x00,0x00,0x00,0x00,0x00,0x00,0x00,0x00,0x00,0x00,0x00,0x00,0x00,0x00,0x00,0x00,0x00,0x00,0x00,0x00,0x00,0x00,0x00,
  0x00,0x00,0x00,0x00,0x00,0x00,0x00,0x00,0x00,0x00,0x00,0x00,0x00,0x00,0x00,0x00,0x00,0x00,0x00,0x00,0x00,0x00,0x00,0x00,
  0x00,0x00,0x00,0x00,0x00,0x00,0x00,0x00,0x00,0x00,0x00,0x00,0x00,0x00,0x00,0x00,0x00,0x00,0x00,0x00,0x00,0x00,0x00,0x00,
  0x00,0x00,0x00,0x00,0x00,0x00,0x00,0x00,0x00,0x00,0x00,0x00,
};
#define GUI_TXT_S_LINE5_W 244
#define GUI_TXT_S_LINE5_H 30

static const uint8_t gui_txt_s_line6_bits[3944] = {
  0x00,0x00,0x00,0x00,0x00,0x00,0x00,0x00,0x00,0x00,0x00,0x00,0x00,0x00,0x00,0x00,0x00,0x00,0x00,0x00,0x00,0x00,0x00,0x00,
  0x00,0x00,0x00,0x00,0x00,0x00,0x00,0x00,0x00,0x00,0x00,0x00,0x00,0x00,0x00,0x00,0x00,0x00,0x00,0x00,0x00,0x00,0x00,0x00,
  0x00,0x00,0x00,0x00,0x00,0x00,0x00,0x00,0x00,0x00,0x00,0x00,0x00,0x00,0x00,0x00,0x00,0x00,0x00,0x00,0x00,0x00,0x00,0x00,
  0x00,0x00,0x00,0x00,0x00,0x00,0x00,0x00,0x00,0x00,0x00,0x00,0x00,0x00,0x00,0x00,0x00,0x00,0x00,0x00,0x00,0x00,0x00,0x00,
  0x00,0x00,0x00,0x00,0x00,0x00,0x00,0x00,0x00,0x00,0x00,0x00,0x00,0x00,0x00,0x00,0x00,0x00,0x00,0x00,0x00,0x00,0x00,0x00,
  0x00,0x00,0x00,0x00,0x00,0x00,0x00,0x00,0x00,0x00,0x00,0x00,0x00,0x00,0x00,0x00,0x00,0x00,0x00,0x00,0x00,0x00,0x00,0x00,
  0x00,0x00,0x00,0x00,0x00,0x00,0x00,0x00,0x00,0x00,0x00,0x00,0x00,0x00,0x00,0x00,0x00,0x00,0x00,0x00,0x00,0x00,0x00,0x00,
  0x00,0x00,0x00,0x00,0x00,0x00,0x00,0x00,0x00,0x00,0x00,0x00,0x00,0x00,0x00,0x00,0x00,0x00,0x00,0x00,0x00,0x00,0x00,0x00,
  0x00,0x00,0x00,0x00,0x00,0x00,0x00,0x00,0x00,0x00,0x00,0x00,0x00,0x00,0x00,0x00,0x00,0x00,0x00,0x00,0x00,0x00,0x00,0x00,
  0x00,0x00,0x00,0x00,0x00,0x00,0x00,0x00,0x00,0x00,0x00,0x00,0x00,0x00,0x00,0x00,0x00,0x00,0x00,0x00,0x00,0x00,0x00,0x00,
  0x00,0x00,0x00,0x00,0x00,0x00,0x00,0x00,0x00,0x00,0x00,0x00,0x00,0x00,0x00,0x00,0x00,0x00,0x00,0x00,0x00,0x00,0x00,0x00,
  0x00,0x00,0x00,0x00,0x00,0x00,0x00,0x00,0x00,0x00,0x00,0x04,0x20,0x00,0x00,0x00,0x00,0x26,0x20,0x00,0x00,0x00,0x00,0x46,
  0x00,0x00,0x02,0x62,0x00,0x05,0x50,0x00,0x00,0x00,0x00,0x00,0x00,0x00,0x00,0x00,0x00,0x00,0x00,0x00,0x00,0x00,0x00,0x00,
  0x00,0x00,0x00,0x00,0x00,0x00,0x00,0x00,0x00,0x00,0x00,0x00,0x00,0x00,0x00,0x00,0x00,0x00,0x00,0x00,0x00,0x00,0x00,0x00,
  0x00,0x00,0x00,0x00,0x00,0x00,0x00,0x00,0x00,0x00,0x00,0x00,0x00,0x00,0x00,0x00,0x00,0x00,0x00,0x00,0x00,0x00,0x00,0x00,
  0x00,0x00,0x00,0x00,0x00,0x00,0x00,0x00,0x00,0x00,0x00,0x00,0x00,0x00,0x00,0x00,0x26,0x20,0x00,0x00,0x00,0x00,0x00,0x00,
  0x00,0x00,0x00,0x00,0x55,0x00,0x00,0x00,0x00,0x00,0x00,0x00,0x00,0x00,0x00,0x00,0x15,0x30,0x00,0x00,0x00,0x00,0x00,0x00,
  0x00,0x00,0x00,0x2e,0xd0,0x00,0x00,0x00,0x00,0x6f,0x50,0x00,0x00,0x00,0x00,0xbf,0x10,0x00,0x05,0xf6,0x00,0x0c,0xe0,0x00,
  0x00,0x00,0x00,0x00,0x00,0x00,0x00,0x00,0x00,0x00,0x00,0x00,0x00,0x00,0x00,0x00,0x00,0x00,0x00,0x00,0x00,0x00,0x00,0x00,
  0x00,0x00,0x00,0x00,0x00,0x00,0x00,0x00,0x00,0x00,0x00,0x00,0x00,0x00,0x00,0x00,0x00,0x00,0x00,0x00,0x00,0x00,0x00,0x00,
  0x00,0x00,0x00,0x00,0x00,0x00,0x00,0x00,0x00,0x00,0x00,0x00,0x00,0x00,0x00,0x00,0x00,0x00,0x00,0x00,0x00,0x00,0x00,0x00,
  0x00,0x00,0x00,0x00,0x00,0x00,0x00,0x00,0x6f,0x70,0x00,0x00,0x00,0x00,0x00,0x00,0x00,0x00,0x00,0x00,0xed,0x00,0x00,0x00,
  0x00,0x00,0x00,0x00,0x00,0x00,0x00,0x00,0x7f,0xb0,0x00,0x00,0x00,0x00,0x00,0x00,0x00,0x00,0x00,0xbf,0xc9,0x99,0x40,0x00,
  0x00,0x6f,0x50,0x00,0x00,0x00,0x00,0xbf,0x11,0x99,0x9b,0xfb,0x99,0x9e,0xe9,0x99,0x60,0x00,0x00,0x00,0x00,0x00,0x00,0x00,
  0x00,0x00,0x00,0x00,0x00,0x00,0x00,0x00,0x00,0x00,0x00,0x00,0x00,0x00,0x00,0x00,0x00,0x00,0x00,0x00,0x00,0x00,0x00,0x00,
  0x00,0x00,0x00,0x00,0x00,0x00,0x00,0x00,0x00,0x00,0x00,0x00,0x00,0x00,0x00,0x00,0x00,0x00,0x00,0x00,0x00,0x00,0x00,0x00,
  0x00,0x00,0x00,0x00,0x00,0x00,0x00,0x00,0x00,0x00,0x00,0x00,0x00,0x00,0x00,0x00,0x00,0x00,0x00,0x00,0x00,0x00,0x00,0x00,
  0x6f,0x70,0x00,0x00,0x00,0x00,0x00,0x00,0x00,0x00,0x00,0x00,0xed,0x00,0x00,0x00,0x00,0x00,0x00,0x01,0x55,0x55,0x55,0x55,
  0x5e,0xf6,0x55,0x55,0x55,0x55,0x10,0x00,0x00,0x00,0x06,0xff,0xff,0xff,0x70,0x00,0x00,0x6f,0x50,0x00,0x00,0x00,0x00,0xbf,
  0x11,0xff,0xff,0xff,0xff,0xff,0xff,0xff,0xa0,0x00,0x00,0x00,0x00,0x00,0x00,0x00,0x00,0x00,0x00,0x00,0x01,0x6b,0xde,0xec,
  0xa6,0x10,0x0b,0xff,0xff,0xff,0xff,0xff,0xf3,0x00,0x00,0x2d,0xf4,0x00,0x00,0x00,0x00,0x02,0xdf,0x40,0x00,0x00,0x07,0xff,
  0xff,0xff,0xf9,0x00,0x00,0x00,0x02,0xdf,0x40,0x00,0x00,0x00,0x00,0x49,0xde,0xec,0x82,0x00,0x00,0x00,0x00,0x00,0x00,0x00,
  0x00,0x00,0x07,0xff,0xff,0xff,0xf9,0x00,0x00,0x00,0x00,0x00,0x00,0x00,0x00,0x00,0x6f,0xed,0xdd,0xdd,0xdd,0xd8,0x00,0x00,
  0x24,0x44,0x44,0x44,0xee,0x44,0x44,0x44,0x43,0x00,0x00,0x03,0xff,0xff,0xff,0xff,0xff,0xff,0xff,0xff,0xff,0xff,0x30,0x00,
  0x00,0x00,0x3e,0xe2,0x00,0xbf,0x30,0x00,0x00,0x6f,0x50,0x00,0x00,0x04,0x77,0xdf,0x76,0x00,0x06,0xf6,0x00,0x0c,0xe0,0x00,
  0x00,0x00,0x00,0x00,0x00,0x00,0x00,0x00,0x00,0x00,0x00,0x00,0x6e,0xff,0xdb,0xce,0xff,0x40,0x08,0xbb,0xbb,0xef,0xcb,0xbb,
  0xb2,0x00,0x05,0xef,0xf4,0x00,0x00,0x00,0x00,0x5e,0xff,0x40,0x00,0x00,0x08,0xfd,0xcc,0xcc,0xc7,0x00,0x00,0x00,0x5e,0xff,
  0x40,0x00,0x00,0x00,0x1b,0xff,0xec,0xce,0xfe,0x80,0x00,0x00,0x00,0x00,0x00,0x00,0x00,0x00,0x08,0xfd,0xcc,0xcc,0xc7,0x00,
  0x00,0x00,0x00,0x00,0x00,0x00,0x00,0x00,0x6f,0xed,0xdd,0xdd,0xdd,0xd8,0x00,0x00,0x8f,0xff,0xff,0xff,0xff,0xff,0xff,0xff,
  0xfa,0x00,0x00,0x03,0xfb,0x55,0x55,0x55,0x55,0x55,0x55,0x55,0x55,0xbf,0x30,0x00,0x00,0x02,0xdf,0x50,0x04,0xfa,0x00,0x0e,
  0xff,0xff,0xff,0xfe,0x00,0x0a,0xff,0xff,0xfe,0x01,0x27,0xf7,0x22,0x2d,0xe2,0x20,0x00,0x00,0x00,0x00,0x00,0x00,0x00,0x00,
  0x00,0x00,0x00,0x07,0xff,0x81,0x00,0x00,0x48,0x00,0x00,0x00,0x00,0xcf,0x40,0x00,0x00,0x00,0x8f,0xdc,0xf4,0x00,0x00,0x00,
  0x08,0xfd,0xcf,0x40,0x00,0x00,0x0a,0xf4,0x00,0x00,0x00,0x00,0x00,0x08,0xfd,0xcf,0x40,0x00,0x00,0x00,0xcf,0xd5,0x00,0x00,
  0x6e,0xf8,0x00,0x00,0x00,0x00,0x00,0x00,0x00,0x00,0x0a,0xf4,0x00,0x00,0x00,0x00,0x00,0x00,0x00,0x00,0x00,0x00,0x00,0x00,
  0x6f,0x70,0x00,0x00,0x00,0x00,0x00,0x00,0x8f,0x97,0x77,0x77,0xee,0x77,0x77,0x78,0xfa,0x00,0x00,0x03,0xf9,0x00,0x01,0x70,
  0x00,0x00,0x04,0x10,0x00,0x9f,0x30,0x00,0x00,0x0a,0xff,0xdd,0xde,0xfd,0xda,0x0e,0xda,0xcf,0xca,0xde,0x00,0x03,0x44,0xcf,
  0x54,0x0c,0xff,0xff,0xff,0xff,0xff,0xf5,0x00,0x00,0x00,0x00,0x00,0x00,0x00,0x00,0x00,0x00,0x00,0x3e,0xf6,0x00,0x00,0x00,
  0x00,0x00,0x00,0x00,0x00,0xcf,0x40,0x00,0x00,0x09,0xfd,0x2a,0xf4,0x00,0x00,0x00,0x9f,0xd2,0xaf,0x40,0x00,0x00,0x0b,0xf3,
  0x00,0x00,0x00,0x00,0x00,0x9f,0xd2,0xaf,0x40,0x00,0x00,0x07,0xfe,0x20,0x00,0x00,0x04,0xfe,0x30,0x00,0x00,0x00,0x00,0x00,
  0x00,0x00,0x0b,0xf3,0x00,0x00,0x00,0x00,0x00,0x00,0x00,0x00,0x00,0x00,0x00,0x00,0x6f,0x70,0x00,0x00,0x00,0x00,0x00,0x00,
  0x8f,0x40,0x00,0x00,0xed,0x00,0x00,0x02,0xfa,0x00,0x00,0x03,0xe9,0x00,0x2c,0xf6,0x00,0x00,0x4e,0xd5,0x00,0x9e,0x30,0x00,
  0x00,0x03,0xbf,0xdc,0xdf,0xcc,0xec,0x0e,0x90,0x6f,0x50,0xbe,0x00,0x00,0x00,0xbf,0x10,0x0c,0xe6,0x66,0x66,0x66,0x6a,0xf5,
  0x00,0x00,0xce,0x50,0x00,0x00,0x00,0x00,0x00,0x00,0x00,0xbf,0xa0,0x00,0x00,0x00,0x00,0x00,0x00,0x00,0x00,0xcf,0x40,0x00,
  0x00,0x03,0xa1,0x0a,0xf4,0x00,0x00,0x00,0x3a,0x10,0xaf,0x40,0x00,0x00,0x0c,0xf1,0x00,0x00,0x00,0x00,0x00,0x3a,0x10,0xaf,
  0x40,0x00,0x00,0x0d,0xf7,0x00,0x00,0x00,0x00,0xaf,0x90,0x00,0x00,0x00,0x00,0x00,0x00,0x00,0x0c,0xf1,0x00,0x00,0x00,0x00,
  0x00,0x00,0x00,0x00,0x00,0x00,0x00,0x00,0x6f,0x70,0x00,0x00,0x00,0x00,0x00,0x00,0x8f,0x40,0x00,0x00,0xed,0x00,0x00,0x02,
  0xfa,0x00,0x00,0x00,0x00,0x06,0xef,0x80,0x06,0x82,0x06,0xef,0xa0,0x00,0x00,0x00,0x00,0x00,0x2f,0x80,0x8f,0x20,0xec,0x0e,
  0x90,0x6f,0x50,0xbe,0x00,0x00,0x00,0xbf,0x10,0x0c,0xe0,0x00,0x00,0x00,0x06,0xf5,0x00,0x03,0xff,0x90,0x00,0x00,0x00,0x00,
  0x00,0x00,0x01,0xff,0x30,0x00,0x00,0x00,0x00,0x00,0x00,0x00,0x00,0xcf,0x40,0x00,0x00,0x00,0x00,0x0b,0xf4,0x00,0x00,0x00,
  0x00,0x00,0xbf,0x40,0x00,0x00,0x0d,0xe0,0x00,0x00,0x00,0x00,0x00,0x00,0x00,0xbf,0x40,0x00,0x00,0x2f,0xf2,0x00,0x00,0x00,
  0x00,0x5f,0xe0,0x00,0x00,0x00,0x00,0x00,0x00,0x00,0x0d,0xe0,0x00,0x00,0x00,0x00,0x00,0x00,0x00,0x00,0x05,0xff,0xff,0xff,
  0xff,0xff,0xff,0xff,0xff,0x30,0x00,0x00,0x8f,0x50,0x00,0x00,0xed,0x00,0x00,0x03,0xfa,0x00,0x00,0x00,0x04,0xcf,0xe6,0x00,
  0x6e,0xe2,0x00,0x3d,0xfc,0x20,0x00,0x00,0x00,0x00,0x2f,0x80,0x8f,0x20,0xec,0x0e,0x90,0x6f,0x50,0xbe,0x00,0x00,0x00,0xbf,
  0x10,0x0c,0xff,0xff,0xff,0xff,0xff,0xf5,0x00,0x00,0xce,0x40,0x00,0x00,0x00,0x00,0x00,0x00,0x05,0xfe,0x00,0x00,0x00,0x00,
  0x00,0x00,0x00,0x00,0x00,0xcf,0x40,0x00,0x00,0x00,0x00,0x0b,0xf4,0x00,0x00,0x00,0x00,0x00,0xbf,0x40,0x00,0x00,0x0e,0xec,
  0xee,0xd9,0x30,0x00,0x00,0x00,0x00,0xbf,0x40,0x00,0x00,0x5f,0xe0,0x00,0x00,0x00,0x00,0x2f,0xf2,0x00,0x00,0x00,0x00,0x00,
  0x00,0x00,0x0e,0xec,0xee,0xd9,0x30,0x00,0x00,0x00,0x00,0x00,0x05,0xfd,0xbb,0xbb,0xbb,0xbb,0xbb,0xbb,0xdf,0x30,0x00,0x00,
  0x8f,0xff,0xff,0xff,0xff,0xff,0xff,0xff,0xfa,0x00,0x00,0x00,0x08,0xfb,0x20,0x08,0xfe,0xfb,0x20,0x01,0xcf,0xb0,0x00,0x00,
  0x00,0x00,0x2f,0xc9,0xcf,0xa9,0xec,0x0e,0x90,0x6f,0x50,0xbe,0x00,0x00,0x00,0xbf,0x5b,0x5c,0xe6,0x66,0x66,0x66,0x6a,0xf5,
  0x00,0x00,0x00,0x00,0x00,0x00,0x00,0x00,0x00,0x00,0x06,0xfc,0x00,0x00,0x00,0x00,0x00,0x00,0x00,0x00,0x00,0xcf,0x40,0x00,
  0x00,0x00,0x00,0x0b,0xf4,0x00,0x00,0x00,0x00,0x00,0xbf,0x40,0x00,0x00,0x0c,0xed,0xcd,0xff,0xe6,0x00,0x00,0x00,0x00,0xbf,
  0x40,0x00,0x00,0x7f,0xc0,0x00,0x00,0x00,0x00,0x0f,0xf3,0x00,0x00,0x00,0x00,0x00,0x00,0x00,0x0c,0xed,0xcd,0xff,0xe6,0x00,
  0x00,0x00,0x00,0x00,0x05,0xf8,0x00,0x00,0x00,0x00,0x00,0x00,0x9f,0x30,0x00,0x00,0x8f,0xca,0xaa,0xaa,0xee,0xaa,0xaa,0xab,
  0xfa,0x00,0x00,0x00,0x00,0x50,0x02,0xcf,0xb1,0x7e,0xe7,0x00,0x09,0x10,0x00,0x00,0x00,0x00,0x2f,0xee,0xef,0xee,0xfc,0x0e,
  0x90,0x6f,0x50,0xbe,0x00,0x00,0x01,0xcf,0xfe,0x6c,0xe0,0x00,0x00,0x00,0x06,0xf5,0x00,0x00,0x00,0x00,0x00,0x00,0x00,0x00,
  0x00,0x00,0x07,0xfb,0x00,0x00,0x0c,0xff,0xff,0xc0,0x00,0x00,0x00,0xcf,0x40,0x00,0x00,0x00,0x00,0x0b,0xf4,0x00,0x00,0x00,
  0x00,0x00,0xbf,0x40,0x00,0x00,0x00,0x00,0x00,0x2a,0xff,0x30,0x00,0x00,0x00,0xbf,0x40,0x00,0x00,0x7f,0xb0,0x00,0x00,0x00,
  0x00,0x0e,0xf4,0x00,0x00,0x00,0x00,0x00,0x00,0x00,0x00,0x00,0x00,0x2a,0xff,0x30,0x00,0x00,0x00,0x00,0x05,0xf8,0x00,0x00,
  0x00,0x00,0x00,0x00,0x9f,0x30,0x00,0x00,0x8f,0x40,0x00,0x00,0xed,0x00,0x00,0x02,0xfa,0x00,0x00,0x00,0x00,0x00,0x7e,0xf9,
  0x00,0x03,0xdf,0xd5,0x00,0x00,0x00,0x00,0x00,0x00,0x2f,0x80,0x8f,0x20,0xec,0x0e,0xa1,0x7f,0x61,0xbe,0x00,0x04,0xae,0xff,
  0xb2,0x0c,0xff,0xff,0xff,0xff,0xff,0xf5,0x00,0x00,0x00,0x00,0x00,0x00,0x00,0x00,0x00,0x00,0x07,0xfc,0x00,0x00,0x09,0xbb,
  0xcf,0xc0,0x00,0x00,0x00,0xcf,0x40,0x00,0x00,0x00,0x00,0x0b,0xf4,0x00,0x00,0x00,0x00,0x00,0xbf,0x40,0x00,0x00,0x00,0x00,
  0x00,0x00,0xbf,0x90,0x00,0x00,0x00,0xbf,0x40,0x00,0x00,0x7f,0xc0,0x00,0x00,0x00,0x00,0x0f,0xf4,0x00,0x00,0x00,0x00,0x00,
  0x00,0x00,0x00,0x00,0x00,0x00,0xbf,0x90,0x00,0x00,0x00,0x00,0x05,0xf8,0x00,0x00,0x00,0x00,0x00,0x00,0x9f,0x30,0x00,0x00,
  0x8f,0x40,0x00,0x00,0xed,0x00,0x00,0x02,0xfa,0x00,0x00,0x00,0x00,0x5d,0xfd,0x50,0x00,0x00,0x08,0xef,0xc5,0x00,0x00,0x00,
  0x00,0x00,0x2f,0x80,0x8f,0x20,0xec,0x0e,0xff,0xff,0xff,0xfe,0x00,0x09,0xfe,0xef,0x10,0x06,0x88,0x88,0xdf,0x88,0x88,0x83,
  0x00,0x00,0x00,0x00,0x00,0x00,0x00,0x00,0x00,0x00,0x05,0xfe,0x00,0x00,0x00,0x00,0x4f,0xc0,0x00,0x00,0x00,0xcf,0x40,0x00,
  0x00,0x00,0x00,0x0b,0xf4,0x00,0x00,0x00,0x00,0x00,0xbf,0x40,0x00,0x00,0x00,0x00,0x00,0x00,0x6f,0xc0,0x00,0x00,0x00,0xbf,
  0x40,0x00,0x00,0x5f,0xe0,0x00,0x00,0x00,0x00,0x2f,0xf2,0x00,0x00,0x00,0x00,0x00,0x00,0x00,0x00,0x00,0x00,0x00,0x6f,0xc0,
  0x00,0x00,0x00,0x00,0x05,0xf9,0x44,0x44,0x44,0x44,0x44,0x44,0xbf,0x30,0x00,0x00,0x8f,0x40,0x00,0x00,0xed,0x00,0x00,0x02,
  0xfa,0x00,0x00,0x00,0x4c,0xff,0x91,0x00,0x00,0x00,0x00,0x2b,0xff,0xd8,0x20,0x00,0x00,0x00,0x2f,0xc8,0xbf,0x98,0xec,0x08,
  0x88,0xbf,0xa8,0x87,0x00,0x03,0x71,0xbf,0x10,0x00,0x00,0x00,0xed,0x00,0x00,0x00,0x00,0x00,0x00,0x00,0x00,0x00,0x00,0x00,
  0x00,0x00,0x02,0xff,0x20,0x00,0x00,0x00,0x4f,0xc0,0x00,0x00,0x00,0xcf,0x40,0x00,0x00,0x00,0x00,0x0b,0xf4,0x00,0x00,0x00,
  0x00,0x00,0xbf,0x40,0x00,0x00,0x00,0x00,0x00,0x00,0x5f,0xc0,0x00,0x00,0x00,0xbf,0x40,0x00,0x00,0x2f,0xf2,0x00,0x00,0x00,
  0x00,0x5f,0xe0,0x00,0x00,0x00,0x00,0x00,0x00,0x00,0x00,0x00,0x00,0x00,0x5f,0xc0,0x00,0x00,0x00,0x00,0x05,0xff,0xff,0xff,
  0xff,0xff,0xff,0xff,0xff,0x30,0x00,0x00,0x8f,0xdc,0xcc,0xcc,0xee,0xcc,0xcc,0xcc,0xfa,0x00,0x00,0x08,0xff,0xde,0xcc,0xcc,
  0xcc,0xcc,0xcc,0xcc,0xed,0xff,0x60,0x00,0x00,0x00,0x3f,0xff,0xff,0xff,0xfc,0x00,0x00,0x6f,0x50,0x10,0x00,0x00,0x00,0xbf,
  0x14,0xbb,0xbb,0xbc,0xfe,0xbb,0xbb,0xbb,0x90,0x00,0x00,0x00,0x00,0x00,0x00,0x00,0x00,0x00,0x00,0xcf,0x90,0x00,0x00,0x00,
  0x4f,0xc0,0x00,0x00,0x00,0xcf,0x40,0x00,0x00,0x00,0x00,0x0b,0xf4,0x00,0x00,0x00,0x00,0x00,0xbf,0x40,0x00,0x00,0x00,0x00,
  0x00,0x00,0x6f,0xb0,0x00,0x00,0x00,0xbf,0x40,0x00,0x00,0x0d,0xf7,0x00,0x00,0x00,0x00,0xaf,0x90,0x00,0x00,0x00,0x00,0x00,
  0x00,0x00,0x00,0x00,0x00,0x00,0x6f,0xb0,0x00,0x00,0x00,0x00,0x02,0x77,0x77,0x77,0x77,0x77,0x77,0x77,0x77,0x10,0x00,0x00,
  0x8f,0xee,0xee,0xee,0xff,0xee,0xee,0xee,0xea,0x00,0x00,0x01,0xb4,0x1f,0xeb,0xbb,0xbb,0xbb,0xbb,0xbe,0xf1,0x48,0x00,0x00,
  0x00,0x00,0x3f,0x92,0x9f,0x42,0xec,0x00,0x00,0x6f,0x57,0xe1,0x00,0x00,0x00,0xbf,0x15,0xdd,0xdd,0xde,0xff,0xfd,0xdd,0xdd,
  0xa0,0x00,0x00,0x00,0x00,0x00,0x00,0x00,0x00,0x00,0x00,0x5f,0xe4,0x00,0x00,0x00,0x4f,0xc0,0x00,0x00,0x00,0xcf,0x40,0x00,
  0x00,0x00,0x00,0x0b,0xf4,0x00,0x00,0x00,0x00,0x00,0xbf,0x40,0x00,0x00,0x00,0x00,0x00,0x00,0xcf,0x70,0x00,0x00,0x00,0xbf,
  0x40,0x00,0x00,0x06,0xfe,0x20,0x00,0x00,0x04,0xfe,0x20,0x00,0x00,0x00,0x00,0x00,0x00,0x00,0x00,0x00,0x00,0x00,0xcf,0x70,
  0x00,0x00,0x00,0x00,0x01,0x40,0x00,0x00,0x00,0x00,0x10,0x00,0x19,0x20,0x00,0x00,0x8f,0x40,0x00,0x00,0xed,0x00,0x00,0x00,
  0x00,0x00,0x00,0x00,0x00,0x1f,0xb0,0x00,0x00,0x00,0x00,0x0b,0xf1,0x00,0x00,0x00,0x00,0x00,0x5f,0x70,0x8f,0x20,0xec,0x00,
  0x00,0x6f,0x55,0xf6,0x00,0x00,0x00,0xbf,0x10,0x00,0x00,0x5f,0xc9,0xf7,0x00,0x00,0x00,0x00,0xce,0x40,0x00,0x00,0x00,0x00,
  0x00,0x00,0x00,0x0a,0xfe,0x71,0x00,0x00,0x5f,0xc0,0x00,0x00,0x00,0xcf,0x40,0x00,0x00,0x00,0x00,0x0b,0xf4,0x00,0x00,0x00,
  0x00,0x00,0xbf,0x40,0x00,0x00,0x56,0x10,0x00,0x1a,0xfe,0x10,0x00,0x00,0x00,0xbf,0x40,0x00,0x00,0x00,0xbf,0xd4,0x00,0x00,
  0x6e,0xf7,0x00,0x00,0x00,0x00,0x00,0x00,0x00,0x00,0x56,0x10,0x00,0x1a,0xfe,0x10,0x00,0x00,0x00,0x00,0x08,0xf7,0x05,0xc7,
  0x00,0x1c,0xd1,0x00,0x8f,0xb0,0x00,0x00,0x12,0x00,0x00,0x00,0xed,0x00,0x00,0x00,0x00,0x27,0x10,0x00,0x00,0x1f,0xb0,0x00,
  0x00,0x00,0x00,0x0b,0xf1,0x00,0x00,0x00,0x00,0x00,0x7f,0x60,0x8f,0x20,0xec,0x00,0x00,0x6f,0x52,0xeb,0x00,0x00,0x00,0xbf,
  0x10,0x00,0x06,0xee,0x30,0xdf,0x90,0x00,0x00,0x03,0xff,0x90,0x00,0x00,0x00,0x00,0x00,0x00,0x00,0x00,0x9f,0xfe,0xcb,0xcd,
  0xff,0xc0,0x00,0x00,0x00,0xcf,0x40,0x00,0x00,0x00,0x00,0x0b,0xf4,0x00,0x00,0x00,0x00,0x00,0xbf,0x40,0x00,0x00,0x7f,0xfe,
  0xcd,0xff,0xe3,0x00,0x00,0x00,0x00,0xbf,0x40,0x00,0x00,0x00,0x1b,0xff,0xec,0xce,0xfe,0x70,0x00,0x00,0x00,0x00,0x00,0x00,
  0x00,0x00,0x7f,0xfe,0xcd,0xff,0xe3,0x00,0x00,0x00,0x00,0x00,0x2e,0xe2,0x02,0xfe,0x10,0x0a,0xf9,0x00,0x0d,0xf6,0x00,0x00,
  0x00,0x00,0x00,0x00,0xed,0x00,0x00,0x00,0x00,0x5f,0xb0,0x00,0x00,0x1f,0xb0,0x00,0x00,0x00,0x00,0x0b,0xf1,0x00,0x00,0x00,
  0x00,0x00,0xaf,0x30,0x48,0x10,0xec,0x00,0x25,0xaf,0xef,0xfe,0x00,0x00,0x00,0xcf,0x10,0x05,0xbf,0xe4,0x00,0x1c,0xfe,0x82,
  0x00,0x00,0xce,0x40,0x00,0x00,0x00,0x00,0x00,0x00,0x00,0x00,0x03,0x9c,0xee,0xed,0xa7,0x30,0x00,0x00,0x00,0xcf,0x40,0x00,
  0x00,0x00,0x00,0x0b,0xf4,0x00,0x00,0x00,0x00,0x00,0xbf,0x40,0x00,0x00,0x17,0xbe,0xee,0xc7,0x10,0x00,0x00,0x00,0x00,0xbf,
  0x40,0x00,0x00,0x00,0x00,0x4a,0xde,0xef,0xe3,0x00,0x00,0x00,0x00,0x00,0x00,0x00,0x00,0x00,0x17,0xbe,0xee,0xc7,0x10,0x00,
  0x00,0x00,0x00,0x00,0xcf,0x90,0x00,0xbf,0x70,0x02,0xee,0x20,0x04,0xfd,0x00,0x00,0x00,0x00,0x00,0x00,0xee,0x30,0x00,0x00,
  0x12,0xbf,0x80,0x00,0x00,0x1f,0xd8,0x88,0x88,0x88,0x88,0x8d,0xf1,0x00,0x00,0x00,0x00,0x00,0xee,0x00,0x05,0x98,0xfb,0x4f,
  0xff,0xfe,0xc9,0x9f,0x40,0x08,0xcb,0xfe,0x09,0xef,0xfb,0x20,0x00,0x00,0x8e,0xff,0xb0,0x00,0x00,0x00,0x00,0x00,0x00,0x00,
  0x00,0x00,0x00,0x00,0x00,0x00,0x00,0x00,0x00,0x00,0x00,0x00,0x00,0x00,0x00,0x00,0x00,0x00,0x00,0x00,0x00,0x00,0x00,0x00,
  0x00,0x00,0x00,0x00,0x00,0x00,0x00,0x00,0x00,0x00,0x00,0x00,0x00,0x00,0x00,0x00,0x00,0x00,0x00,0x00,0x00,0x00,0x00,0x0d,
  0xf6,0x00,0x00,0x00,0x00,0x00,0x00,0x00,0x00,0x00,0x00,0x00,0x00,0x00,0x00,0x00,0x00,0x00,0x00,0x06,0xfd,0x10,0x00,0x6f,
  0xc0,0x00,0xaf,0x80,0x00,0xcf,0x60,0x00,0x00,0x00,0x00,0x00,0xbf,0xff,0xff,0xff,0xff,0xfe,0x20,0x00,0x00,0x1f,0xff,0xff,
  0xff,0xff,0xff,0xff,0xf1,0x00,0x00,0x00,0x00,0x03,0xda,0x00,0x05,0xff,0xf6,0x2b,0x96,0x30,0x00,0x3e,0x50,0x04,0xef,0xf8,
  0x08,0xc8,0x30,0x00,0x00,0x00,0x02,0x8e,0x50,0x00,0x00,0x00,0x00,0x00,0x00,0x00,0x00,0x00,0x00,0x00,0x00,0x00,0x00,0x00,
  0x00,0x00,0x00,0x00,0x00,0x00,0x00,0x00,0x00,0x00,0x00,0x00,0x00,0x00,0x00,0x00,0x00,0x00,0x00,0x00,0x00,0x00,0x00,0x00,
  0x00,0x00,0x00,0x00,0x00,0x00,0x00,0x00,0x00,0x00,0x00,0x00,0x00,0x00,0x00,0x06,0xfe,0x30,0x00,0x00,0x00,0x00,0x00,0x00,
  0x00,0x00,0x00,0x00,0x00,0x00,0x00,0x00,0x00,0x00,0x00,0x00,0xa5,0x00,0x00,0x2c,0x70,0x00,0x35,0x00,0x00,0x5a,0x20,0x00,
  0x00,0x00,0x00,0x00,0x17,0xab,0xbb,0xbb,0xa9,0x73,0x00,0x00,0x00,0x1f,0xb0,0x00,0x00,0x00,0x00,0x0b,0xf1,0x00,0x00,0x00,
  0x00,0x00,0x01,0x00,0x00,0x23,0x20,0x00,0x00,0x00,0x00,0x01,0x00,0x00,0x01,0x10,0x00,0x00,0x00,0x00,0x00,0x00,0x00,0x00,
  0x00,0x00,0x00,0x00,0x00,0x00,0x00,0x00,0x00,0x00,0x00,0x00,0x00,0x00,0x00,0x00,0x00,0x00,0x00,0x00,0x00,0x00,0x00,0x00,
  0x00,0x00,0x00,0x00,0x00,0x00,0x00,0x00,0x00,0x00,0x00,0x00,0x00,0x00,0x00,0x00,0x00,0x00,0x00,0x00,0x00,0x00,0x00,0x00,
  0x00,0x00,0x00,0x00,0x00,0x00,0x00,0x00,0xbf,0xe4,0x00,0x00,0x00,0x00,0x00,0x00,0x00,0x00,0x00,0x00,0x00,0x00,0x00,0x00,
  0x00,0x00,0x00,0x00,0x00,0x00,0x00,0x00,0x00,0x00,0x00,0x00,0x00,0x00,0x00,0x00,0x00,0x00,0x00,0x00,0x00,0x00,0x00,0x00,
  0x00,0x00,0x00,0x00,0x00,0x02,0x10,0x00,0x00,0x00,0x00,0x01,0x20,0x00,0x00,0x00,0x00,0x00,0x00,0x00,0x00,0x00,0x00,0x00,
  0x00,0x00,0x00,0x00,0x00,0x00,0x00,0x00,0x00,0x00,0x00,0x00,0x00,0x00,0x00,0x00,0x00,0x00,0x00,0x00,0x00,0x00,0x00,0x00,
  0x00,0x00,0x00,0x00,0x00,0x00,0x00,0x00,0x00,0x00,0x00,0x00,0x00,0x00,0x00,0x00,0x00,0x00,0x00,0x00,0x00,0x00,0x00,0x00,
  0x00,0x00,0x00,0x00,0x00,0x00,0x00,0x00,0x00,0x00,0x00,0x00,0x00,0x00,0x00,0x00,0x00,0x00,0x00,0x00,0x00,0x00,0x00,0x00,
  0x1d,0xfb,0x00,0x00,0x00,0x00,0x00,0x00,0x00,0x00,0x00,0x00,0x00,0x00,0x00,0x00,0x00,0x00,0x00,0x00,0x00,0x00,0x00,0x00,
  0x00,0x00,0x00,0x00,0x00,0x00,0x00,0x00,0x00,0x00,0x00,0x00,0x00,0x00,0x00,0x00,0x00,0x00,0x00,0x00,0x00,0x00,0x00,0x00,
  0x00,0x00,0x00,0x00,0x00,0x00,0x00,0x00,0x00,0x00,0x00,0x00,0x00,0x00,0x00,0x00,0x00,0x00,0x00,0x00,0x00,0x00,0x00,0x00,
  0x00,0x00,0x00,0x00,0x00,0x00,0x00,0x00,0x00,0x00,0x00,0x00,0x00,0x00,0x00,0x00,0x00,0x00,0x00,0x00,0x00,0x00,0x00,0x00,
  0x00,0x00,0x00,0x00,0x00,0x00,0x00,0x00,0x00,0x00,0x00,0x00,0x00,0x00,0x00,0x00,0x00,0x00,0x00,0x00,0x00,0x00,0x00,0x00,
  0x00,0x00,0x00,0x00,0x00,0x00,0x00,0x00,0x00,0x00,0x00,0x00,0x00,0x00,0x00,0x00,0x01,0xb1,0x00,0x00,0x00,0x00,0x00,0x00,
  0x00,0x00,0x00,0x00,0x00,0x00,0x00,0x00,0x00,0x00,0x00,0x00,0x00,0x00,0x00,0x00,0x00,0x00,0x00,0x00,0x00,0x00,0x00,0x00,
  0x00,0x00,0x00,0x00,0x00,0x00,0x00,0x00,0x00,0x00,0x00,0x00,0x00,0x00,0x00,0x00,0x00,0x00,0x00,0x00,0x00,0x00,0x00,0x00,
  0x00,0x00,0x00,0x00,0x00,0x00,0x00,0x00,0x00,0x00,0x00,0x00,0x00,0x00,0x00,0x00,0x00,0x00,0x00,0x00,0x00,0x00,0x00,0x00,
  0x00,0x00,0x00,0x00,0x00,0x00,0x00,0x00,0x00,0x00,0x00,0x00,0x00,0x00,0x00,0x00,0x00,0x00,0x00,0x00,0x00,0x00,0x00,0x00,
  0x00,0x00,0x00,0x00,0x00,0x00,0x00,0x00,0x00,0x00,0x00,0x00,0x00,0x00,0x00,0x00,0x00,0x00,0x00,0x00,0x00,0x00,0x00,0x00,
  0x00,0x00,0x00,0x00,0x00,0x00,0x00,0x00,0x00,0x00,0x00,0x00,0x00,0x00,0x00,0x00,0x00,0x00,0x00,0x00,0x00,0x00,0x00,0x00,
  0x00,0x00,0x00,0x00,0x00,0x00,0x00,0x00,0x00,0x00,0x00,0x00,0x00,0x00,0x00,0x00,0x00,0x00,0x00,0x00,0x00,0x00,0x00,0x00,
  0x00,0x00,0x00,0x00,0x00,0x00,0x00,0x00,0x00,0x00,0x00,0x00,0x00,0x00,0x00,0x00,0x00,0x00,0x00,0x00,0x00,0x00,0x00,0x00,
  0x00,0x00,0x00,0x00,0x00,0x00,0x00,0x00,0x00,0x00,0x00,0x00,0x00,0x00,0x00,0x00,0x00,0x00,0x00,0x00,0x00,0x00,0x00,0x00,
  0x00,0x00,0x00,0x00,0x00,0x00,0x00,0x00,0x00,0x00,0x00,0x00,0x00,0x00,0x00,0x00,0x00,0x00,0x00,0x00,0x00,0x00,0x00,0x00,
  0x00,0x00,0x00,0x00,0x00,0x00,0x00,0x00,0x00,0x00,0x00,0x00,0x00,0x00,0x00,0x00,0x00,0x00,0x00,0x00,0x00,0x00,0x00,0x00,
  0x00,0x00,0x00,0x00,0x00,0x00,0x00,0x00,0x00,0x00,0x00,0x00,0x00,0x00,0x00,0x00,0x00,0x00,0x00,0x00,0x00,0x00,0x00,0x00,
  0x00,0x00,0x00,0x00,0x00,0x00,0x00,0x00,0x00,0x00,0x00,0x00,0x00,0x00,0x00,0x00,0x00,0x00,0x00,0x00,0x00,0x00,0x00,0x00,
  0x00,0x00,0x00,0x00,0x00,0x00,0x00,0x00,
};
#define GUI_TXT_S_LINE6_W 272
#define GUI_TXT_S_LINE6_H 29

#endif