#ifndef __LOGO_H
#define __LOGO_H

#include <stdint.h>

#define LOGO_WHUT_W 240
#define LOGO_WHUT_H 48
static const uint16_t logo_whut_bits[11520] = {
  0xffff,0xffff,0xffff,0xffff,0xffff,0xffff,0xffff,0xffff,0xffff,0xffff,0xffff,0xffff,0xffff,0xffff,0xffff,0xffff,
  0xffff,0xcedd,0x8539,0x4c17,0x3375,0x2b55,0x2b35,0x2b55,0x2b55,0x2b55,0x2b55,0x3375,0x4bf7,0x8539,0xcedd,0xffff,
  0xffff,0xffff,0xffff,0xffff,0xffff,0xffff,0xffff,0xffff,0xffff,0xffff,0xffff,0xffff,0xffff,0xffff,0xffff,0xffff,
  0xffff,0xffff,0xffff,0xffff,0xffff,0xffff,0xffff,0xffff,0xffff,0xffff,0xffff,0xffff,0xffff,0xffff,0xffff,0xffff,
  0xffff,0xffff,0xffff,0xffff,0xffff,0xffff,0xffff,0xffff,0xffdf,0xffdf,0xffff,0xffff,0xffff,0xffff,0xffff,0xffff,
  0xffff,0xffff,0xffff,0xffff,0xffff,0xffff,0xffff,0xffff,0xffff,0xffff,0xffff,0xffff,0xffff,0xffff,0xffff,0xffff,
  0xffff,0xffff,0xffff,0xffff,0xffff,0xffff,0xffff,0xffff,0xffff,0xffff,0xffff,0xffff,0xffff,0xffff,0xffff,0xffff,
  0xffff,0xffff,0xffff,0xffff,0xffff,0xffff,0xffff,0xffff,0xffff,0xffff,0xffff,0xffff,0xffff,0xffff,0xffff,0xffff,
  0xffff,0xffff,0xffff,0xffff,0xffff,0xffff,0xffff,0xffff,0xffff,0xffff,0xffff,0xffff,0xffff,0xffff,0xffff,0xffff,
  0xffff,0xffff,0xffff,0xffff,0xffff,0xffff,0xffff,0xffff,0xffff,0xffff,0xffff,0xffff,0xffff,0xffff,0xffff,0xffff,
  0xffff,0xffff,0xffff,0xffff,0xffff,0xffff,0xffff,0xffff,0xffff,0xffff,0xffff,0xffff,0xffff,0xffff,0xffff,0xffff,
  0xffff,0xffff,0xffff,0xffff,0xffff,0xffff,0xffff,0xffff,0xffff,0xffff,0xffff,0xffff,0xffff,0xffff,0xffff,0xffff,
  0xffff,0xffff,0xffff,0xffff,0xffff,0xffff,0xffff,0xffff,0xffff,0xffff,0xffff,0xffff,0xffff,0xffff,0xffff,0xffff,
  0xffff,0xffff,0xffff,0xffff,0xffff,0xffff,0xffff,0xffff,0xffff,0xffff,0xffff,0xffff,0xffff,0xffff,0xffff,0xffff,
  0xffff,0xffff,0xffff,0xef7d,0xffff,0xffff,0xffff,0xffff,0xffff,0xffff,0xffff,0xffdf,0xffdf,0xffdf,0xffff,0xffff,
  0xffff,0xffff,0xffff,0xffff,0xffff,0xffff,0xffff,0xffff,0xffff,0xffff,0xffff,0xffff,0xffff,0xffff,0xdf3e,0x7cf9,
  0x3b96,0x43b6,0x74d8,0xa5fb,0xbe7c,0xc6bd,0xcefd,0xd6fd,0xd6fd,0xcefd,0xcedd,0xc6bc,0xa5fb,0x74d9,0x43d6,0x3b75,
  0x74d9,0xdf3e,0xffff,0xffff,0xffff,0xffff,0xffff,0xffff,0xffff,0xffff,0xffff,0xffff,0xffff,0xffff,0xffff,0xffff,
  0xffff,0xffff,0xffff,0xffff,0xffff,0xffff,0xffff,0xffff,0xffff,0xffff,0xffff,0xffff,0xffff,0xffff,0xffff,0xffff,
  0xffff,0xffff,0xffff,0xffff,0xffff,0xffff,0xffff,0xffff,0xffff,0xffff,0xffff,0xffff,0xffff,0xffff,0xffff,0xffff,
  0xffff,0xffff,0xffff,0xffff,0xffff,0xffff,0xffff,0xffff,0xffff,0xffff,0xffff,0xffff,0xffff,0xffff,0xffff,0xffff,
  0xffff,0xffff,0xffff,0xffff,0xffff,0xffff,0xffff,0xffff,0xffff,0xffff,0xffff,0xffff,0xffff,0xffff,0xffff,0xffff,
  0xffff,0xffff,0xffff,0xffff,0xffff,0xffff,0xffff,0xffff,0xffff,0xffff,0xffff,0xffff,0xffff,0xffff,0xffff,0xffff,
  0xffff,0xffff,0xffff,0xffff,0xffff,0xffff,0xffff,0xffff,0xffff,0xffff,0xffff,0xffff,0xffff,0xffff,0xffff,0xffff,
  0xffff,0xffff,0xffff,0xffff,0xffff,0xffff,0xffff,0xffff,0xffff,0xffff,0xffff,0xffff,0xffff,0xffff,0xffff,0xffff,
  0xffff,0xffff,0xffff,0xffff,0xffff,0xffff,0xffff,0xffff,0xffff,0xffff,0xffff,0xffff,0xffff,0xffff,0xffff,0xffff,
  0xffff,0xffff,0xffff,0xffff,0xffff,0xffff,0xffff,0xffff,0xffff,0xffff,0xffff,0xffff,0xffff,0xffff,0xffff,0xffff,
  0xffff,0xffff,0xffff,0xffff,0xffff,0xffff,0xffff,0xffff,0xffff,0xffff,0xffff,0xffff,0xffff,0xffff,0xffff,0xffff,
  0xffff,0xffff,0xffff,0xffff,0xffff,0xffff,0xffff,0xffff,0xffdf,0xffff,0xffff,0xffff,0xffff,0xffff,0xffff,0xffff,
  0xffff,0xffff,0xce79,0x18c3,0x528a,0xe71c,0xffff,0xffff,0xffff,0xffdf,0xffff,0xffff,0xffff,0xffff,0xffff,0xffff,
  0xffff,0xffff,0xffff,0xffff,0xffff,0xffff,0xffff,0xffff,0xffff,0xffff,0xffff,0xffff,0xd71d,0x5c17,0x2b35,0x7cf9,
  0xc6bd,0xd6fd,0xa5fb,0x6457,0x7d19,0x5417,0x0a53,0x0273,0x0253,0x0a93,0x1af4,0x3b96,0x6498,0xa5db,0xd6fd,0xc6bd,
  0x7cf9,0x3335,0x5417,0xd6fd,0xffff,0xffff,0xffff,0xffff,0xffff,0xffff,0xffff,0xffff,0xffff,0xffff,0xffff,0xffff,
  0xffff,0xffff,0xffff,0xffff,0xffff,0xffff,0xffff,0xffff,0xffff,0xffff,0xffff,0xffff,0xffff,0xffff,0xffff,0xffff,
  0xffff,0xffff,0xffff,0xffff,0xffff,0xffff,0xffff,0xb5b6,0x632c,0x94b2,0xdedb,0xffff,0xffff,0xffff,0xffff,0xffff,
  0xffff,0xffff,0xffff,0xffff,0xffff,0xffff,0xffff,0xffff,0xffff,0xffff,0xffff,0xffff,0xffff,0xffff,0xffff,0xffff,
  0xffff,0xffff,0xffff,0xffff,0xffff,0xffff,0xffff,0xffff,0xffff,0xffff,0xffff,0xffff,0xffff,0xffff,0xffff,0xffff,
  0xffff,0xffff,0xffff,0xffff,0xffff,0xffff,0xffff,0xffff,0xffff,0xffff,0xffff,0xffff,0xffff,0xffff,0xffff,0xffff,
  0xffff,0xffff,0xffff,0xffff,0xffff,0xffff,0xffff,0xffff,0xffff,0xffff,0xffff,0xffff,0xffff,0xffff,0xffff,0xffff,
  0xffff,0xffff,0xffff,0xffff,0xffff,0xffff,0xffff,0xffff,0xffff,0xffff,0xffff,0xffff,0xffff,0xffff,0xffff,0xffff,
  0xffff,0xffff,0xffff,0xffff,0xffff,0xffff,0xffff,0xffff,0xffff,0xffff,0xffff,0xffff,0xffff,0xffff,0xffff,0xffff,
  0xffff,0xffff,0xffff,0xffff,0xffff,0xffff,0xffff,0xffff,0xffff,0xffff,0xffff,0xffff,0xffff,0xffff,0xffff,0xffff,
  0xffff,0xffff,0xffff,0xffff,0xffff,0xffff,0xffff,0xffff,0xffff,0xffff,0xffff,0xffff,0xffff,0xffff,0xffff,0xffff,
  0xffff,0xffff,0xffff,0xffff,0xffff,0xffff,0xffff,0xffff,0xffff,0xffff,0xffff,0xffff,0xffff,0xffff,0xffff,0xffff,
  0xffff,0xffff,0xa514,0x0000,0x0000,0x10a2,0x9cd3,0xffdf,0xffff,0xffff,0xe71c,0x73ae,0x6b6d,0xa514,0xe73c,0xffff,
  0xffff,0xffff,0xffff,0xffff,0xffff,0xffff,0xffff,0xffff,0xffff,0xffff,0xffff,0x74b8,0x2b14,0x8d7a,0xdf3e,0xa5fb,
  0x43b6,0x0233,0x01b1,0x12b4,0xb65c,0x3355,0x01f2,0x0253,0x0233,0x0233,0x0233,0x01f2,0x0233,0x01d2,0x01f2,0x3bb6,
  0xa5db,0xdf3e,0x959a,0x2b14,0x6c98,0xf7df,0xffff,0xffff,0xffff,0xffff,0xffff,0xffff,0xffff,0xffff,0xffff,0xffff,
  0xffff,0xffff,0xffff,0xffff,0xffff,0xffff,0xffff,0xffff,0xffff,0xffff,0xffff,0xffff,0xffff,0xffff,0xffff,0xffff,
  0xffff,0xffff,0xffff,0xffff,0xffff,0xffdf,0xffff,0x5aeb,0x0000,0x0000,0x1082,0xd6ba,0xffff,0xffff,0xffff,0xffff,
  0xffff,0xffff,0xffff,0xffff,0xffff,0xffff,0xffff,0xffff,0xffff,0xffff,0xffff,0xffff,0xffff,0xffff,0xffff,0xffff,
  0xffff,0xffff,0xffff,0xffff,0xffff,0xffff,0xffff,0xffff,0xffff,0xffff,0xffff,0xffff,0xffff,0xffff,0xffff,0xffff,
  0xffff,0xffff,0xffff,0xffff,0xffff,0xffff,0xffff,0xffff,0xffff,0xffff,0xffff,0xffff,0xffff,0xffff,0xffff,0xffff,
  0xffff,0xffff,0xffff,0xffff,0xffff,0xffff,0xffff,0xffff,0xffff,0xffff,0xffff,0xffff,0xffff,0xffff,0xffff,0xffff,
  0xffff,0xffff,0xffff,0xffff,0xffff,0xffff,0xffff,0xffff,0xffff,0xffff,0xffff,0xffff,0xffff,0xffff,0xffff,0xffff,
  0xffff,0xffff,0xffff,0xffff,0xffff,0xffff,0xffff,0xffff,0xffff,0xffff,0xffff,0xffff,0xffff,0xffff,0xffff,0xffff,
  0xffff,0xffff,0xffff,0xffff,0xffff,0xffff,0xffff,0xffff,0xffff,0xffff,0xffff,0xffff,0xffff,0xffff,0xffff,0xffff,
  0xffff,0xffff,0xffff,0xffff,0xffff,0xffff,0xffff,0xffff,0xffff,0xffff,0xffff,0xffff,0xffff,0xffff,0xffff,0xffff,
  0xffff,0xffff,0xffff,0xffff,0xffff,0xffff,0xffff,0xdefb,0x8c51,0xef5d,0xffff,0xffff,0xffff,0xffff,0xef7d,0xe71c,
  0xef7d,0xe71c,0x31a6,0x0000,0x0841,0x0000,0x6b4d,0xffff,0xd69a,0x7bef,0x18c3,0x0000,0x0000,0x0000,0x1082,0xad75,
  0xffff,0xffff,0xffff,0xffff,0xffff,0xffff,0xffff,0xffff,0xffff,0xcedd,0x2b15,0x6478,0xdf5e,0x9dba,0x1ad4,0x01d2,
  0x0212,0x0212,0x7d19,0xbe7c,0xbe7c,0x0253,0x0253,0x0253,0x0253,0x0253,0x0253,0x01f2,0x3375,0x9dba,0x43d6,0x01d2,
  0x01d2,0x1ad4,0x959a,0xe75e,0x6c98,0x22f4,0xc6bd,0xffff,0xffff,0xffff,0xffff,0xffff,0xffff,0xffff,0xffff,0xffff,
  0xffff,0xffff,0xffff,0xffff,0xffff,0xffff,0xffff,0xffff,0xffff,0xffff,0xffff,0xffff,0xffff,0xffff,0xffff,0xffff,
  0xffff,0xffff,0xffff,0xffff,0xffff,0xffdf,0xffff,0xad55,0x0020,0x0841,0x0000,0x6b6d,0xffff,0xffdf,0xffff,0xffff,
  0xffff,0xffff,0xffff,0xffff,0xffff,0xffff,0xffff,0xffff,0xffff,0xffff,0xffff,0xffff,0xffff,0xffff,0xffff,0xffff,
  0xffff,0xffff,0xffff,0xffff,0xffff,0xffff,0xffff,0xffff,0xffff,0xffff,0xffff,0xffff,0xffff,0xffff,0xffff,0xb5b6,
  0xc618,0xffff,0xffff,0xffff,0xffff,0xffff,0xffff,0xffff,0xffff,0xffff,0xffff,0xffff,0xffff,0xffff,0xffff,0xffff,
  0xffff,0xffff,0xffff,0xffff,0xffff,0xffff,0xffff,0xffff,0xffff,0xffff,0xffff,0xffff,0xffff,0xffff,0xffff,0xffff,
  0xffff,0xffff,0xffff,0xffff,0xffff,0xffff,0xffff,0xffff,0xffff,0xffff,0xffff,0xffff,0xffff,0xffff,0xffff,0xffff,
  0xffff,0xffff,0xffff,0xffff,0xffff,0xffff,0xffff,0xffff,0xffff,0xffff,0xffff,0xffff,0xffff,0xffff,0xffff,0xffff,
  0xffff,0xffff,0xffff,0xffff,0xffff,0xffff,0xffff,0xffff,0xffff,0xffff,0xffff,0xffff,0xffff,0xffff,0xffff,0xffff,
  0xffff,0xffff,0xffff,0xffff,0xffff,0xffff,0xffff,0xffff,0xffff,0xffff,0xffff,0xffff,0xffff,0xffff,0xffff,0xffff,
  0xffff,0xffff,0xffff,0xffff,0xffff,0xffff,0xffff,0xef5d,0x10a2,0x0861,0x7bcf,0xef5d,0xffff,0xffff,0x7bef,0x0000,
  0x1082,0x0841,0x0000,0x0000,0x0000,0x4208,0xc618,0x52aa,0x0000,0x0000,0x0000,0x0020,0x0020,0x0020,0x0000,0x18c3,
  0xffff,0xffff,0xffff,0xffff,0xffff,0xffff,0xffff,0xffff,0x9dba,0x1ab4,0xb65c,0xd71d,0x3355,0x01d2,0x0232,0x0253,
  0x0253,0x0212,0x4c17,0x8539,0x959a,0x0a53,0x0253,0x0253,0x0253,0x0253,0x0a73,0x1ad4,0x4bd6,0xae1b,0x43b6,0x0212,
  0x0273,0x0233,0x01d2,0x2b15,0xcedd,0xbe9c,0x1ad4,0x959a,0xffff,0xffff,0xffff,0xffff,0xffff,0xffff,0xffff,0xffff,
  0xffff,0xffff,0xffff,0xffff,0xffff,0xffff,0xffff,0xffff,0xffff,0xffff,0xffff,0xffff,0xffff,0xffff,0xffff,0xffff,
  0xffff,0xffff,0xffff,0xffff,0xffff,0xffff,0xffff,0xce79,0x0000,0x0020,0x0000,0x632c,0xffff,0xffdf,0xffff,0xffff,
  0xffdf,0xffff,0xffff,0xffff,0xffff,0xffff,0xffff,0xffff,0xffff,0xffff,0xffff,0xffff,0xffff,0xffff,0xffff,0xffff,
  0x8430,0xb5b6,0xffff,0xffff,0xffff,0xffff,0xffff,0xffff,0xffff,0xffff,0xffff,0xffff,0xffff,0xffff,0xffff,0x2104,
  0x0000,0xce79,0xffff,0xffff,0xffff,0xffff,0xffff,0xffff,0xffff,0xffff,0xffff,0xffff,0xffff,0xffff,0xffff,0xffff,
  0xffff,0xffff,0xffff,0xffff,0xffff,0xffff,0xffff,0xffff,0xffff,0xffff,0xffff,0xffff,0xffff,0xffff,0xffff,0xffff,
  0xffff,0xffff,0xffff,0xffff,0xffff,0xffff,0xffff,0xffff,0xffff,0xffff,0xffff,0xffff,0xffff,0xffff,0xffff,0xffff,
  0xffff,0xffff,0xffff,0xffff,0xffff,0xffff,0xffff,0xffff,0xffff,0xffff,0xffff,0xffff,0xffff,0xffff,0xffff,0xffff,
  0xffff,0xffff,0xffff,0xffff,0xffff,0xffff,0xffff,0xffff,0xffff,0xffff,0xffff,0xffff,0xffff,0xffff,0xffff,0xffff,
  0xffff,0xffff,0xffff,0xffff,0xffff,0xffff,0xffff,0xffff,0xffff,0xffff,0xffff,0xffff,0xffff,0xffff,0xffff,0xffff,
  0xffff,0xffff,0xffff,0xffff,0xffff,0xffff,0xffff,0xffff,0xdefb,0x2104,0x0000,0x18e3,0xc618,0xffff,0xef5d,0x8430,
  0x1082,0x0000,0x0000,0x0000,0x0000,0x2124,0x0000,0x0000,0x31a6,0x8c71,0x4a69,0x0000,0x0000,0x0000,0x0000,0x0020,
  0xffff,0xffff,0xffff,0xffff,0xffff,0xffff,0xffff,0x7d19,0x2315,0xe77e,0x8519,0x3b96,0x3376,0x01f2,0x0253,0x0253,
  0x0253,0x01f2,0x43b6,0x8d7a,0xa5fb,0x6477,0x01b1,0x01f2,0x01f2,0x01d2,0x0a73,0xa5fb,0xae1b,0x959a,0x12b4,0x0233,
  0x0253,0x0253,0x0273,0x0233,0x01f2,0x7d19,0xe77e,0x2b35,0x74f9,0xffff,0xffff,0xffff,0xffff,0xffff,0xffff,0xffff,
  0xffff,0xffff,0xffff,0xffff,0xffff,0xffff,0xffff,0xffff,0xffff,0xffff,0xffff,0xffff,0xffff,0xffff,0xffff,0xffff,
  0xffff,0xffff,0xffff,0xffff,0xffff,0xffff,0xffff,0xf7be,0x2104,0x0000,0x0000,0x630c,0xffff,0xffdf,0xffff,0xffff,
  0xffff,0xffff,0xffff,0xffff,0xffff,0xffff,0xffff,0xffff,0xffff,0xffff,0xffff,0xffff,0xffff,0xffff,0xffff,0xffff,
  0x18e3,0x10a2,0xffff,0xffff,0xffff,0xffff,0xffff,0xffff,0xffff,0xffff,0xffff,0xffdf,0xffff,0xffff,0xef5d,0x10a2,
  0x0000,0x8430,0xffff,0xffdf,0xffff,0xffff,0xffff,0xffff,0xffff,0xffff,0xffff,0xffff,0xffff,0xffff,0xffff,0xffff,
  0xffff,0xffff,0xffff,0xffff,0xffff,0xffff,0xffff,0xffff,0xffff,0xffff,0xffff,0xffff,0xffff,0xffff,0xffff,0xffff,
  0xffff,0xffff,0xffff,0xffff,0xffff,0xffff,0xffff,0xffff,0xffff,0xffff,0xffff,0xffff,0xffff,0xffff,0xffff,0xffff,
  0xffff,0xffff,0xffff,0xffff,0xffff,0xffff,0xffff,0xffff,0xffff,0xffff,0xffff,0xffff,0xffff,0xffff,0xffff,0xffff,
  0xffff,0xffff,0xffff,0xffff,0xffff,0xffff,0xffff,0xffff,0xffff,0xffff,0xffff,0xffff,0xffff,0xffff,0xffff,0xffff,
  0xffff,0x94b2,0x94b2,0xffff,0xffff,0xffff,0xffff,0xffff,0xffff,0xffff,0xffff,0xffff,0xffff,0xffff,0xffff,0xffff,
  0xffff,0xffff,0xffff,0xffff,0xffff,0xffff,0xffff,0xffff,0xffff,0xdefb,0x18c3,0x0000,0x1082,0xdedb,0xffff,0xffff,
  0x4a49,0x0000,0x0000,0x0000,0x0000,0x0000,0x39c7,0xc618,0xffff,0xffff,0xc638,0x0000,0x0000,0x0000,0x0000,0x0000,
  0xffff,0xffff,0xffff,0xffff,0xffff,0xffff,0x7d19,0x2b35,0xf7df,0x6457,0x01d2,0x6498,0xcedd,0x0a53,0x0233,0x0253,
  0x0253,0x01f2,0x0a73,0x3bb6,0x5418,0x6499,0x5c38,0x6cb8,0x6cb8,0x5c58,0x3bb7,0x1ad5,0x01d2,0x01d2,0x0232,0x0253,
  0x0253,0x0253,0x0233,0x01d2,0x1294,0x22d4,0x5417,0xf7df,0x3355,0x74f9,0xffff,0xffff,0xffff,0xffff,0xffff,0xffff,
  0xffff,0xffff,0xffff,0xffff,0xffff,0xffff,0xffff,0xffff,0xffff,0xffff,0xffff,0xffff,0xffff,0xffff,0xffff,0xffff,
  0xffff,0xffff,0xffff,0xffff,0xffff,0xffff,0xffff,0xffff,0x52aa,0x0000,0x0000,0x5aeb,0xffff,0xffdf,0xffff,0xce79,
  0x9cd3,0xc638,0xffff,0xffff,0xffff,0xffff,0xffff,0xffff,0xffff,0xffff,0xffff,0xffff,0xffff,0xffff,0xffff,0xffff,
  0x4208,0x0000,0xbdf7,0xffff,0xffff,0xffff,0xffff,0xffff,0xffff,0xffff,0xffff,0xce79,0x4208,0xffdf,0xd69a,0x0000,
  0x0000,0x94b2,0xffff,0xffdf,0xffff,0xffff,0xffff,0xffff,0xffff,0xffff,0xffff,0xffff,0xffff,0xffff,0xffff,0xffff,
  0xffff,0xffff,0xffff,0xffff,0xffff,0xffff,0xffff,0xffff,0xffff,0xffff,0xffff,0xffff,0xffff,0xffff,0xffff,0xffff,
  0xd6ba,0xc618,0xd6ba,0xffff,0xffff,0xffff,0xffff,0xffff,0xffff,0xffff,0xffff,0xffff,0xffff,0xffff,0xffff,0xffff,
  0xffff,0xffff,0xffff,0xffff,0xffff,0xffff,0xffff,0xffff,0xffff,0xffff,0xffff,0xffff,0xffff,0xffff,0xffff,0xffff,
  0xffff,0xffff,0xffff,0xffff,0xffff,0xffff,0xffff,0xffff,0xffff,0xffff,0xffff,0xffff,0xffff,0xffff,0xffff,0xffff,
  0xffdf,0x2124,0x0000,0x4228,0xe73c,0xffff,0xffff,0xffff,0xffff,0xffff,0xffff,0xffff,0xffff,0xffff,0xffff,0xffff,
  0xffff,0xffff,0xffff,0xffff,0xffff,0xffff,0xffff,0xdefb,0xb596,0xffff,0xc618,0x0000,0x0000,0x2945,0xdefb,0x630c,
  0x0000,0x3186,0x0020,0x0000,0x0000,0x0000,0x8c71,0xffff,0xffdf,0xffff,0x630c,0x0000,0x0020,0x0000,0x0000,0x5acb,
  0xffff,0xffff,0xffff,0xffff,0xffff,0x9dba,0x2315,0xf7df,0x5417,0x0191,0x3bb6,0x43b6,0xd71d,0xa5fb,0x0a53,0x0212,
  0x01f2,0x22f5,0x74d9,0xbe39,0xe6b5,0xfef2,0xff10,0xff0f,0xff0f,0xff10,0xff33,0xeef6,0xc679,0x7cf9,0x2315,0x01f2,
  0x0232,0x0233,0x4bf7,0x5c57,0x9dba,0x5c57,0x0171,0x4bf6,0xffdf,0x2b35,0x959a,0xffff,0xffff,0xffff,0xffff,0xffff,
  0xffff,0xffff,0xffff,0xffff,0xffff,0xffff,0xffff,0xffff,0xffff,0xffff,0xffff,0xffff,0xffff,0xffff,0xffff,0xffff,
  0xffff,0xffff,0xffff,0xffff,0xffff,0xffff,0xf7be,0xffff,0x8410,0x0000,0x0000,0x7bcf,0xffff,0xf7be,0xffff,0x632c,
  0x0000,0x0020,0xb5b6,0xffff,0xffff,0xffff,0xffff,0xffff,0xffff,0xffff,0xffff,0xffff,0xffff,0xffff,0xffff,0xffff,
  0x31a6,0x0000,0x6b4d,0xffff,0xffdf,0xffff,0xffff,0xffff,0xffff,0xffff,0xbdf7,0xef5d,0x0000,0x8430,0x630c,0x0000,
  0x0841,0xe71c,0xffff,0xffff,0xffff,0xffff,0xffff,0xffff,0xffff,0xffff,0xffff,0xffff,0xffff,0xffff,0xffff,0xffff,
  0xffff,0xffff,0xffff,0xffff,0xffff,0xffff,0xffff,0xffff,0xffff,0xffff,0xffff,0xffff,0xffff,0xffff,0xef7d,0x738e,
  0x0020,0x0000,0x0020,0x4a69,0xdedb,0xffff,0xffff,0xffff,0xffff,0xffff,0xffff,0xffff,0xffff,0xffff,0xffff,0xffff,
  0xffff,0xffff,0xffff,0xffff,0xffff,0xffff,0xffff,0xffff,0xffff,0xffff,0xffff,0xffff,0xffff,0xffff,0xffff,0xffff,
  0xffff,0xffff,0xffff,0xffff,0xffff,0xffff,0xffff,0xffff,0xffff,0xffff,0xffff,0xffff,0xffff,0xffff,0xffff,0xffff,
  0xf7be,0x2104,0x0000,0x0000,0x2945,0xdefb,0xffff,0xffff,0xffff,0xffff,0xffff,0xffff,0xffff,0xffff,0xffff,0xffff,
  0xffff,0xffff,0xffff,0xffff,0xffff,0xffff,0xffff,0xbdd7,0x0000,0x39e7,0xe73c,0x73ae,0x0000,0x0000,0x0861,0x0000,
  0x8c51,0xb5b6,0x0000,0x0020,0x10a2,0x0000,0x18c3,0xef5d,0xffff,0xc638,0x0020,0x0000,0x0000,0x4a49,0xc638,0xffff,
  0xffff,0xffff,0xffff,0xffff,0xcedd,0x12b4,0xef9e,0x5c78,0x01b2,0x0273,0x0212,0x6c98,0x5c57,0x7d19,0x0a73,0x1ab5,
  0x9dba,0xf717,0xff0f,0xfe89,0xfe27,0xfe06,0xf606,0xf606,0xf606,0xf606,0xfe06,0xfe26,0xfe69,0xff0f,0xf737,0x9dda,
  0x22f5,0x0212,0x8539,0xd71d,0xa61b,0x1af4,0x0253,0x01d2,0x5437,0xf7bf,0x12d4,0xc6bd,0xffff,0xffff,0xffff,0xffff,
  0xffff,0xffff,0xffff,0xffff,0xffff,0xffff,0xffff,0xffff,0xffff,0xffff,0xffff,0xffff,0xffff,0xffff,0xffff,0xffff,
  0xffff,0xffff,0xffff,0xffff,0xffff,0xffff,0xffff,0xffff,0x9492,0x0000,0x0000,0xbdd7,0xffff,0xffdf,0xffff,0xe73c,
  0x10a2,0x0000,0x18e3,0xef7d,0xffff,0xffff,0xffff,0xffff,0xffff,0xffff,0xffff,0xffff,0xffff,0xffff,0xffff,0xe71c,
  0x0861,0x0000,0x6b6d,0xffff,0xffdf,0xffff,0xffff,0xffff,0xffff,0xef7d,0x0000,0x8410,0x4228,0x0000,0x0000,0x0000,
  0xad55,0xffff,0xffff,0xffff,0xffff,0xffff,0xffff,0xffff,0xffff,0xffff,0xffff,0xffff,0xffff,0xffff,0xffff,0xffff,
  0xffff,0xffff,0xffff,0xffff,0xffff,0xffff,0xffff,0xffff,0xffff,0xffff,0xffff,0xffff,0xffff,0xad55,0x18c3,0x0000,
  0x0000,0x0000,0x0000,0x0000,0x2124,0xf7be,0xffff,0xffff,0xffff,0xffff,0xffff,0xffff,0xffff,0xffff,0xffff,0xffff,
  0xffff,0xffff,0xffff,0xffff,0xffff,0xffff,0xffff,0xffff,0xffff,0xffff,0xffff,0xffff,0xffff,0xffff,0xffff,0xffff,
  0xffff,0xffff,0xffff,0xffff,0xffff,0xffff,0xffff,0xffff,0xffff,0xffff,0xffff,0xffff,0xffff,0xffff,0xffff,0xffff,
  0xffff,0x52aa,0x0000,0x0841,0x0000,0x2945,0xef5d,0xffff,0xffff,0xffff,0xffff,0xffff,0xffff,0xffff,0xffff,0xffff,
  0xffff,0xffff,0xffff,0xffff,0xffff,0xffff,0xffff,0xffff,0x7bcf,0x0000,0x10a2,0x5acb,0x0000,0x0020,0x0000,0x6b4d,
  0xffff,0x528a,0x0000,0x2945,0xdedb,0x0861,0x0000,0xa514,0xffff,0x31a6,0x0000,0x31a6,0xb5b6,0xffff,0xffff,0xffff,
  0xffff,0xffff,0xffff,0xf7df,0x2314,0xbe9c,0x959a,0x01b2,0x0273,0x0253,0x01f2,0x3bb6,0x6478,0x0191,0x6479,0xef59,
  0xfeed,0xfe26,0xf606,0xf627,0xfe28,0xfe28,0xfe28,0xfe28,0xfe28,0xfe28,0xf628,0xfe28,0xfe47,0xfe06,0xfe06,0xfeed,
  0xef58,0x6c99,0x0212,0x4bd6,0x2b55,0x0233,0x0253,0x0273,0x01b2,0x8559,0xc6bd,0x1af4,0xf7bf,0xffff,0xffff,0xffff,
  0xffff,0xffff,0xffff,0xffff,0xffff,0xffff,0xffff,0xffff,0xffff,0xffff,0xffff,0xffff,0xffff,0xffff,0xffff,0xffff,
  0xffff,0xffdf,0xffff,0xffff,0xffff,0xad55,0x7bef,0xffdf,0x9cd3,0x0000,0x0000,0xd69a,0xffff,0xffff,0xffff,0xffff,
  0x39e7,0x0020,0x0000,0xc638,0xffff,0xffff,0xffff,0xffff,0xffff,0xffff,0xffff,0xffff,0xffff,0xffff,0xffff,0xbdf7,
  0x0000,0x0841,0xd69a,0xffff,0xffff,0xffff,0xffff,0xffff,0xffff,0xdedb,0x0000,0x0841,0x0861,0x0000,0x0020,0xad75,
  0xffff,0xffff,0xffff,0xffff,0xffff,0xffff,0xffff,0xffff,0xffff,0xffff,0xffff,0xffff,0xffff,0xffff,0xffff,0xffff,
  0xffff,0xffff,0xffff,0xffff,0xffff,0xffff,0xffff,0xffff,0xffff,0xffff,0xffff,0xe73c,0x528a,0x0000,0x18e3,0x2124,
  0x0000,0x0000,0x0020,0x0000,0x31a6,0xf7be,0xffff,0xffff,0xffff,0xffff,0xffff,0xffff,0xffff,0xffff,0xffff,0xffff,
  0xffff,0xffff,0xffff,0xffff,0xffff,0xffff,0xffff,0xffff,0xffff,0xffff,0xffff,0xffff,0xffff,0xffff,0xffff,0xffff,
  0xffff,0xffff,0xffff,0xffff,0xffff,0xffff,0xffff,0xffff,0xffff,0xffff,0xffff,0xffff,0xffff,0xffff,0xffff,0xffdf,
  0xffff,0x8430,0x0000,0x0020,0x0020,0x0000,0x9cd3,0xffff,0xffdf,0xffff,0xffff,0xffff,0xffff,0xffff,0xffff,0xffff,
  0xffff,0xffff,0xffff,0xffff,0xffff,0xffff,0xffff,0xffff,0xffff,0x2945,0x0000,0x0000,0x0000,0x0000,0x0000,0x4228,
  0xffff,0x2124,0x0000,0x2104,0xa534,0x1082,0x0000,0xbdd7,0xad75,0x0000,0x5aeb,0xf7be,0xffff,0xffff,0xffff,0xffff,
  0xffff,0xffff,0xffff,0x6cb8,0x6498,0xcedd,0x01d2,0x0253,0x0253,0x0253,0x0253,0x0253,0x4bf6,0x95ba,0xff74,0xfe27,
  0xf606,0xfe28,0xfe28,0xfe28,0xfe28,0xfe28,0xfe28,0xfe28,0xf628,0xfe27,0xfe67,0xfe47,0xb50b,0xbd2b,0xfe28,0xf606,
  0xfe27,0xff94,0x8d59,0x4bf7,0x4bf6,0x01f2,0x0253,0x0253,0x0253,0x01f2,0xcedd,0x74d8,0x6498,0xffff,0xffff,0xffff,
  0xffff,0xffff,0xffff,0xffff,0xffff,0xffff,0xffff,0xffff,0xffff,0xffff,0xffff,0xffff,0xffff,0xffff,0xffff,0xffff,
  0xffff,0xffff,0xffff,0xce59,0x630c,0x0000,0x0000,0x7bcf,0xb596,0x0000,0x0000,0xc638,0xffff,0xffff,0xffff,0xf79e,
  0x10a2,0x0000,0x2124,0xef5d,0xffff,0xffff,0xffff,0xffff,0xffff,0xffff,0xffff,0xffff,0xffff,0xffdf,0xffff,0x9cf3,
  0x0000,0x8c51,0xffff,0xffff,0xffff,0xffff,0xffff,0xffdf,0xffff,0xb5b6,0x0000,0x0000,0x0000,0x0000,0x8c51,0xffff,
  0xffdf,0xffff,0xffff,0xffff,0xffff,0xffff,0xffff,0xffff,0xffff,0xffff,0xffff,0xffff,0xffff,0xffff,0xffff,0xffff,
  0xffff,0xffff,0xffff,0xffff,0xffff,0xffff,0xffff,0xffff,0xffff,0xffff,0xad75,0x18c3,0x0000,0x5aeb,0xf7be,0x4208,
  0x0000,0x0020,0x0000,0x632c,0xef7d,0xffff,0xffff,0xffff,0xffff,0xffff,0xffff,0xffff,0xffff,0xffff,0xffff,0xffff,
  0xffff,0xffff,0xffff,0xffff,0xffff,0xffff,0xffff,0xffff,0xffff,0xffff,0xffff,0xffff,0xffff,0xffff,0xffff,0xffff,
  0xffff,0xffff,0xffff,0xffff,0xffff,0xffff,0xffff,0xffff,0xffff,0xffff,0xffff,0xffff,0xffff,0xffff,0xffff,0xffff,
  0xffff,0xa534,0x0000,0x0000,0x0000,0x0000,0xbdf7,0xffff,0xffff,0xffff,0xffff,0xffff,0xffff,0xffff,0xffff,0xffff,
  0xffff,0xffff,0xffff,0xffff,0xffff,0xffff,0xffff,0xffdf,0xffff,0x9cd3,0x0000,0x0020,0x0000,0x0000,0x0020,0x0000,
  0xbdd7,0x39c7,0x0000,0x0000,0x0000,0x0000,0x528a,0xef7d,0x10a2,0x10a2,0xffff,0xffff,0xffdf,0xffff,0xffff,0xffff,
  0xffff,0xffff,0xdf1e,0x2314,0xe77e,0x5c78,0x4396,0x2b35,0x01f2,0x0253,0x0253,0x0212,0xa5da,0xff50,0xf5e5,0xfe28,
  0xfe28,0xf628,0xfe28,0xfe28,0xfe28,0xfe28,0xfe28,0xfe28,0xfe67,0xee08,0x948c,0x2ad1,0x6bee,0xee08,0xfe27,0xfe28,
  0xfe28,0xf5e5,0xff30,0xae1b,0x0a53,0x0233,0x0253,0x0253,0x0253,0x01f2,0x2314,0xef9e,0x2314,0xd6fd,0xffff,0xffff,
  0xffff,0xffff,0xffff,0xffff,0xffff,0xffff,0xffff,0xffff,0xffff,0xffff,0xffff,0xffff,0xffff,0xffff,0xffff,0xffff,
  0xd69a,0x8410,0x39c7,0x0000,0x0000,0x0000,0x0000,0x7bef,0xbdf7,0x0000,0x0000,0xb5b6,0xffff,0xffdf,0xffff,0xf79e,
  0x39c7,0x4a69,0xe71c,0xffff,0xffff,0xffff,0xffff,0xffff,0xffff,0xffff,0xffff,0xffff,0xffff,0xffdf,0xffff,0x8430,
  0x0841,0xf7be,0xffff,0xffff,0xffff,0xffff,0xffff,0xffff,0xe73c,0x39e7,0x0020,0x0020,0x0000,0x0841,0xf7be,0xffff,
  0xffff,0xffff,0xffff,0xffff,0xffff,0xffff,0xffff,0xffff,0xffff,0xffff,0xffff,0xffff,0xffff,0xffff,0xffff,0xffff,
  0xffff,0xffdf,0xd69a,0xf7be,0xffff,0xffff,0x5acb,0xce59,0xef7d,0x4a49,0x0000,0x0000,0x39e7,0xffff,0xb5b6,0x0000,
  0x0020,0x0000,0x73ae,0xffff,0xffff,0xffff,0xffff,0xffff,0xffff,0xffff,0xffff,0xffff,0xffff,0xffff,0xffff,0xffff,
  0xffff,0xffff,0xffff,0xffff,0xffff,0xffff,0xffff,0xffff,0xffff,0xffff,0xffff,0xffff,0xffff,0xffff,0xffff,0xffff,
  0xffff,0xffff,0xffff,0xffff,0xffff,0xffff,0xffff,0xffff,0xffff,0xffff,0xffff,0xffff,0xffff,0xffff,0xffff,0xffff,
  0xffff,0xbdf7,0x0000,0x0000,0x0000,0x0861,0xef7d,0xffff,0xffff,0xffff,0xffff,0xffff,0xffff,0xffff,0xffff,0xffff,
  0xffff,0xffff,0xffff,0xffff,0xffff,0xffff,0xffff,0xffff,0xffff,0xffdf,0x2965,0x0000,0x0020,0x0020,0x0000,0x0000,
  0x4208,0xd6ba,0x4a49,0x18c3,0x2124,0x738e,0xe73c,0x4a49,0x0000,0x0020,0x6b4d,0xffdf,0xffff,0xffff,0xffff,0xffff,
  0xffff,0xffff,0x5437,0x959a,0x95ba,0x2af4,0xae1b,0x43b6,0x1ad4,0x0233,0x01f2,0x95ba,0xff50,0xf5e5,0xfe28,0xfe28,
  0xfe28,0xfe67,0xfe27,0xfe28,0xfe28,0xf628,0xfe47,0xfe47,0x94ac,0x22b1,0x01d4,0x7c2d,0xfe87,0xfe27,0xfe28,0xfe28,
  0xfe28,0xfe28,0xf5e5,0xff30,0x9dda,0x01f2,0x0253,0x0212,0x01f2,0x7d19,0x1ad4,0x8d7a,0x9ddb,0x4bf7,0xffff,0xffff,
  0xffff,0xffff,0xffff,0xffff,0xffff,0xffff,0xffff,0xffff,0xffff,0xffff,0xffff,0xffff,0xffff,0xffff,0xffff,0xf79e,
  0x39c7,0x0000,0x0000,0x0000,0x0000,0x0861,0x7bcf,0xffdf,0xce59,0x0000,0x0000,0x52aa,0x73ae,0x2945,0xce79,0xffff,
  0xffff,0xffff,0xffff,0xffff,0xffff,0xffff,0xffff,0xffff,0xffff,0xffff,0xffff,0xffff,0xffff,0xffff,0xffff,0xbdf7,
  0x8c51,0xffff,0xffff,0xffff,0xffff,0xffff,0xef7d,0x9cf3,0x18e3,0x0000,0x0000,0x0000,0x0000,0x0020,0x7bcf,0x9cd3,
  0xf7be,0xffff,0xffff,0xffff,0xffff,0xffff,0xffff,0xffff,0xffff,0xffff,0xffff,0xffff,0xffff,0xffff,0xffff,0xffff,
  0xad75,0x2945,0x0000,0x2104,0x9cf3,0xffff,0x31a6,0x2945,0xbdd7,0x31a6,0x7bcf,0xa514,0x0841,0xdefb,0x4208,0x0000,
  0x0000,0x528a,0xffff,0xffdf,0xffff,0xffff,0xffff,0xffff,0xffff,0xffff,0xffff,0xffff,0xffff,0xffff,0xffff,0xffff,
  0xffff,0xffff,0xffff,0xffff,0xffff,0xffff,0xffff,0xffdf,0xffff,0xffff,0xffdf,0xffff,0xffff,0xffff,0xffff,0xffff,
  0xffff,0xffff,0xffff,0xffff,0xffff,0xffff,0xffff,0xffff,0xffff,0xffff,0xffff,0xffff,0xffff,0xffff,0xffff,0xffff,
  0xffff,0xce59,0x0000,0x0000,0x0000,0x2945,0xffff,0xffff,0xffff,0xffff,0xffff,0xffff,0xffff,0xffff,0xffff,0xffff,
  0xffff,0xffff,0xffff,0xffff,0xffff,0xffff,0xffff,0xffff,0xffff,0xffff,0xbdd7,0x0000,0x0841,0xc638,0x73ae,0x0000,
  0x31a6,0xffff,0xffff,0xffff,0xdefb,0x8410,0x10a2,0x0000,0x0000,0x0000,0x0000,0x528a,0xffdf,0xffff,0xffff,0xffff,
  0xffff,0xdf3e,0x2b35,0xe75e,0x12d4,0x0233,0x9dba,0xcedd,0xcedd,0x22f4,0x5458,0xff74,0xf5e5,0xfe28,0xf628,0xfe47,
  0xfe47,0xaceb,0xe5c9,0xfe47,0xf628,0xfe47,0xede8,0x4b70,0x0213,0x01f4,0x7c2d,0xfe87,0xf628,0xfe28,0xfe28,0xfe28,
  0xfe28,0xfe28,0xfe28,0xf5e5,0xff73,0x6cb9,0x01b1,0x3bb6,0x2b35,0xa5fb,0xc6bd,0x12b4,0xe75e,0x2b55,0xd71d,0xffff,
  0xffff,0xffff,0xffff,0xffff,0xffff,0xffff,0xffff,0xffff,0xffff,0xffff,0xffff,0xffff,0xffff,0xffff,0xffff,0xffff,
  0xf7be,0xb596,0x5aeb,0x2965,0x632c,0xdefb,0xffff,0xffff,0x9cf3,0x0000,0x0000,0x0000,0x0000,0x0000,0xce59,0xffff,
  0xffff,0xffff,0xffff,0xffff,0xffff,0xffff,0xffff,0xffff,0xffff,0xffff,0xffff,0xffff,0xffff,0xffff,0xffff,0xffff,
  0xffff,0xffff,0xffff,0xffff,0xf79e,0x52aa,0x10a2,0x0000,0x0000,0x5acb,0x738e,0x0000,0x0000,0x0000,0x0000,0x0000,
  0x4a69,0xffff,0xffff,0xffff,0xffff,0xffff,0xffff,0xffff,0xffff,0xffff,0xffff,0xffff,0xffff,0xffff,0xdedb,0x5acb,
  0x0000,0x0000,0x0000,0x0000,0x0000,0xce79,0x632c,0x0000,0x8430,0xffff,0xffff,0x8c51,0x0000,0xb596,0x0841,0x0000,
  0x0861,0xdefb,0xffff,0xffff,0xffff,0xffff,0xffff,0xffff,0xffff,0xffff,0xffff,0xffff,0xffff,0xffff,0xffff,0xffff,
  0xffff,0xffff,0xffdf,0xffdf,0xffdf,0xffff,0xffff,0xffff,0xffff,0xffff,0xffff,0xffff,0xffff,0xffff,0xffff,0xffff,
  0xffff,0xffff,0xffff,0xffff,0xffff,0xffff,0xffff,0xffff,0xffff,0xffff,0xffff,0xffff,0xffff,0xffff,0xffff,0xffff,
  0xffff,0xce59,0x0000,0x0020,0x0000,0x4a49,0xffff,0xffff,0xffff,0xf79e,0xf7be,0xffff,0xffff,0xffff,0xffff,0xffff,
  0xffff,0xffff,0xffff,0xffff,0xffff,0xffff,0xffff,0xffff,0xffff,0xffff,0xffff,0x6b4d,0x0000,0xef5d,0xffff,0xd69a,
  0xef7d,0xffff,0xe71c,0x7bef,0x0020,0x0000,0x0000,0x0000,0x0000,0x0000,0x0000,0x2965,0xffdf,0xffff,0xffff,0xffff,
  0xffff,0x74f9,0x7d19,0xae1b,0x01d2,0x0233,0x7cf9,0xbe7c,0x3b75,0x2315,0xef39,0xfe47,0xfe28,0xf628,0xfe67,0xddc9,
  0x4310,0x4b6f,0xfe47,0xf608,0xfe47,0xddc9,0x2ad1,0x0213,0x0233,0x4350,0xfe47,0xfe28,0xfe28,0xfe28,0xfe28,0xfe28,
  0xfe28,0xfe28,0xfe28,0xfe28,0xfe27,0xf758,0x22f5,0x22f4,0x959a,0xb63c,0xb65c,0x2315,0x959a,0x8539,0x6cb8,0xffff,
  0xffff,0xffff,0xffff,0xffff,0xffff,0xffff,0xffff,0xffff,0xffff,0xffff,0xffff,0xffff,0xffff,0xffff,0xffff,0xffff,
  0xffff,0xffff,0xffff,0xffff,0xffff,0xffff,0xbdf7,0x6b4d,0x0000,0x0000,0x0000,0x0861,0x7bcf,0xd6ba,0xffff,0xffff,
  0xffff,0xffff,0xffff,0xffff,0xffff,0xffff,0xffff,0xffff,0xffff,0xffff,0xffff,0xffff,0xffff,0xffff,0xffff,0xffff,
  0xffff,0xffff,0xffff,0xffff,0xf7be,0x5acb,0x0000,0x0000,0x31a6,0xffdf,0xffff,0x18c3,0x0000,0x0000,0x0020,0x0000,
  0x4a69,0xffff,0xffff,0xffff,0xffff,0xffff,0xffff,0xffff,0xffff,0xffff,0xffff,0xffff,0xd69a,0x6b4d,0x0861,0x0000,
  0x0000,0x0000,0x0000,0x0000,0x1082,0xef7d,0x528a,0x0000,0x10a2,0xf7be,0xffdf,0x18c3,0x18c3,0x73ae,0x0000,0x0000,
  0x630c,0xffff,0xffdf,0xffff,0xffff,0xffff,0xffff,0xffff,0xffff,0xffff,0xffff,0xffff,0xffff,0xffff,0xffff,0xffff,
  0xffff,0xffff,0xffff,0xffff,0xffff,0xffff,0xe71c,0x9492,0x528a,0x5aeb,0x9492,0xce59,0xffff,0xffff,0xffff,0xffff,
  0xffff,0xffff,0xffff,0xffff,0xffff,0xffff,0xffff,0xffff,0xffff,0xffff,0xffff,0xffff,0xffff,0xffff,0xffff,0xffff,
  0xffff,0xc638,0x0000,0x0020,0x0000,0x7bef,0xffff,0xd6ba,0x4208,0x18c3,0x18c3,0x6b4d,0xffdf,0xffff,0xffff,0xffff,
  0xffff,0xffff,0xffff,0xffff,0xffff,0xffff,0xffff,0xffff,0xffff,0xffff,0xffff,0xffdf,0xc618,0xffdf,0xffff,0xffff,
  0xd6ba,0x738e,0x0861,0x0000,0x31a6,0xad55,0x18e3,0x0000,0x0000,0x0000,0x630c,0xef5d,0xffff,0xffff,0xffff,0xffff,
  0xffff,0x3376,0xcedd,0x3bb6,0x01f2,0x0253,0x4396,0x8d7a,0x1af4,0x8d59,0xff0d,0xf606,0xf628,0xfe67,0xb52a,0x1272,
  0x0213,0xd589,0xfe47,0xfe47,0xddc9,0x22b2,0x0213,0x0253,0x0a53,0xd589,0xfe47,0xf628,0xfe28,0xfe28,0xfe28,0xfe28,
  0xfe28,0xfe28,0xfe28,0xfe28,0xf606,0xfeed,0x95ba,0x3355,0x74d8,0x5c57,0x12b4,0x0233,0x3375,0xd6fd,0x3355,0xffdf,
  0xffff,0xffff,0xffff,0xffff,0xffff,0xffff,0xffff,0xffff,0xffff,0xffff,0xffff,0xffff,0xffff,0xffff,0xffff,0xffff,
  0xffff,0xffff,0xffdf,0xc638,0x6b6d,0x2945,0x0000,0x0000,0x18c3,0x0861,0x0000,0x2104,0xffff,0xffff,0xffff,0xffff,
  0xffff,0xffff,0xffff,0xffff,0xffff,0xffff,0xffff,0xffff,0xffff,0xffff,0xffff,0xffff,0xffff,0xffff,0xffff,0xce79,
  0x7bef,0xffff,0xffff,0xffff,0xffff,0xffff,0xdedb,0xbdd7,0x10a2,0x18e3,0x2965,0x0000,0x0000,0x0000,0x0000,0x39c7,
  0xe71c,0xffff,0xffff,0xffff,0xffff,0xffff,0xffff,0xffff,0xffff,0xffff,0xffff,0xffff,0x4a69,0x0000,0x0000,0x0000,
  0x0000,0x2945,0x0020,0x0000,0x5acb,0xffff,0x39e7,0x0000,0x0000,0x9492,0x52aa,0x0000,0x0020,0x0000,0x0000,0x0020,
  0xce59,0xffff,0xffff,0xffff,0xffff,0xffff,0xffff,0xffff,0xffff,0xffff,0xffff,0xffff,0xffff,0xffff,0xffff,0xffff,
  0x94b2,0x5aeb,0x73ae,0x738e,0x738e,0x4a49,0x0861,0x0000,0x0000,0x0000,0x0000,0x0000,0x4228,0xffff,0xffff,0xffff,
  0xffff,0xffff,0xffff,0xffff,0xffff,0xffff,0xffff,0xffff,0xffff,0xffff,0xffff,0xffff,0xffff,0xffff,0xffff,0xffff,
  0xffff,0xad75,0x0000,0x0020,0x0000,0x8430,0xb596,0x1082,0x0000,0x0000,0x0000,0x2124,0xef5d,0xffff,0xffff,0xffff,
  0xffff,0xffff,0xffff,0xffff,0xffff,0xffff,0xffff,0xffff,0xffff,0xffff,0xffff,0xffff,0xffff,0xffff,0xad75,0x4a49,
  0x0000,0x0000,0x0861,0x94b2,0xffff,0xf7be,0x1082,0x0000,0x0841,0x9cd3,0xffff,0xffff,0xffff,0xffff,0xffff,0xffff,
  0xcedd,0x43b6,0xd71d,0x0233,0x0253,0x0253,0x01f2,0x43d6,0x3bb7,0xef16,0xfe26,0xf628,0xfe67,0xad0b,0x0233,0x01f4,
  0x5baf,0xfe67,0xfe28,0xee08,0x2af1,0x0213,0x0272,0x01f4,0x63ce,0xfe67,0xf628,0xfe28,0xfe28,0xfe28,0xfe28,0xfe28,
  0xf628,0xfe28,0xfe47,0xfe47,0xfe28,0xfe06,0xf736,0x3376,0x0212,0x0212,0x0233,0x0233,0x0233,0xcefd,0x43b6,0xc6bd,
  0xffff,0xffff,0xffff,0xffff,0xffff,0xffff,0xffff,0xffff,0xffff,0xffff,0xffff,0xffff,0xffff,0xffff,0xffff,0xffff,
  0xe73c,0x8c51,0x2965,0x0000,0x0000,0x0000,0x0000,0x2965,0xf79e,0x6b6d,0x0000,0x0861,0xdefb,0xffff,0xffff,0xffff,
  0xffff,0xffff,0xffff,0xffff,0xffff,0xffff,0xffff,0xffff,0xffff,0xffff,0xffff,0xffff,0xffff,0xffdf,0xffff,0x9cd3,
  0x0000,0x6b4d,0xffff,0xffff,0xffff,0xffff,0xffff,0xffff,0x2945,0x0000,0x0000,0x0000,0x0000,0x0000,0x3186,0xffff,
  0xffff,0xffff,0xffff,0xffff,0xffff,0xffff,0xffff,0xffff,0xffff,0xffff,0xffff,0xffff,0xe73c,0x73ae,0x10a2,0x1082,
  0xa514,0xbdf7,0x0000,0x0000,0x9cd3,0xffff,0x8430,0x0000,0x0020,0x0000,0x0000,0x0000,0x0000,0x0020,0x0000,0x39e7,
  0xffff,0xffff,0xffff,0xffff,0xffff,0xffff,0xffff,0xffff,0xffff,0xffff,0xffff,0xffff,0xffff,0xffff,0xffff,0xffff,
  0x9cf3,0x0000,0x0000,0x0000,0x0000,0x0000,0x0000,0x6b4d,0x4228,0x0020,0x0020,0x0000,0x8410,0xffff,0xffff,0xffff,
  0xffff,0xffff,0xffff,0xffff,0xffff,0xffff,0xffff,0xffff,0xffff,0xffff,0xffff,0xffff,0xffff,0xffff,0xffff,0xffdf,
  0xffff,0x94b2,0x0000,0x0020,0x0000,0x0841,0x0000,0x0000,0x0000,0x31a6,0xa534,0xffdf,0xffff,0xffff,0xffff,0xffff,
  0xffff,0xffff,0xffff,0xffff,0xffff,0xffff,0xffff,0xffff,0xffff,0xffff,0xffff,0xffdf,0xffff,0xad55,0x0000,0x0000,
  0x0000,0x5aeb,0xe71c,0xffff,0xffff,0x73ae,0x0000,0x0000,0x5acb,0xf79e,0xe73c,0xffff,0xffff,0xffff,0xffff,0xffff,
  0x8539,0x74d9,0xa5fb,0x01d2,0x0253,0x0253,0x0273,0x01b1,0x74d9,0xff0f,0xf5e6,0xfe67,0xc56a,0x0253,0x0233,0x0233,
  0xbd2b,0xfe67,0xfe47,0x4b6f,0x0214,0x0253,0x0253,0x0233,0xc54a,0xfe67,0xf628,0xfe28,0xfe28,0xf628,0xfe28,0xfe67,
  0xfe67,0xfe28,0xdda9,0xd589,0xf628,0xfe26,0xff0e,0x7d19,0x01d2,0x0273,0x0253,0x0253,0x01d2,0x9ddb,0x7cf9,0x8539,
  0xffff,0xffff,0xffff,0xffff,0xffff,0xffff,0xffff,0xffff,0xffff,0xffff,0xffdf,0xffff,0xffff,0xffff,0xc618,0x6b4d,
  0x10a2,0x0000,0x0000,0x0000,0x0861,0x6b6d,0x2945,0x0861,0xffff,0xc618,0x0000,0x0000,0xbdf7,0xffff,0xffff,0xffff,
  0xffff,0xffff,0xffff,0xffff,0xffff,0xffff,0xffff,0xffff,0xffff,0xffff,0xffff,0xffff,0xffff,0xffff,0xffff,0xb5b6,
  0x0020,0x0000,0xc638,0xdefb,0xffff,0xffff,0xffff,0xce59,0x0000,0x0020,0x8c71,0xc618,0x1082,0x0000,0x0841,0xd6ba,
  0xffff,0xffff,0xffff,0xffff,0xffff,0xffff,0xffff,0xffff,0xffff,0xffff,0xffff,0xffff,0xffff,0xffff,0xef7d,0xe73c,
  0xffff,0xad55,0x0000,0x0020,0xd69a,0xffff,0xffdf,0x2965,0x0000,0x7bcf,0x0020,0x0000,0x0000,0x0020,0x0000,0x630c,
  0xffff,0xffdf,0xffff,0xffff,0xffff,0xffff,0xffff,0xffff,0xffff,0xffff,0xffff,0xffff,0xffff,0xffff,0xffff,0xffff,
  0xffff,0x8c71,0x0841,0x0000,0x0841,0x5acb,0xd69a,0xe73c,0x18e3,0x0000,0x0841,0x9cf3,0xffff,0xffff,0xffff,0xffff,
  0xffff,0xffff,0xffff,0xffff,0xffff,0xffff,0xffff,0xffff,0xffff,0xffff,0xffff,0xffff,0xffff,0xffff,0xffff,0xffdf,
  0xffff,0x7bcf,0x0000,0x0020,0x0000,0x0000,0x0000,0x2104,0xa534,0xffff,0xffff,0xffff,0xffff,0xffff,0xffff,0xffff,
  0xffff,0xffff,0xffff,0xffff,0xffff,0xffff,0xffff,0xffff,0xffff,0xffff,0xffff,0xffff,0xffff,0xf79e,0xbdd7,0x8c51,
  0xce79,0xffff,0xffff,0xffff,0xe73c,0x0861,0x0000,0x0020,0x0841,0x0841,0x1082,0x528a,0xe71c,0xffff,0xffff,0xffff,
  0x4c17,0xa5fb,0x6cb8,0x01d2,0x0253,0x0233,0x0253,0x0233,0xc679,0xfe89,0xfe27,0xf628,0x2af1,0x0213,0x0233,0x22d1,
  0xf608,0xfe67,0x8c6c,0x01f4,0x0253,0x0253,0x0233,0x1ad1,0xf608,0xfe28,0xfe28,0xf628,0xfe28,0xfe67,0xfe47,0xc54a,
  0x6bee,0x2af1,0x0a72,0x0233,0x2af1,0xcd69,0xfea8,0xce79,0x0233,0x0233,0x0233,0x0273,0x01f2,0x6478,0xae1b,0x5417,
  0xffff,0xffff,0xffff,0xffff,0xffff,0xffff,0xffff,0xffff,0xffff,0xffff,0xffff,0xef7d,0x9492,0x3186,0x0000,0x0000,
  0x0000,0x0000,0x0020,0x9cd3,0xf7be,0xffff,0x8c51,0x0000,0xe73c,0xf79e,0x1082,0x0000,0x8410,0xffff,0xffff,0xdedb,
  0xc638,0xffff,0xffff,0xffff,0xffff,0xffff,0xffff,0xffff,0xffff,0xffff,0xffff,0xffff,0xffff,0xffff,0xffff,0xad75,
  0x0000,0x0020,0x1082,0x4228,0xffff,0xffdf,0xffff,0xa514,0x0000,0x0841,0x9492,0x5acb,0x0000,0x0020,0x0000,0x94b2,
  0xffff,0xffdf,0xffff,0xffff,0xffff,0xffff,0xffff,0xffff,0xffff,0xffff,0xffff,0xffff,0xffff,0xffff,0xffff,0xffff,
  0xffff,0x9cf3,0x0000,0x2104,0xf7be,0xffff,0xffff,0xb5b6,0x5aeb,0x9cd3,0x0000,0x0020,0x0000,0x0000,0x630c,0xef5d,
  0xffff,0xffff,0xffff,0xffff,0xffff,0xffff,0xffff,0xffff,0xffff,0xffff,0xffff,0xffff,0xffff,0xffff,0xffff,0xffff,
  0xffff,0xffff,0xce79,0x9492,0xce79,0xffff,0xffff,0x2965,0x0000,0x0841,0xbdf7,0xffff,0xffdf,0xffff,0xffff,0xffff,
  0xffff,0xffff,0xffff,0xffff,0xffff,0xffff,0xffff,0xffff,0xffff,0xffff,0xffff,0xffff,0xffff,0xffff,0xffff,0xffff,
  0xe71c,0x2945,0x0000,0x0000,0x0000,0x0000,0x528a,0xe73c,0xffff,0xffff,0xffff,0xffff,0xffff,0xffff,0xffff,0xffff,
  0xffff,0xffff,0xffff,0xffff,0xffff,0xffff,0xffff,0xffff,0xffff,0xffff,0xffff,0xffff,0xffff,0xffff,0xffff,0xffff,
  0xffff,0xffff,0xffff,0xe71c,0x4228,0x0000,0x0000,0x0000,0x0000,0x0000,0x0000,0x0000,0x1082,0xbdf7,0xffff,0xffff,
  0x3375,0xc6bc,0x3b96,0x01d2,0x0233,0x12b4,0x0232,0x12f5,0xf716,0xfe27,0xfe67,0x8c6c,0x01f4,0x0a72,0x0214,0x5baf,
  0xfe87,0xddc9,0x1272,0x0233,0x0253,0x0253,0x0214,0x538f,0xfe67,0xf608,0xfe28,0xfe67,0xfe47,0xaceb,0x4350,0x0233,
  0x01f4,0x0213,0x0233,0x0253,0x01f4,0x2b11,0xfe26,0xf716,0x1af5,0x0232,0x0a93,0x01f2,0x01f2,0x3375,0xc6bd,0x3b96,
  0xffff,0xffff,0xffff,0xffff,0xffff,0xffff,0xffff,0xffff,0xffdf,0xb596,0x8410,0x2104,0x0000,0x0000,0x0000,0x632c,
  0x8410,0x8430,0x0020,0x5acb,0xa514,0xb5b6,0x4a49,0x0000,0x7bcf,0xffff,0x39e7,0x0000,0x3186,0xffff,0xffff,0x9cd3,
  0x0841,0xe71c,0xffff,0xffff,0xffff,0xffff,0xffff,0xffff,0xffff,0xffff,0xffff,0xffff,0xffff,0xffdf,0xffff,0x8410,
  0x0000,0x0841,0x0000,0x8c71,0xffff,0xffdf,0xffff,0x5acb,0x0000,0x0000,0x10a2,0x0020,0x0000,0x0020,0x0000,0xb5b6,
  0xffff,0xffdf,0xffff,0xffff,0xffff,0xffff,0xffff,0xffff,0xffff,0xffff,0xffff,0xffff,0xffff,0xffff,0xffff,0xffdf,
  0xffff,0x8c71,0x0000,0x2104,0xffdf,0xffff,0xffff,0xffff,0xffff,0x31a6,0x0000,0x0000,0x1082,0xb596,0xffff,0xffff,
  0xffff,0xffff,0xffff,0xffff,0xffff,0xffff,0xffff,0xffff,0xffff,0xffff,0xffff,0xffff,0xffff,0xffff,0xffff,0xffff,
  0xffff,0xffff,0xffff,0xffff,0xffff,0xffff,0x5aeb,0x0000,0x0000,0xa534,0xffff,0xf7be,0xffdf,0xffff,0xffff,0xffff,
  0xffff,0xffff,0xffff,0xffff,0xffff,0xffff,0xffff,0xffff,0xffff,0xffff,0xffff,0xffff,0xffff,0xffff,0xffff,0x9cf3,
  0x18c3,0x0000,0x0000,0x0000,0x1082,0xad55,0xffff,0xffff,0xffdf,0xffff,0xffff,0xffff,0xffff,0xffff,0xffff,0xffff,
  0xffff,0xffff,0xffff,0xffff,0xffff,0xffff,0xffff,0xffff,0xffff,0xffff,0xffff,0xffff,0xffff,0xffff,0xffdf,0xffff,
  0xffff,0xef5d,0x7bef,0x10a2,0x0000,0x0000,0x0841,0x9cd3,0x52aa,0x0020,0x0000,0x0000,0x0861,0xc618,0xffff,0xffff,
  0x2b55,0xcedd,0x1ad4,0x22d4,0x6498,0x5c37,0x0212,0x3b97,0xff33,0xfe06,0xf628,0x22d1,0x0233,0x0253,0x0214,0x9cac,
  0xfea6,0x740e,0x01f4,0x0253,0x0253,0x0253,0x01f4,0x7c2d,0xfe67,0xfe47,0xfe67,0xad0b,0x3b10,0x0213,0x0213,0x0253,
  0x0253,0x0253,0x0253,0x0253,0x0253,0x0214,0xb4e9,0xff72,0x3bb7,0x0212,0x3bb6,0x4bf6,0x1ad4,0x12b4,0xcedd,0x3b96,
  0xf7bf,0xffff,0xffff,0xffff,0xffff,0xffff,0xffff,0xffff,0xf7be,0x4208,0x0000,0x0000,0x0000,0x0000,0x4a69,0xf7be,
  0xffff,0xffff,0x1082,0x0000,0x0000,0x0000,0x0020,0x0020,0x0000,0x7bef,0x3186,0x0000,0x0000,0xbdd7,0xffff,0x94b2,
  0x0000,0x7bcf,0xffff,0xffdf,0xffff,0xffff,0xffff,0xffff,0xffff,0xffff,0xffff,0xffff,0xffff,0xffff,0xffff,0x4a69,
  0x0000,0x0000,0x0841,0xe71c,0xffff,0xffff,0xad75,0x0020,0x0000,0x7bcf,0xb596,0x18c3,0x0000,0x0000,0x3186,0xef5d,
  0xf79e,0xffff,0xffff,0xffff,0xffff,0xffff,0xffff,0xffff,0xffff,0xffff,0xffff,0xffff,0xffff,0xffff,0xffff,0xffff,
  0xffff,0x632c,0x0000,0x0000,0x9cd3,0xffff,0xffdf,0xffff,0xf79e,0x10a2,0x0000,0x0000,0x8c51,0xffff,0xf7be,0xffff,
  0xffff,0xffff,0xffff,0xffff,0xffff,0xffff,0xffff,0xffff,0xffff,0xffff,0xffff,0xffff,0xffff,0xffff,0xffff,0xffff,
  0xffff,0xffff,0xffff,0xf7be,0xffff,0x94b2,0x0000,0x0000,0x7bef,0xffff,0xffff,0xffff,0xffff,0xffff,0xffff,0xffff,
  0xffff,0xffff,0xffff,0xffff,0xffff,0xffff,0xffff,0xffff,0xffff,0xffff,0xffff,0xffff,0xffff,0xb596,0x39c7,0x0000,
  0x0000,0x0000,0x0020,0x0000,0x73ae,0xffff,0xffff,0xffff,0xffff,0xffff,0xffff,0xffff,0xffff,0xffff,0xffff,0xffff,
  0xffff,0xffff,0xffff,0xffff,0xffff,0xffff,0xffff,0xffff,0xffff,0xffff,0xffff,0xffff,0xffff,0xffff,0xffff,0xf79e,
  0x8c51,0x18e3,0x0000,0x0000,0x0020,0x0000,0x4a49,0xffff,0xb596,0x0000,0x0020,0x5aeb,0xdefb,0xffff,0xffff,0xffff,
  0x2b55,0xd6fd,0x0253,0x3b75,0x959a,0x4bf6,0x01d2,0x5458,0xff11,0xfe25,0xbd2b,0x0233,0x0253,0x0253,0x0233,0xc54a,
  0xfe47,0x22d1,0x0233,0x0253,0x0253,0x0253,0x01f4,0x844d,0xfea6,0xc54a,0x3b10,0x01d4,0x01f4,0x0253,0x0253,0x0253,
  0x0253,0x0253,0x0253,0x0253,0x0253,0x0214,0x844b,0xff6f,0x5c78,0x01f2,0x6477,0x43d6,0x12b4,0x0253,0xd6fd,0x3b96,
  0xe77e,0xffff,0xffff,0xffff,0xffff,0xffff,0xffff,0xffff,0xffff,0xffff,0xbdf7,0x4208,0x10a2,0x9492,0xffff,0xffff,
  0xffdf,0xc618,0x0000,0x0020,0x0020,0x2965,0xd6ba,0x2104,0x0000,0x0000,0x0000,0x0020,0x0000,0x39c7,0xffff,0x8c51,
  0x0000,0x4228,0xffff,0xffff,0xffff,0xffff,0xffff,0xffff,0xffff,0xffff,0xffff,0xffff,0xffff,0xffff,0xef7d,0x18c3,
  0x0000,0x0000,0x632c,0xffff,0xffff,0xe73c,0x0861,0x0000,0x0000,0x0861,0x0000,0x0000,0x0000,0x0020,0xa534,0x2124,
  0x18e3,0x39e7,0xdedb,0xffff,0xffff,0xffff,0xffff,0xffff,0xffff,0xffff,0xffff,0xffff,0xffff,0xffff,0xffff,0xffff,
  0x7bef,0x0020,0x0000,0x0861,0x9cf3,0x52aa,0xef7d,0xffff,0xffff,0x630c,0x0000,0x0000,0xc638,0xffff,0xffff,0xffff,
  0xffff,0xffff,0xffff,0xffff,0xffff,0xffff,0xffff,0xffff,0xffff,0xffff,0xffff,0xffff,0xffff,0xffff,0xffff,0xffff,
  0xffff,0xffff,0xffff,0xffff,0xce59,0x0020,0x0000,0x4a49,0xffff,0xffff,0xdedb,0x8430,0x9cf3,0xef5d,0xffff,0xffff,
  0xffff,0xffff,0xffff,0xffff,0xffff,0xffff,0xffff,0xffff,0xffff,0xffff,0xef7d,0xa534,0x39e7,0x0000,0x0000,0x0020,
  0x0000,0x0000,0x0000,0x0000,0xad75,0x18e3,0x738e,0xffff,0xffdf,0xffff,0xffff,0xffff,0xffff,0xffff,0xffff,0xffff,
  0xffff,0xffff,0xffff,0xffff,0xffff,0xffff,0xffff,0xffff,0xffff,0xffff,0xffff,0xffff,0xffff,0xf7be,0x94b2,0x2104,
  0x0000,0x0000,0x2965,0x94b2,0x1082,0x0000,0x4a69,0xffdf,0xe73c,0x9cd3,0xd6ba,0xffff,0xffff,0xffff,0xffff,0xffff,
  0x2b55,0xd6fd,0x0253,0x1294,0x3375,0x3375,0x01d2,0x6cb8,0xfeef,0xfe45,0x844d,0x01f4,0x0253,0x0253,0x0253,0xd5a9,
  0xdda9,0x0253,0x0233,0x0253,0x0253,0x0253,0x0214,0x6bee,0xa4eb,0x4350,0x536f,0x5baf,0x3311,0x0233,0x0233,0x0253,
  0x0253,0x0253,0x0253,0x0253,0x0253,0x0214,0x740c,0xff4e,0x6cb8,0x0233,0x3b96,0x43b6,0x12b4,0x0233,0xcedd,0x3b96,
  0xdf5e,0xffff,0xffff,0xffff,0xffff,0xffff,0xffff,0xffff,0xffff,0xffff,0xffff,0xffff,0xef7d,0xffff,0xef5d,0xef5d,
  0xffff,0x6b6d,0x0000,0x0020,0x0000,0xd69a,0xffff,0x528a,0x0000,0x0841,0x0000,0x0000,0x0000,0x0000,0xb5b6,0x9cf3,
  0x0000,0x39c7,0xffff,0xffff,0xffff,0xffff,0xffff,0xffff,0xffff,0xffff,0xffff,0xffff,0xffdf,0xffff,0xa514,0x0000,
  0x0020,0x0000,0xb5b6,0xffff,0xffff,0xef5d,0x18c3,0x0000,0x0000,0x9492,0x39c7,0x0000,0x0000,0x7bcf,0xdefb,0x0000,
  0x0000,0x0000,0xc638,0xffff,0xffff,0xffff,0xffff,0xffff,0xffff,0xffff,0xffff,0xffff,0xffff,0xffff,0xb5b6,0x31a6,
  0x0000,0x0000,0x0000,0x2965,0x2965,0x4a69,0xffff,0xffdf,0xffff,0x8410,0x0000,0x0000,0x4a69,0x630c,0xb5b6,0xffff,
  0xffff,0xffff,0xffff,0xffff,0xffff,0xffff,0xffff,0xffff,0xffff,0xffff,0xffff,0xffff,0xffff,0xffff,0xffff,0xffff,
  0xffff,0xffff,0xffff,0xef7d,0x2104,0x0000,0x18e3,0xf79e,0xdedb,0x632c,0x0861,0x0000,0x0000,0x4a69,0xffff,0xffff,
  0xffff,0xffff,0xffff,0xffff,0xffff,0xffff,0xffff,0xe71c,0xad55,0x5acb,0x18c3,0x0000,0x0000,0x0000,0x0000,0x0000,
  0x0000,0x0000,0x0000,0x18e3,0xf79e,0x3186,0x0000,0xa534,0xffff,0xffdf,0xffff,0xffff,0xffff,0xffff,0xffff,0xffff,
  0xffff,0xffff,0xffff,0xffff,0xffff,0xffff,0xffff,0xffdf,0xffff,0xffff,0xffff,0xf7be,0x9cf3,0x2965,0x0000,0x0000,
  0x0000,0x630c,0xf79e,0xffff,0x3186,0x0000,0x31a6,0xffff,0xffff,0xffff,0xffff,0xffff,0xffff,0xffff,0xffff,0xffff,
  0x2b55,0xd6fd,0x0233,0x22f4,0x5437,0x5437,0x01f2,0x6cb8,0xff0f,0xfe46,0x5baf,0x0214,0x0253,0x0253,0x0233,0xd589,
  0xc54a,0x0213,0x0253,0x0253,0x0253,0x0253,0x0213,0x3310,0xe5e8,0xfe47,0xfe87,0xfe67,0xfe47,0xb50b,0x1a92,0x0233,
  0x0253,0x0253,0x0253,0x0253,0x0253,0x0214,0x7c0c,0xff4e,0x6cb8,0x0253,0x2b35,0x3355,0x3375,0x0212,0xcefd,0x3bb6,
  0xdf5e,0xffff,0xffff,0xffff,0xffff,0xffff,0xffff,0xffff,0xffff,0xffff,0xffff,0xffff,0xffff,0xffff,0x630c,0x5acb,
  0xffff,0x8430,0x0000,0x0000,0x6b6d,0xffff,0xffff,0x39e7,0x0000,0x0000,0x4a49,0x1082,0x0000,0x0000,0x2104,0x528a,
  0x0000,0x4228,0xffff,0xffff,0xffff,0xffff,0xffff,0xffff,0xffff,0xffff,0xffff,0xffff,0xffdf,0xffff,0x7bcf,0x0000,
  0x0000,0x0020,0xdefb,0xffff,0xffdf,0xffff,0xd69a,0x632c,0xb5b6,0xffff,0x73ae,0x0000,0x0000,0x4a69,0x3186,0x0000,
  0x0841,0xa514,0xffff,0xffff,0xffff,0xffff,0xffff,0xffff,0xffff,0xffff,0xffff,0xffff,0xffff,0xc638,0x0000,0x0000,
  0x0000,0x0000,0x0000,0x0000,0x0020,0xe71c,0xffff,0xffdf,0xffff,0x52aa,0x0000,0x0020,0x0000,0x0000,0x0841,0xe71c,
  0xffff,0xffff,0xffff,0xffff,0xffff,0xffff,0xffff,0xffff,0xffff,0xffff,0xffff,0xffff,0xffff,0xffff,0xffff,0xffff,
  0xffff,0xffdf,0xffff,0x4a69,0x0000,0x0000,0x2965,0x632c,0x0861,0x0000,0x0000,0x0000,0x18e3,0x9cd3,0xffff,0xffff,
  0xffff,0xffff,0xffff,0xffff,0xffff,0xffff,0xdedb,0x0841,0x0000,0x0000,0x0000,0x0000,0x0020,0x0000,0x0000,0x6b4d,
  0x10a2,0x0000,0x0000,0x73ae,0xffff,0xad55,0x0000,0x0841,0xc618,0xffff,0xffdf,0xffff,0xffff,0xffff,0xffff,0xffff,
  0xffff,0xffff,0xffff,0xffff,0xffff,0xffff,0xffff,0xffff,0xffff,0xef7d,0x9492,0x2124,0x0000,0x0000,0x0020,0x0000,
  0x7bef,0xffff,0xffff,0xffdf,0x4228,0x0000,0x2124,0xffdf,0xffff,0xffdf,0xffff,0xffff,0xffff,0xffff,0xffff,0xffff,
  0x2b35,0xcefd,0x0a73,0x3375,0x1af4,0x12d4,0x01f2,0x5438,0xff11,0xfe25,0x4350,0x0213,0x0253,0x0253,0x0213,0xc54a,
  0xcd6a,0x0213,0x0253,0x0253,0x0253,0x0253,0x0233,0x0a53,0xdda9,0xfe47,0xf608,0xf628,0xf628,0xfe87,0xc54a,0x0233,
  0x0253,0x0253,0x0253,0x0253,0x0253,0x0214,0x9c8a,0xff4f,0x5c78,0x01d2,0x74d8,0x74f9,0x0a73,0x0253,0xd6fd,0x3b96,
  0xe77e,0xffff,0xffff,0xffff,0xffff,0xffff,0xffff,0xffff,0xffff,0xffff,0xffff,0xffff,0xffff,0xef7d,0x10a2,0x0020,
  0xce59,0xffdf,0xad55,0xb596,0xffff,0xe73c,0x5aeb,0x0000,0x0000,0x6b6d,0xffff,0x8430,0x0000,0x0020,0x0000,0x0000,
  0x0000,0x5aeb,0xffff,0xffdf,0xffff,0xffff,0xffff,0xffff,0xffff,0xffff,0xffff,0xffff,0xffff,0xffff,0x52aa,0x0000,
  0x0000,0x2104,0xffdf,0xffff,0xffff,0xffff,0xffff,0xffff,0xc618,0x73ae,0x0020,0x0000,0x0000,0x0000,0x0000,0x2104,
  0xb5b6,0xffff,0xffff,0xffff,0xffff,0xffff,0xffff,0xffff,0xffff,0xffff,0xffff,0xffff,0xffff,0xf7be,0x8410,0x2124,
  0x6b6d,0x3186,0x0000,0x0000,0x5acb,0xffff,0xffdf,0xffff,0xad75,0x1082,0x0000,0x0000,0x0020,0x0000,0x1082,0xe71c,
  0xffff,0xffff,0xffff,0xffff,0xffff,0xffff,0xffff,0xffff,0xffff,0xffff,0xffff,0xffff,0xffff,0xffff,0xffdf,0xffff,
  0xffff,0xffff,0x8410,0x0000,0x0020,0x0020,0x0000,0x0000,0x0000,0x18e3,0x630c,0xb5b6,0xf79e,0xffff,0xffff,0xffff,
  0xffff,0xffff,0xffff,0xffff,0xffff,0xffff,0xffff,0xbdd7,0x31a6,0x0000,0x0000,0x0000,0x0000,0x0861,0xbdf7,0xbdd7,
  0x0000,0x0000,0x0841,0xe71c,0xffff,0xffdf,0x2945,0x0000,0x10a2,0xd69a,0xffff,0xffdf,0xffff,0xffff,0xffff,0xffff,
  0xffff,0xffff,0xffff,0xffff,0xffff,0xffff,0xe71c,0x9cf3,0x630c,0x18c3,0x0000,0x0000,0x0020,0x0020,0x0000,0x8c51,
  0xffff,0xffff,0xffdf,0xffff,0x52aa,0x0000,0x18c3,0xf79e,0xffff,0xffff,0xffff,0xffff,0xffff,0xffff,0xffff,0xffff,
  0x2b55,0xcedd,0x1ad4,0x0a93,0x3bb6,0x5c37,0x0273,0x3397,0xff33,0xfe25,0x3b31,0x0213,0x0253,0x0253,0x01f4,0x844d,
  0xee08,0x0253,0x0233,0x0253,0x0253,0x0253,0x0253,0x0213,0x4350,0xfe47,0xfe47,0xf628,0xf628,0xf608,0xfe67,0x538f,
  0x0213,0x0253,0x0253,0x0253,0x0253,0x0233,0xc528,0xff72,0x3bb7,0x1293,0x43d6,0x4c17,0x0a53,0x12b4,0xcedd,0x3b96,
  0xf7bf,0xffff,0xffff,0xffff,0xffff,0xffff,0xffff,0xffff,0xffff,0xffff,0xffff,0xffff,0xffff,0x630c,0x0000,0x0000,
  0x6b6d,0xffff,0xffff,0xffff,0xa514,0x18c3,0x0000,0x0000,0x6b4d,0xffff,0xffdf,0xf79e,0x2124,0x0000,0x0000,0x0020,
  0x0000,0x6b4d,0xffff,0xffdf,0xffff,0xffff,0xffff,0xffff,0xffff,0xffff,0xffff,0xffff,0xffff,0xffff,0x31a6,0x0000,
  0x0000,0x5aeb,0xffff,0xffff,0xffff,0xffdf,0xffff,0x9cf3,0x0000,0x0000,0x0000,0x0000,0x1082,0x73ae,0xc618,0xffff,
  0xffff,0xffff,0xffff,0xffff,0xffff,0xffff,0xffff,0xffff,0xffff,0xffff,0xffff,0xffff,0xffff,0xffff,0xffff,0xf7be,
  0xffff,0x18c3,0x0000,0x0000,0xce79,0xffff,0xffdf,0xffff,0x5acb,0x0000,0x0000,0x0000,0x0000,0x18e3,0xce59,0xffff,
  0xffff,0xffff,0xffff,0xffff,0xffff,0xffff,0xffff,0xffff,0xffff,0xffff,0xffff,0xffff,0xffff,0xffff,0xffff,0xffff,
  0xdedb,0x8c51,0x0000,0x0020,0x0000,0x0000,0x0000,0x4228,0xa514,0xef7d,0xffff,0xffff,0xffff,0xffff,0xffff,0xffff,
  0xffff,0xffff,0xffff,0xffff,0xffff,0xffff,0xffff,0xffff,0xffdf,0x738e,0x0841,0x0000,0x31a6,0xd69a,0xffff,0x2104,
  0x0000,0x0000,0x6b4d,0xffff,0xffdf,0xffff,0x9cf3,0x0000,0x0000,0x10a2,0xc638,0xffff,0xffff,0xffff,0xffdf,0xffdf,
  0xffff,0xffff,0xffff,0xffff,0xffff,0xffff,0x4a69,0x0000,0x0000,0x0000,0x0020,0x0020,0x0020,0x0000,0x8430,0xffff,
  0xffdf,0xffff,0xffff,0xffff,0x632c,0x0000,0x0861,0xe71c,0xffff,0xffff,0xffff,0xffff,0xffff,0xffff,0xffff,0xffff,
  0x3375,0xc6bd,0x3375,0x1293,0x5c57,0x5437,0x0a93,0x12d5,0xef16,0xfe66,0x4b8f,0x0213,0x0253,0x0253,0x0233,0x1ab2,
  0xfe47,0x4b8f,0x01f4,0x0273,0x0253,0x0253,0x0253,0x0253,0x0213,0x4b6f,0xddc9,0xfe67,0xfe87,0xfe67,0xfe86,0x9cac,
  0x0214,0x0253,0x0253,0x0253,0x0233,0x1ab2,0xf607,0xf736,0x12d5,0x22f4,0x4bf6,0x3b96,0x0a73,0x2b55,0xc6bd,0x3b96,
  0xffff,0xffff,0xffff,0xffff,0xffff,0xffff,0xffff,0xffff,0xffff,0xffff,0xffff,0xffff,0xdedb,0x0000,0x0000,0x3186,
  0xd69a,0xffff,0xdedb,0x528a,0x0000,0x0000,0x0000,0x73ae,0xffff,0xffff,0xffdf,0xffff,0xbdf7,0x0000,0x0000,0x0020,
  0x0000,0x7bcf,0xffff,0xffdf,0xffff,0xffff,0xffff,0xffff,0xffff,0xffff,0xffff,0xffff,0xffff,0xf79e,0x18c3,0x0000,
  0x0000,0xad55,0xffff,0xffdf,0xffff,0xffff,0xffff,0xf79e,0xc638,0x632c,0x0000,0x0000,0xbdf7,0xe73c,0x4228,0xa534,
  0xffff,0xffff,0xffff,0xffff,0xffff,0xffff,0xffff,0xffff,0xffff,0xffff,0xffff,0xffff,0xffff,0xffff,0xffdf,0xffff,
  0xad75,0x0000,0x0000,0x3186,0xffff,0xffff,0xffff,0xffff,0xffdf,0x2945,0x0000,0x0000,0x0861,0xd69a,0xffff,0xffdf,
  0xffff,0xffff,0xffff,0xffff,0xffff,0xffff,0xffff,0xffff,0xffff,0xffff,0xffff,0xffff,0xffff,0xce79,0x8430,0x39e7,
  0x0020,0x0000,0x0000,0x0000,0x1082,0x6b4d,0xce79,0xffff,0xffff,0xffff,0xffff,0xffff,0xffff,0xffff,0xffff,0xffff,
  0xffff,0xffff,0xffff,0xffff,0xffff,0xffff,0xffff,0xffff,0xffff,0xffff,0xdedb,0xce59,0xffdf,0xffff,0x52aa,0x0000,
  0x0020,0x0841,0xdefb,0xffff,0xffff,0xffff,0xf7be,0x2124,0x0000,0x0000,0x0020,0x6b6d,0xce59,0xffff,0xffff,0xffff,
  0xffff,0xffff,0xffff,0xffff,0xffff,0xffff,0xdefb,0x6b6d,0x0020,0x0000,0x0000,0x0000,0x0000,0x7bcf,0xffff,0xffdf,
  0xffff,0xffff,0xffdf,0xffff,0x6b6d,0x0000,0x0020,0xd69a,0xffff,0xffff,0xffff,0xffff,0xffff,0xffff,0xffff,0xffff,
  0x4c17,0xa5fb,0x6498,0x0212,0x5437,0x5c57,0x1af4,0x01f3,0xc659,0xfec8,0x844c,0x0214,0x0253,0x0253,0x0253,0x01f4,
  0x7c2d,0xede8,0x1272,0x01f4,0x0253,0x0253,0x0253,0x0253,0x0253,0x0213,0x0a72,0x4b70,0x740e,0x844d,0xbd4a,0xb50b,
  0x0213,0x0253,0x0253,0x0253,0x0214,0x538f,0xfea8,0xc679,0x0233,0x0233,0x2b55,0x3bb6,0x01d2,0x6478,0xae1b,0x5417,
  0xffff,0xffff,0xffff,0xffff,0xffff,0xffff,0xffff,0xffff,0xffff,0xffff,0xffff,0xffff,0xef5d,0x9492,0xd6ba,0xffff,
  0xef7d,0x7bef,0x1082,0x0000,0x0000,0x18c3,0x9cf3,0xffff,0xffff,0xffff,0xffff,0xffff,0xffff,0x4a69,0x0000,0x0020,
  0x0000,0x9cd3,0xffff,0xffdf,0xffff,0xffff,0xffff,0xffff,0xffff,0xffff,0xffff,0xffff,0xffff,0xdefb,0x0020,0x0000,
  0x0841,0xdefb,0xffff,0xffff,0xffff,0xffff,0xffff,0xffff,0xffff,0xa534,0x0000,0x3186,0xffff,0xf7be,0x10a2,0x0000,
  0xad75,0xffff,0xffff,0xffff,0xffff,0xffff,0xffff,0xffff,0xffff,0xffff,0xffff,0xffff,0xffff,0xffff,0xffff,0xffff,
  0x31a6,0x0000,0x0000,0x7bcf,0xffff,0xffdf,0xffff,0xffff,0xffff,0x3186,0x0000,0x0000,0x5acb,0xffff,0xffff,0xffff,
  0xffff,0xffff,0xffff,0xffff,0xffff,0xffff,0xffff,0xffff,0xffff,0xffff,0xffff,0xb5b6,0x3186,0x0000,0x0000,0x0000,
  0x0000,0x0000,0x0841,0x7bcf,0xe71c,0xffff,0xffff,0xffff,0xffff,0xffff,0xffff,0xffff,0xffff,0xffff,0xffff,0xffff,
  0xffff,0xffff,0xffff,0xffff,0xffff,0xffff,0xffff,0xffff,0xffff,0xffff,0xffff,0xffff,0xffff,0x6b4d,0x0000,0x0841,
  0x0000,0x7bcf,0xffff,0xffff,0xffff,0xffff,0xffff,0x9cd3,0x0000,0x0020,0x0000,0x0000,0x0000,0x3186,0x738e,0x8c51,
  0xad55,0xffff,0xffff,0xffff,0xffff,0xffff,0xffff,0xffff,0xc638,0x5acb,0x18c3,0x18e3,0x8c71,0xffff,0xffff,0xffff,
  0xffff,0xffff,0xffdf,0xffff,0x73ae,0x0000,0x0000,0xbdf7,0xffff,0xffff,0xffff,0xffff,0xffff,0xffff,0xffff,0xffff,
  0x8539,0x74d9,0xa5fb,0x01f2,0x3b96,0x2315,0x2b35,0x01d2,0x74f9,0xff2f,0xdd87,0x0a73,0x0233,0x0253,0x0253,0x0253,
  0x0213,0x7c2d,0xc54a,0x4b50,0x0a72,0x0253,0x0233,0x0213,0x01f4,0x0213,0x0233,0x0a72,0x4b70,0x9cac,0xee08,0xa4cc,
  0x0213,0x0253,0x0253,0x0253,0x0214,0xa4aa,0xff4d,0x7d19,0x01f2,0x5437,0x3375,0x3bb6,0x01b2,0x9ddb,0x7cf9,0x8539,
  0xffff,0xffff,0xffff,0xffff,0xffff,0xffff,0xffff,0xffff,0xffff,0xffff,0xffff,0xffff,0xffff,0xffff,0xf79e,0x7bef,
  0x1082,0x0000,0x0000,0x0000,0x6b4d,0xe73c,0xffff,0xffff,0xffff,0xffff,0xffff,0xffdf,0xffff,0xb596,0x0000,0x0841,
  0x0000,0xb5b6,0xffff,0xffff,0xffff,0xffff,0xffff,0xffff,0xffff,0xffff,0xffff,0xffdf,0xffff,0xad55,0x0000,0x0000,
  0x2945,0xffff,0xffff,0xffff,0xffff,0xffff,0xffff,0xffff,0xffdf,0x2965,0x0020,0xce79,0xffff,0xffff,0x7bef,0x0000,
  0x18e3,0xef7d,0xffff,0xffff,0xffff,0xffff,0xffff,0xffff,0xffff,0xffff,0xffff,0xffff,0xffff,0xffff,0xffff,0x9cd3,
  0x0000,0x0020,0x0000,0xa514,0xffff,0xffdf,0xffff,0xffff,0xad75,0x0000,0x0000,0x0000,0x39c7,0x8c51,0x5aeb,0x4208,
  0x4208,0x8410,0xffff,0xffff,0xffff,0xffff,0xffff,0xffff,0xffff,0xffdf,0xffff,0x9cf3,0x0000,0x0020,0x0841,0x0020,
  0x0000,0x31a6,0xce79,0xffff,0xffff,0xffff,0xffff,0xffff,0xffff,0xffff,0xffff,0xffff,0xffff,0xffff,0xffff,0xffff,
  0xffff,0xffff,0xffff,0xffff,0xffff,0xffff,0xffff,0xffff,0xffff,0xffff,0xffff,0xef5d,0x528a,0x0000,0x0020,0x0000,
  0x39e7,0xffdf,0xffff,0xffff,0xffff,0xffff,0xffff,0xf7be,0x2104,0x0000,0x0020,0x0020,0x0000,0x0000,0x0000,0x0000,
  0x6b4d,0xffff,0xffff,0xffff,0xffff,0xffff,0xffff,0xffff,0xffff,0xffff,0xef7d,0xf79e,0xffff,0xffff,0xffff,0xffff,
  0xffff,0xffff,0xffdf,0xffff,0x7bcf,0x0000,0x0000,0x94b2,0xffff,0xffdf,0xffff,0xffff,0xffff,0xffff,0xffff,0xffff,
  0xcedd,0x43b6,0xd71d,0x0233,0x1ad4,0x7d19,0x43d6,0x0212,0x1b15,0xf717,0xfe66,0x846d,0x01f4,0x0253,0x0253,0x0253,
  0x0253,0x0213,0x32f1,0x7c2d,0x6bee,0x3b30,0x2af1,0x5baf,0x7c2d,0x9cac,0xc54a,0xf608,0xfe67,0xfe67,0xfe87,0x6bee,
  0x01f4,0x0253,0x0253,0x0233,0x1ab2,0xf606,0xff56,0x1b16,0x0a73,0x6cb8,0x6cb8,0x22f4,0x0212,0xd6fd,0x43b6,0xc6bd,
  0xffff,0xffff,0xffff,0xffff,0xffff,0xffff,0xffff,0xffff,0xffff,0xffff,0xffff,0xf79e,0xbdf7,0x738e,0x10a2,0x0000,
  0x0000,0x0000,0x18e3,0xb596,0xffff,0xffff,0xffff,0xffff,0xffff,0xffff,0xffff,0xffff,0xffff,0xf7be,0x18e3,0x0000,
  0x0000,0xce59,0xffff,0xffff,0xffff,0xffff,0xffff,0xffff,0xffff,0xffff,0xffff,0xffff,0xffff,0x4208,0x0000,0x0000,
  0x52aa,0xffff,0xffff,0xffff,0xffff,0xffff,0xffff,0xffff,0x528a,0x0000,0xb596,0xffff,0xffdf,0xffff,0x8410,0x0000,
  0x0000,0x8430,0xffff,0xffdf,0xffff,0xffff,0xffff,0xffff,0xffff,0xffff,0xffff,0xffff,0xffff,0xffff,0xd6ba,0x1082,
  0x0000,0x0000,0x0000,0xb5b6,0xffff,0xffff,0xffff,0xffff,0x3186,0x0000,0x0020,0x0000,0x0000,0x0000,0x0000,0x0000,
  0x0000,0x0000,0x630c,0xef7d,0xffff,0xffff,0xffff,0xffff,0xffff,0xffff,0xffff,0xffff,0x738e,0x0000,0x0000,0x0000,
  0x73ae,0xf7be,0xffff,0xffdf,0xffff,0xffff,0xffff,0xffff,0xffff,0xffff,0xffff,0xffff,0xffff,0xffff,0xffff,0xffff,
  0xffff,0xffff,0xffff,0xffff,0xffff,0xffff,0xffff,0xffff,0xffff,0xffff,0xa514,0x2104,0x0000,0x0000,0x0000,0x52aa,
  0xf79e,0xffff,0xffff,0xffff,0xffff,0xffff,0xffff,0xffff,0xad55,0x0000,0x0000,0x0000,0x0000,0x39c7,0x8c71,0xdefb,
  0xffff,0xffff,0xffff,0xffff,0xffff,0xffff,0xffff,0xffff,0xffff,0xffff,0xffff,0xffff,0xffff,0xffff,0xffff,0xffff,
  0xffdf,0xffff,0xf7be,0xffff,0x7bef,0x0000,0x0000,0x5aeb,0xffff,0xffff,0xffff,0xffff,0xffff,0xffff,0xffff,0xffff,
  0xffff,0x3376,0xcedd,0x3396,0x1ad4,0x3bb6,0x4bf6,0x2b35,0x01b1,0x95ba,0xfeed,0xfe26,0x7c4d,0x0233,0x01f4,0x0213,
  0x0213,0x0213,0x01d4,0x01b4,0x0253,0x4b6f,0xb50b,0xfe67,0xfe67,0xfe67,0xfe67,0xfe47,0xf628,0xfe28,0xf608,0x22d1,
  0x0233,0x0233,0x3311,0x0a73,0x946b,0xff2c,0xa5db,0x01d2,0x3b96,0x1ad4,0x3bb6,0x0212,0x3396,0xcefd,0x3355,0xffdf,
  0xffff,0xffff,0xffff,0xffff,0xffff,0xffff,0xffff,0xffff,0xffff,0xc638,0x6b6d,0x2104,0x0000,0x0000,0x0000,0x0000,
  0x0000,0x630c,0xef5d,0xffff,0xffdf,0xffff,0xffff,0xffff,0xffff,0xffff,0xffff,0xffff,0xffff,0xffff,0xb5b6,0x3186,
  0x73ae,0xf7be,0xffff,0xffff,0xffff,0xffff,0xffff,0xffff,0xffff,0xffff,0xffff,0xffff,0xc638,0x0000,0x0020,0x0000,
  0x8430,0xffff,0xffdf,0xffff,0xffff,0xffff,0xffff,0xffff,0x8430,0xbdf7,0xffff,0xffdf,0xffff,0xb596,0x0020,0x0000,
  0x0000,0x632c,0xffff,0xffdf,0xffff,0xffff,0xffff,0xffff,0xffff,0xffff,0xffff,0xffff,0xffdf,0xffff,0x8c71,0x0020,
  0x0841,0x0000,0x39c7,0xf79e,0xffff,0xffff,0xffff,0xffff,0x8410,0x0000,0x0000,0x0000,0x0000,0x0000,0x0000,0x0861,
  0x10a2,0x1082,0x0841,0xb596,0xffff,0xffff,0xffff,0xffff,0xffff,0xffff,0xffff,0xffff,0xffff,0xad55,0x6b6d,0xc638,
  0xffff,0xffff,0xffff,0xffff,0xffff,0xffff,0xffff,0xffff,0xffff,0xffff,0xffff,0xffff,0xffff,0xffff,0xffff,0xffff,
  0xffff,0xffff,0xffff,0xffff,0xffff,0xffff,0xffff,0xef7d,0xa534,0x39c7,0x0000,0x0000,0x0020,0x4a49,0xbdd7,0xffff,
  0xffff,0xffff,0xffff,0xffff,0xffff,0xffff,0xffff,0xffff,0xffff,0x9492,0x2945,0x5acb,0xc618,0xffff,0xffff,0xffff,
  0xffff,0xffff,0xffff,0xffff,0xffff,0xffff,0xffff,0xffff,0xffff,0xffff,0xffff,0xffff,0xffff,0xffff,0xffff,0xffff,
  0xffff,0xffff,0xffff,0xffff,0x39c7,0x0000,0x0000,0x2945,0xffdf,0xffff,0xffff,0xffff,0xffff,0xffff,0xffff,0xffff,
  0xffff,0x74f9,0x7d19,0xae1b,0x01f2,0x2b35,0x74d8,0x3376,0x0a53,0x1ad5,0xef39,0xfe27,0xfe67,0xcd6a,0x73ee,0x4350,
  0x3b30,0x4350,0x63ce,0x9cac,0xd589,0xfe47,0xfe67,0xfe28,0xf628,0xf628,0xf628,0xfe28,0xf608,0xfe67,0x948c,0x0214,
  0x0253,0x0214,0x8c8c,0xa4eb,0xfe47,0xf758,0x22f5,0x0212,0x4bf7,0x6498,0x3355,0x01d2,0x9ddb,0x8539,0x6cb8,0xffff,
  0xffff,0xffff,0xffff,0xffff,0xffff,0xffff,0xffff,0xffff,0xffff,0x9cf3,0x0000,0x0000,0x0000,0x0000,0x0000,0x18e3,
  0xad55,0xffff,0xffff,0xffff,0xffff,0xffff,0xffff,0xffff,0xffff,0xffff,0xffff,0xffff,0xffff,0xffff,0xffff,0xffff,
  0xffff,0xffff,0xffff,0xffff,0xffff,0xffff,0xffff,0xffff,0xffff,0xffff,0xffdf,0xffff,0x94b2,0x0000,0x0841,0x0000,
  0x9492,0xffff,0xffdf,0xffff,0xffff,0xffff,0xffff,0xffff,0xffff,0xffff,0xffdf,0xffff,0xd6ba,0x3186,0x52aa,0x4a49,
  0x3186,0xdedb,0xffff,0xffff,0xffff,0xffff,0xffff,0xffff,0xffff,0xffff,0xffff,0xffff,0xffff,0xffff,0xffff,0xe73c,
  0xdefb,0xd69a,0xf7be,0xffff,0xffff,0xffff,0xffff,0xffff,0xf7be,0x39c7,0x1082,0x31a6,0x6b4d,0xa534,0xce79,0xe73c,
  0xef7d,0xe73c,0xef7d,0xffff,0xffff,0xffff,0xffff,0xffff,0xffff,0xffff,0xffff,0xffff,0xffff,0xffff,0xffff,0xffff,
  0xffff,0xffff,0xffff,0xffff,0xffff,0xffff,0xffff,0xffff,0xffff,0xffff,0xffff,0xffff,0xffff,0xffff,0xffff,0xffff,
  0xffff,0xffff,0xffff,0xffff,0xffff,0xffff,0xffff,0x8c71,0x2965,0x2104,0x4228,0x7bcf,0xce59,0xffff,0xffff,0xffff,
  0xffff,0xffff,0xffff,0xffff,0xffff,0xffff,0xffff,0xffff,0xffff,0xffff,0xffff,0xffff,0xffff,0xffff,0xffdf,0xffff,
  0xffff,0xffff,0xffff,0xffff,0xffff,0xffff,0xffff,0xffff,0xffff,0xffff,0xffff,0xffff,0xffff,0xffff,0xffff,0xbdd7,
  0x94b2,0xa534,0x8410,0x4228,0x0000,0x0020,0x0020,0x18e3,0xf7be,0xffff,0xffff,0xffff,0xffff,0xffff,0xffff,0xffff,
  0xffff,0xdf3e,0x2b35,0xe75e,0x12b4,0x1293,0x5c57,0x1ad4,0x0253,0x01d2,0x6499,0xff74,0xf5e6,0xfe68,0xfe67,0xfe47,
  0xfe47,0xfe67,0xfe67,0xfe67,0xfe47,0xfe28,0xf628,0xfe28,0xfe28,0xfe28,0xfe28,0xfe28,0xfe47,0xe5c9,0x1292,0x0233,
  0x0a72,0x63ee,0xfe48,0xfe25,0xff73,0x6cb9,0x01b1,0x2b55,0x5c78,0x6478,0x0233,0x1294,0xe77e,0x2b55,0xd71d,0xffff,
  0xffff,0xffff,0xffff,0xffff,0xffff,0xffff,0xffff,0xffff,0xffff,0xffff,0xdefb,0x6b6d,0x0861,0x2965,0x8c71,0xef7d,
  0xffff,0xffff,0xffff,0xffff,0xffff,0xffff,0xffff,0xffff,0xffff,0xffff,0xffff,0xffff,0xffff,0xffff,0xffff,0xffff,
  0xffff,0xffff,0xffff,0xffff,0xffff,0xffff,0xffff,0xffff,0xffff,0xffff,0xffff,0xffff,0xd6ba,0x0020,0x0000,0x0000,
  0xb5b6,0xffff,0xffff,0xffff,0xffff,0xffff,0xffff,0xffff,0xffdf,0xffff,0xffff,0xffff,0xffdf,0xffff,0xffff,0xffff,
  0xffff,0xffff,0xffff,0xffff,0xffff,0xffff,0xffff,0xffff,0xffff,0xffff,0xffff,0xffff,0xffff,0xffff,0xffff,0xffff,
  0xffff,0xffff,0xffff,0xffff,0xffff,0xffff,0xffff,0xffff,0xffff,0xffff,0xf79e,0xffff,0xffff,0xffff,0xffff,0xffff,
  0xffff,0xffff,0xffff,0xffff,0xffff,0xffff,0xffff,0xffff,0xffff,0xffff,0xffff,0xffff,0xffff,0xffff,0xffdf,0xffff,
  0xffff,0xffff,0xffff,0xffff,0xffff,0xffff,0xffff,0xffff,0xffff,0xffff,0xffff,0xffff,0xffff,0xffff,0xffff,0xffff,
  0xffff,0xffff,0xffff,0xffff,0xffff,0xffff,0xffff,0xffff,0xffff,0xffff,0xffff,0xffff,0xffff,0xffff,0xffff,0xffff,
  0xffff,0xffff,0xffff,0xffff,0xffff,0xffff,0xffff,0xffff,0xffff,0xffff,0xffff,0xffff,0xffff,0xffff,0xffff,0xffff,
  0xffff,0xffff,0xffff,0xffff,0xffff,0xffff,0xffff,0xffff,0xffff,0xffff,0xffff,0xffff,0xffff,0xffff,0xffff,0xd6ba,
  0x738e,0x39c7,0x0000,0x0000,0x0000,0x0000,0x0000,0x4a49,0xffff,0xffff,0xffff,0xffff,0xffff,0xffff,0xffff,0xffff,
  0xffff,0xffff,0x5417,0x959a,0x9ddb,0x01d2,0x0253,0x01d2,0x2315,0x12b4,0x01d2,0x95ba,0xff30,0xf5e6,0xf628,0xfe28,
  0xfe28,0xfe28,0xf628,0xf628,0xfe28,0xfe28,0xfe28,0xfe28,0xfe28,0xfe28,0xfe28,0xfe28,0xfe67,0x4350,0x0233,0x22d1,
  0xad0b,0xfe87,0xf5e6,0xff30,0xa5da,0x01d2,0x2314,0x5437,0x4bf6,0x2314,0x01b2,0x959a,0x9ddb,0x4bf7,0xffff,0xffff,
  0xffff,0xffff,0xffff,0xffff,0xffff,0xffff,0xffff,0xffff,0xffff,0xffff,0xffff,0xffff,0xe71c,0xffff,0xffff,0xffff,
  0xffff,0xffff,0xffff,0xffff,0xffff,0xffff,0xffff,0xffff,0xffff,0xffff,0xffff,0xffff,0xffff,0xffff,0xffff,0xffff,
  0xffff,0xffff,0xffff,0xffff,0xffff,0xffff,0xffff,0xffff,0xffff,0xffff,0xffff,0xffff,0xffff,0x9cd3,0x0020,0x39c7,
  0xf7be,0xffff,0xffff,0xffff,0xffff,0xffff,0xffff,0xffff,0xffff,0xffff,0xffff,0xffff,0xffff,0xffff,0xffff,0xffff,
  0xffff,0xffff,0xffff,0xffff,0xffff,0xffff,0xffff,0xffff,0xffff,0xffff,0xffff,0xffff,0xffff,0xffff,0xffff,0xffff,
  0xffff,0xffff,0xffff,0xffff,0xffff,0xffff,0xffff,0xffff,0xffff,0xffff,0xffff,0xffff,0xffdf,0xffdf,0xffff,0xffff,
  0xffff,0xffff,0xffff,0xffff,0xffff,0xffff,0xffff,0xffff,0xffff,0xffff,0xffff,0xffff,0xffff,0xffff,0xffff,0xffff,
  0xffff,0xffff,0xffff,0xffff,0xffff,0xffff,0xffff,0xffff,0xffff,0xffff,0xffff,0xffff,0xffff,0xffff,0xffff,0xffff,
  0xffff,0xffff,0xffff,0xffff,0xffff,0xffff,0xffff,0xffff,0xffff,0xffff,0xffff,0xffdf,0xffff,0xffff,0xffff,0xffff,
  0xffff,0xffff,0xffff,0xffff,0xffff,0xffff,0xffff,0xffff,0xffff,0xffff,0xffff,0xffff,0xffff,0xffff,0xffff,0xffff,
  0xffff,0xffff,0xffff,0xffff,0xffff,0xffff,0xffff,0xffff,0xffff,0xffff,0xffff,0xffff,0xffff,0xffff,0xffff,0xffff,
  0xffff,0xffff,0xef7d,0xb596,0x6b6d,0x4208,0x632c,0xdefb,0xffff,0xffff,0xffff,0xffff,0xffff,0xffff,0xffff,0xffff,
  0xffff,0xffff,0xdf1e,0x22f4,0xef9e,0x2b35,0x01f2,0x2b55,0x6478,0x1ad4,0x0a53,0x0212,0xae1b,0xff30,0xf5e5,0xfe28,
  0xfe28,0xfe28,0xfe28,0xfe28,0xfe28,0xfe28,0xfe28,0xfe28,0xfe28,0xfe28,0xfe27,0xfe87,0x6bee,0x01f4,0x7c2d,0xc56a,
  0xfe27,0xf5e5,0xff30,0xae3b,0x0212,0x0a53,0x3b96,0x5c78,0x3355,0x1253,0x22f4,0xef9f,0x2315,0xd6fd,0xffff,0xffff,
  0xffff,0xffff,0xffff,0xffff,0xffff,0xffff,0xffff,0xffff,0xffff,0xffff,0xffff,0xffff,0xffff,0xffff,0xffdf,0xffff,
  0xffff,0xffff,0xffff,0xffff,0xffff,0xffff,0xffff,0xffff,0xffff,0xffff,0xffff,0xffff,0xffff,0xffff,0xffff,0xffff,
  0xffff,0xffff,0xffff,0xffff,0xffff,0xffff,0xffff,0xffff,0xffff,0xffff,0xffff,0xffff,0xffff,0xffff,0xe71c,0xf7be,
  0xffff,0xffff,0xffff,0xffff,0xffff,0xffff,0xffff,0xffff,0xffff,0xffff,0xffff,0xffff,0xffff,0xffff,0xffff,0xffff,
  0xffff,0xffff,0xffff,0xffff,0xffff,0xffff,0xffff,0xffff,0xffff,0xffff,0xffff,0xffff,0xffff,0xffff,0xffff,0xffff,
  0xffff,0xffff,0xffff,0xffff,0xffff,0xffff,0xffff,0xffff,0xffff,0xffff,0xffff,0xffff,0xffff,0xffff,0xffff,0xffff,
  0xffff,0xffff,0xffff,0xffff,0xffff,0xffff,0xffff,0xffff,0xffff,0xffff,0xffff,0xffff,0xffff,0xffff,0xffff,0xffff,
  0xffff,0xffff,0xffff,0xffff,0xffff,0xffff,0xffff,0xffff,0xffff,0xffff,0xffff,0xffff,0xffff,0xffff,0xffff,0xffff,
  0xffff,0xffff,0xffff,0xffff,0xffff,0xffff,0xffff,0xffff,0xffff,0xffff,0xffff,0xffff,0xffff,0xffff,0xffff,0xffff,
  0xffff,0xffff,0xffff,0xffff,0xffff,0xffff,0xffff,0xffff,0xffff,0xffff,0xffff,0xffff,0xffff,0xffff,0xffff,0xffff,
  0xffff,0xffff,0xffff,0xffff,0xffff,0xffff,0xffff,0xffff,0xffff,0xffff,0xffff,0xffff,0xffff,0xffff,0xffff,0xffff,
  0xffdf,0xffff,0xffff,0xffff,0xffff,0xffff,0xffff,0xffff,0xffff,0xffff,0xffff,0xffff,0xffff,0xffff,0xffff,0xffff,
  0xffff,0xffff,0xffff,0x6cd8,0x6498,0xd71d,0x01b2,0x43f6,0x22f4,0x3375,0x43d6,0x01f2,0x0233,0x95ba,0xff74,0xfe27,
  0xf606,0xfe28,0xfe28,0xfe28,0xfe28,0xfe28,0xfe28,0xfe28,0xfe28,0xfe28,0xf628,0x7c2d,0x3b30,0x844d,0xfe67,0xfe26,
  0xfe27,0xff73,0x9dda,0x0233,0x0232,0x5417,0x74d8,0x4bf7,0x3355,0x01b2,0xcefd,0x74d8,0x6498,0xffff,0xffff,0xffff,
  0xffff,0xffff,0xffff,0xffff,0xffff,0xffff,0xffff,0xffff,0xffff,0xffff,0xffff,0xffff,0xffff,0xffff,0xffff,0xffff,
  0xffff,0xffff,0xffff,0xffff,0xffff,0xffff,0xffff,0xffff,0xffff,0xffff,0xffff,0xffff,0xffff,0xffff,0xffff,0xffff,
  0xffff,0xffff,0xffff,0xffff,0xffff,0xffff,0xffff,0xffff,0xffff,0xffff,0xffff,0xffff,0xffff,0xffff,0xffff,0xffff,
  0xffff,0xffff,0xffff,0xffff,0xffff,0xffff,0xffff,0xffff,0xffff,0xffff,0xffff,0xffff,0xffff,0xffff,0xffff,0xffff,
  0xffff,0xffff,0xffff,0xffff,0xffff,0xffff,0xffff,0xffff,0xffff,0xffff,0xffff,0xffff,0xffff,0xffff,0xffff,0xffff,
  0xffff,0xffff,0xffff,0xffff,0xffff,0xffff,0xffff,0xffff,0xffff,0xffff,0xffff,0xffff,0xffff,0xffff,0xffff,0xffff,
  0xffff,0xffff,0xffff,0xffff,0xffff,0xffff,0xffff,0xffff,0xffff,0xffff,0xffff,0xffff,0xffff,0xffff,0xffff,0xffff,
  0xffff,0xffff,0xffff,0xffff,0xffff,0xffff,0xffff,0xffff,0xffff,0xffff,0xffff,0xffff,0xffff,0xffff,0xffff,0xffff,
  0xffff,0xffff,0xffff,0xffff,0xffff,0xffff,0xffff,0xffff,0xffff,0xffff,0xffff,0xffff,0xffff,0xffff,0xffff,0xffff,
  0xffff,0xffff,0xffff,0xffff,0xffff,0xffff,0xffff,0xffff,0xffff,0xffff,0xffff,0xffff,0xffff,0xffff,0xffff,0xffff,
  0xffff,0xffff,0xffff,0xffff,0xffff,0xffff,0xffff,0xffff,0xffff,0xffff,0xffff,0xffff,0xffff,0xffff,0xffff,0xffff,
  0xffff,0xffff,0xffff,0xffff,0xffdf,0xffff,0xffff,0xffff,0xffff,0xffff,0xffff,0xffff,0xffff,0xffff,0xffff,0xffff,
  0xffff,0xffff,0xffff,0xf7df,0x2315,0xbe9c,0x8d9a,0x01d2,0x2b35,0x3b96,0x6498,0x1af4,0x0253,0x01d2,0x6499,0xef39,
  0xfeed,0xfe26,0xf606,0xf627,0xfe28,0xfe28,0xfe28,0xfe28,0xfe28,0xfe48,0xcd8a,0x9cac,0xf607,0xfe06,0xfe26,0xfeed,
  0xef58,0x6cb9,0x01d2,0x0212,0x43d6,0x0a73,0x12b4,0x4c17,0x0171,0x8559,0xc6bd,0x1af4,0xf7bf,0xffff,0xffff,0xffff,
  0xffff,0xffff,0xffff,0xffff,0xffff,0xffff,0xffff,0xffff,0xffff,0xffff,0xffff,0xffff,0xffff,0xffff,0xffff,0xffff,
  0xffff,0xffff,0xffff,0xffff,0xffff,0xffff,0xffff,0xffff,0xffff,0xffff,0xffff,0xffff,0xffff,0xffff,0xffff,0xffff,
  0xffff,0xffff,0xffff,0xffff,0xffff,0xffff,0xffff,0xffff,0xffff,0xffff,0xffff,0xffff,0xffff,0xffff,0xffff,0xffff,
  0xffff,0xffff,0xffff,0xffff,0xffff,0xffff,0xffff,0xffff,0xffff,0xffff,0xffff,0xffff,0xffff,0xffff,0xffff,0xffff,
  0xffff,0xffff,0xffff,0xffff,0xffff,0xffff,0xffff,0xffff,0xffff,0xffff,0xffff,0xffff,0xffff,0xffff,0xffff,0xffff,
  0xffff,0xffff,0xffff,0xffff,0xffff,0xffff,0xffff,0xffff,0xffff,0xffff,0xffff,0xffff,0xffff,0xffff,0xffff,0xffff,
  0xffff,0xffff,0xffff,0xffff,0xffff,0xffff,0xffff,0xffff,0xffff,0xffff,0xffff,0xffff,0xffff,0xffff,0xffff,0xffff,
  0xffff,0xffff,0xffff,0xffff,0xffff,0xffff,0xffff,0xffff,0xffff,0xffff,0xffff,0xffff,0xffff,0xffff,0xffff,0xffff,
  0xffff,0xffff,0xffff,0xffff,0xffff,0xffff,0xffff,0xffff,0xffff,0xffff,0xffff,0xffff,0xffff,0xffff,0xffff,0xffff,
  0xffff,0xffff,0xffff,0xffff,0xffff,0xffff,0xffff,0xffff,0xffff,0xffff,0xffff,0xffff,0xffff,0xffff,0xffff,0xffff,
  0xffff,0xffff,0xffff,0xffff,0xffff,0xffff,0xffff,0xffff,0xffff,0xffff,0xffff,0xffff,0xffff,0xffff,0xffff,0xffff,
  0xffff,0xffff,0xffff,0xffff,0xffff,0xffff,0xffff,0xffff,0xffff,0xffff,0xffff,0xffff,0xffff,0xffff,0xffff,0xffff,
  0xffff,0xffff,0xffff,0xffff,0xcedd,0x12b4,0xef9e,0x5c57,0x01f2,0x2b55,0x6498,0x43b6,0x5c37,0x0a73,0x01b1,0x1ad5,
  0x95ba,0xf717,0xff0f,0xfe89,0xfe26,0xfe06,0xf606,0xf606,0xf606,0xf606,0xfe06,0xfe66,0xfe89,0xff0f,0xf737,0x9dda,
  0x22f5,0x0191,0x2315,0x3b96,0x5417,0x5c57,0x2b55,0x0191,0x5c37,0xf7bf,0x12d4,0xc6bd,0xffff,0xffff,0xffff,0xffff,
  0xffff,0xffff,0xffff,0xffff,0xffff,0xffff,0xffff,0xffff,0xffff,0xffff,0xffff,0xffff,0xffff,0xffff,0xffff,0xffff,
  0xffff,0xffff,0xffff,0xffff,0xffff,0xffff,0xffff,0xffff,0xffff,0xffff,0xffff,0xffff,0xffff,0xffff,0xffff,0xffff,
  0xffff,0xffff,0xffff,0xffff,0xffff,0xffff,0xffff,0xffff,0xffff,0xffff,0xffff,0xffff,0xffff,0xffff,0xffff,0xffff,
  0xffff,0xffff,0xffff,0xffff,0xffff,0xffff,0xffff,0xffff,0xffff,0xffff,0xffff,0xffff,0xffff,0xffff,0xffff,0xffff,
  0xffff,0xffff,0xffff,0xffff,0xffff,0xffff,0xffff,0xffff,0xffff,0xffff,0xffff,0xffff,0xffff,0xffff,0xffff,0xffff,
  0xffff,0xffff,0xffff,0xffff,0xffff,0xffff,0xffff,0xffff,0xffff,0xffff,0xffff,0xffff,0xffff,0xffff,0xffff,0xffff,
  0xffff,0xffff,0xffff,0xffff,0xffff,0xffff,0xffff,0xffff,0xffff,0xffff,0xffff,0xffff,0xffff,0xffff,0xffff,0xffff,
  0xffff,0xffff,0xffff,0xffff,0xffff,0xffff,0xffff,0xffff,0xffff,0xffff,0xffff,0xffff,0xffff,0xffff,0xffff,0xffff,
  0xffff,0xffff,0xffff,0xffff,0xffff,0xffff,0xffff,0xffff,0xffff,0xffff,0xffff,0xffff,0xffff,0xffff,0xffff,0xffff,
  0xffff,0xffff,0xffff,0xffff,0xffff,0xffff,0xffff,0xffff,0xffff,0xffff,0xffff,0xffff,0xffff,0xffff,0xffff,0xffff,
  0xffff,0xffff,0xffff,0xffff,0xffff,0xffff,0xffff,0xffff,0xffff,0xffff,0xffff,0xffff,0xffff,0xffff,0xffff,0xffff,
  0xffff,0xffff,0xffff,0xffff,0xffff,0xffff,0xffff,0xffff,0xffff,0xffff,0xffff,0xffff,0xffff,0xffff,0xffff,0xffff,
  0xffff,0xffff,0xffff,0xffff,0xffff,0x9dba,0x2315,0xf7df,0x4bf7,0x01b2,0x3b96,0x5c57,0x4bf6,0x3bb6,0x1ad4,0x0232,
  0x01d2,0x22f5,0x74f9,0xc659,0xeef6,0xff33,0xff10,0xff0f,0xff0f,0xff10,0xff33,0xeef6,0xc659,0x7cf9,0x2315,0x01d2,
  0x0232,0x4bd6,0x43d6,0x74d8,0x3375,0x3396,0x01f2,0x4bd6,0xffdf,0x2b35,0x959a,0xffff,0xffff,0xffff,0xffff,0xffff,
  0xffff,0xffff,0xffff,0xffff,0xffff,0xffff,0xffff,0xffff,0xffff,0xffff,0xffff,0xffff,0xffff,0xffff,0xffff,0xffff,
  0xffff,0xffff,0xffff,0xffff,0xffff,0xffff,0xffff,0xffff,0xffff,0xffff,0xffff,0xffff,0xffff,0xffff,0xffff,0xffff,
  0xffff,0xffff,0xffff,0xffff,0xffff,0xffff,0xffff,0xffff,0xffff,0xffff,0xffff,0xffff,0xffff,0xffff,0xffff,0xffff,
  0xffff,0xffff,0xffff,0xffff,0xffff,0xffff,0xffff,0xffff,0xffff,0xffff,0xffff,0xffff,0xffff,0xffff,0xffff,0xffff,
  0xffff,0xffff,0xffff,0xffff,0xffff,0xffff,0xffff,0xffff,0xffff,0xffff,0xffff,0xffff,0xffff,0xffff,0xffff,0xffff,
  0xffff,0xffff,0xffff,0xffff,0xffff,0xffff,0xffff,0xffff,0xffff,0xffff,0xffff,0xffff,0xffff,0xffff,0xffff,0xffff,
  0xffff,0xffff,0xffff,0xffff,0xffff,0xffff,0xffff,0xffff,0xffff,0xffff,0xffff,0xffff,0xffff,0xffff,0xffff,0xffff,
  0xffff,0xffff,0xffff,0xffff,0xffff,0xffff,0xffff,0xffff,0xffff,0xffff,0xffff,0xffff,0xffff,0xffff,0xffff,0xffff,
  0xffff,0xffff,0xffff,0xffff,0xffff,0xffff,0xffff,0xffff,0xffff,0xffff,0xffff,0xffff,0xffff,0xffff,0xffff,0xffff,
  0xffff,0xffff,0xffff,0xffff,0xffff,0xffff,0xffff,0xffff,0xffff,0xffff,0xffff,0xffff,0xffff,0xffff,0xffff,0xffff,
  0xffff,0xffff,0xffff,0xffff,0xffff,0xffff,0xffff,0xffff,0xffff,0xffff,0xffff,0xffff,0xffff,0xffff,0xffff,0xffff,
  0xffff,0xffff,0xffff,0xffff,0xffff,0xffff,0xffff,0xffff,0xffff,0xffff,0xffff,0xffff,0xffff,0xffff,0xffff,0xffff,
  0xffff,0xffff,0xffff,0xffff,0xffff,0xffff,0x7d19,0x2b35,0xf7df,0x5c57,0x0212,0x22d4,0x3bb6,0x5417,0x3375,0x5c37,
  0x1af4,0x0232,0x01b1,0x0213,0x12d5,0x3397,0x5c58,0x6cb8,0x6cb8,0x5c58,0x3bb7,0x1af5,0x0213,0x01b1,0x0253,0x12b4,
  0x0a73,0x5437,0x3b96,0x2b35,0x4bf7,0x0191,0x5417,0xf7df,0x3355,0x74f9,0xffff,0xffff,0xffff,0xffff,0xffff,0xffff,
  0xffff,0xffff,0xffff,0xffff,0xffff,0xffff,0xffff,0xffff,0xffff,0xffdf,0xffff,0xf7be,0xf7be,0xffff,0xffdf,0xffff,
  0xffdf,0xffdf,0xffdf,0xffff,0xf7be,0xffff,0xf7be,0xffdf,0xffdf,0xffff,0xffff,0xf7be,0xffdf,0xffff,0xf7be,0xffff,
  0xffff,0xffff,0xffff,0xffff,0xffff,0xffff,0xf7be,0xffff,0xffff,0xffff,0xf7be,0xffdf,0xffff,0xffff,0xffff,0xffff,
  0xffff,0xf7be,0xffff,0xffdf,0xffff,0xffdf,0xffdf,0xffdf,0xffff,0xffff,0xffff,0xffdf,0xf7be,0xffdf,0xf7be,0xffff,
  0xffdf,0xffdf,0xffff,0xffff,0xffdf,0xffff,0xffdf,0xffdf,0xf7be,0xffff,0xffdf,0xf79e,0xffff,0xffff,0xf7be,0xffff,
  0xffdf,0xf7be,0xffff,0xffff,0xffff,0xffff,0xef5d,0xf7be,0xffff,0xffff,0xffdf,0xffff,0xf7be,0xffff,0xf79e,0xffff,
  0xffff,0xf79e,0xffff,0xf7be,0xffff,0xffff,0xffff,0xffdf,0xffdf,0xffdf,0xffff,0xffff,0xffff,0xffff,0xffff,0xffff,
  0xffff,0xef5d,0xffff,0xffff,0xffff,0xf7be,0xffff,0xffff,0xf79e,0xffdf,0xffff,0xffff,0xffff,0xffff,0xffff,0xffff,
  0xf79e,0xffff,0xffdf,0xf7be,0xffff,0xf7be,0xffff,0xffdf,0xf79e,0xffff,0xffff,0xffff,0xffff,0xffff,0xef5d,0xffdf,
  0xffff,0xffdf,0xffff,0xffff,0xf7be,0xffdf,0xffff,0xffdf,0xf7be,0xffff,0xffff,0xffff,0xffdf,0xf7be,0xffdf,0xffff,
  0xffff,0xffdf,0xef5d,0xffff,0xffff,0xffff,0xf7be,0xffff,0xf7be,0xffff,0xffff,0xffff,0xffff,0xffff,0xf7be,0xef5d,
  0xffff,0xffff,0xffff,0xffff,0xffff,0xffdf,0xe73c,0xffdf,0xffff,0xffff,0xffdf,0xffff,0xffdf,0xffff,0xffdf,0xf7be,
  0xffff,0xffff,0xffff,0xffff,0xffff,0xffff,0xffff,0x7d19,0x2315,0xe77e,0x957a,0x01b2,0x1ad4,0x12b4,0x5c37,0x4bf6,
  0x3bb6,0x74d8,0x2b35,0x1ad4,0x0a73,0x0212,0x01f2,0x01d2,0x01b2,0x01f2,0x0212,0x0212,0x2314,0x2b55,0x6478,0x3355,
  0x0233,0x0212,0x5c57,0x0233,0x01d2,0x8539,0xe77e,0x2b35,0x74f9,0xffff,0xffff,0xffff,0xffff,0xffff,0xffff,0xffff,
  0xffff,0xffff,0xffff,0xffff,0xffff,0xffff,0xffff,0xffff,0xffff,0x7bef,0x31a6,0xe73c,0xad55,0x3186,0xad75,0xffff,
  0x9492,0xce59,0xb596,0x3186,0xad75,0xffdf,0x94b2,0xa534,0xef5d,0x528a,0x528a,0xe71c,0x9cf3,0x31a6,0xbdd7,0xffff,
  0xffff,0xffdf,0x9492,0xffff,0xffff,0xffdf,0x8c51,0x3186,0xce59,0xffff,0x8c71,0xad75,0xffff,0xffff,0xffff,0xffff,
  0xffff,0xce59,0x31a6,0x8c51,0xf7be,0xb5b6,0x8c51,0xef5d,0x5aeb,0x4228,0xf79e,0xf79e,0x73ae,0xdedb,0xce79,0x3186,
  0x8c71,0xef5d,0x4a49,0x528a,0xf79e,0xffff,0x8430,0xad75,0xdefb,0x31a6,0x738e,0xa534,0x52aa,0xe73c,0xdedb,0x31a6,
  0x8430,0x9492,0x630c,0xef7d,0xffff,0xa514,0x9cf3,0x9cf3,0x8c51,0xf79e,0x8430,0x3186,0xdedb,0x9cf3,0x8c51,0x632c,
  0x4a69,0x94b2,0x8410,0xd69a,0x2965,0x8410,0xffff,0xef5d,0x738e,0xe73c,0xffff,0xffff,0xffff,0xffff,0xffff,0xbdd7,
  0x630c,0xb596,0x6b6d,0xad55,0xffff,0xdedb,0x39e7,0x6b4d,0xa534,0x630c,0xce79,0xffff,0xffff,0xffff,0xffff,0x73ae,
  0x9cd3,0x4228,0x738e,0x8410,0xad55,0xce59,0x31a6,0x8430,0x9cf3,0x5aeb,0xf79e,0xffff,0xb596,0x528a,0xa514,0x94b2,
  0x7bef,0xef5d,0x632c,0x39e7,0xe71c,0xb596,0x3186,0xad55,0xe73c,0x4a49,0x528a,0xffff,0xef5d,0x73ae,0xe71c,0xffff,
  0x9492,0x7bcf,0xb596,0x630c,0xd69a,0xffff,0xad75,0x31a6,0xa534,0xffdf,0xffff,0xffff,0xffff,0x8c71,0x7bef,0xad75,
  0x630c,0xd6ba,0xffff,0xffff,0x9cd3,0x632c,0xb596,0x8c71,0x738e,0xf7be,0x7bef,0x3186,0xce79,0xffff,0xad75,0x8430,
  0xffff,0xffff,0xffff,0xffff,0xffff,0xffff,0xffff,0xffff,0x9dba,0x1ab4,0xb65c,0xcefd,0x2b15,0x01b2,0x43b6,0x2b55,
  0x6cb8,0x7d19,0x2b55,0x6498,0x43b6,0x5417,0x4c17,0x5417,0x5437,0x3375,0x0a73,0x3375,0x3b96,0x4bf7,0x8539,0x3375,
  0x0233,0x0233,0x01b2,0x2b15,0xcedd,0xbe7c,0x1ad4,0x957a,0xffff,0xffff,0xffff,0xffff,0xffff,0xffff,0xffff,0xffff,
  0xffff,0xffff,0xffff,0xffff,0xffff,0xffff,0xffff,0xffff,0xffff,0xce59,0x0000,0xbdf7,0xffdf,0x0000,0x73ae,0xffff,
  0x9cf3,0xffff,0xc638,0x0000,0xce79,0xffff,0xc638,0xc638,0xffff,0x3186,0x31a6,0xffff,0xb5b6,0x0000,0xdefb,0xffff,
  0xffff,0xb5b6,0x0000,0xdedb,0xffff,0xffff,0xce59,0x1082,0x10a2,0xf79e,0xce59,0xd69a,0xffff,0xffff,0xffff,0xffff,
  0xffff,0xef7d,0x0000,0x9cd3,0xffff,0xdefb,0xb596,0xffff,0x9492,0x0000,0x4a69,0xffff,0xad75,0xf7be,0xffdf,0x0000,
  0x94b2,0xffff,0x8410,0x0000,0xef5d,0xffff,0xa514,0xf79e,0xffff,0x0000,0x8c51,0xffff,0xb596,0xdefb,0xffff,0x0000,
  0x9cd3,0xffff,0x0000,0x7bcf,0xffff,0x1082,0xce79,0xffff,0x9cf3,0xffff,0x94b2,0x0000,0xffdf,0xc618,0xffff,0x5acb,
  0x2104,0xffff,0xbdd7,0xffff,0x4a49,0x18c3,0xffff,0xd69a,0xb596,0xffff,0xffff,0xffff,0xffff,0xffff,0xdedb,0x0000,
  0xa534,0xffff,0xc618,0x0000,0xce59,0xffff,0x0841,0x73ae,0xffff,0xc618,0xd6ba,0xffff,0xffff,0xffff,0xffdf,0xc618,
  0xffff,0x0861,0x7bcf,0xffdf,0xce59,0xef5d,0x0000,0xbdd7,0xffff,0xad55,0xf79e,0xce59,0x0000,0xc618,0xffff,0xf7be,
  0x8c71,0xffff,0x5acb,0x18c3,0xffff,0xdedb,0x0000,0xc638,0xffff,0x7bcf,0x0000,0x632c,0xffff,0xa534,0xffff,0xa514,
  0x0000,0xe73c,0xffff,0x7bcf,0x10a2,0xffdf,0xd69a,0x0000,0xc638,0xffff,0xffdf,0xffff,0x9cd3,0x0000,0xef5d,0xffff,
  0x73ae,0x18c3,0xffff,0xa534,0x0000,0xe71c,0xffff,0xf79e,0x7bef,0xffff,0xdefb,0x0000,0x8410,0xffff,0xa514,0xe73c,
  0xffff,0xffff,0xffff,0xffff,0xffff,0xffff,0xffff,0xffff,0xffff,0xcedd,0x2b15,0x6478,0xe75e,0x9dba,0x12b4,0x0212,
  0x1ad4,0x3b96,0x2b35,0x6498,0x6498,0x2b35,0x4bf7,0x12b4,0x4bf6,0x5417,0x01d2,0x2b55,0x5437,0x3376,0x3b96,0x0a93,
  0x01b1,0x1ad4,0x959a,0xe75e,0x6c98,0x2314,0xc6bc,0xffff,0xffff,0xffff,0xffff,0xffff,0xffff,0xffff,0xffff,0xffff,
  0xffff,0xffff,0xffff,0xffff,0xffff,0xffff,0xffff,0xffff,0xffff,0xffff,0x3186,0x4228,0xffff,0x2965,0x2104,0xdefb,
  0xb5b6,0xffff,0xbdf7,0x0000,0xce59,0xffff,0xc638,0xc638,0xffff,0x4208,0x2965,0xc638,0x8430,0x0000,0xdedb,0xffff,
  0xffdf,0xa514,0x18c3,0x6b4d,0xffff,0xffff,0xce59,0xc638,0x18c3,0x4228,0xce59,0xd6ba,0xffff,0xffff,0xffff,0xffff,
  0xffff,0xef5d,0x0000,0x9cd3,0xffff,0xdefb,0xb596,0xffff,0xbdd7,0xb596,0x0000,0x8430,0xc638,0xf79e,0xf7be,0x0000,
  0x9cd3,0xffff,0xf79e,0x0841,0x8c51,0xef7d,0xb596,0xffff,0xf79e,0x1082,0x632c,0x8410,0xf7be,0xffff,0xf79e,0x0841,
  0x8430,0xd69a,0x10a2,0xa534,0xffff,0x4228,0x0000,0x73ae,0xf79e,0xffff,0x9492,0x0020,0xf79e,0xffff,0xffff,0x5acb,
  0x2945,0xffff,0xffff,0xffff,0xe73c,0x0000,0x8410,0xad75,0xf7be,0xffff,0xffff,0xffff,0xffdf,0xffff,0x8410,0x0000,
  0xef5d,0xffff,0xf7be,0x0841,0x6b4d,0xffff,0x18c3,0x632c,0x8c71,0xd69a,0xffff,0xffff,0xffff,0xffff,0xffff,0xffff,
  0xffff,0x18c3,0x73ae,0xffff,0xffff,0xdefb,0x0020,0x7bef,0x8430,0xffff,0xffff,0x52aa,0x18e3,0xffff,0xffff,0xffff,
  0xffff,0xffff,0x630c,0x18e3,0xc638,0x9cf3,0x0000,0xce59,0xffff,0xbdd7,0xa514,0x0000,0x9cd3,0xbdf7,0xffff,0x39c7,
  0x2965,0xffff,0xffff,0xce59,0x0000,0xc638,0xdefb,0x0000,0xc618,0xffff,0xffdf,0xffff,0x2965,0x31a6,0xffff,0xffff,
  0xc618,0x0000,0xce59,0x39e7,0x3186,0xffff,0xffdf,0xffff,0xffff,0xffdf,0xffff,0x7bcf,0x0020,0xad75,0xc618,0xffff,
  0xffff,0xffff,0xffff,0xffff,0xffff,0xffff,0xffff,0xffff,0xffff,0xffff,0xffff,0x74b8,0x2b14,0x8d7a,0xdf3e,0xa5fb,
  0x3b76,0x0233,0x0233,0x0253,0x22f4,0x0a93,0x3b96,0x0a73,0x1ad4,0x3355,0x01f2,0x01f2,0x0253,0x0212,0x0212,0x3b96,
  0xa5fb,0xdf3e,0x959a,0x2b15,0x6c98,0xf7df,0xffff,0xffff,0xffff,0xffff,0xffff,0xffff,0xffff,0xffff,0xffff,0xffff,
  0xffff,0xffff,0xffff,0xffff,0xffff,0xffff,0xffff,0xffff,0xffdf,0xffff,0xa514,0x0000,0x94b2,0xbdd7,0x0000,0x632c,
  0xef5d,0xffff,0xbdf7,0x0000,0xce79,0xffff,0xc638,0xce59,0xffff,0x4208,0x2965,0xc638,0x8410,0x0000,0xd6ba,0xffff,
  0xc638,0xb5b6,0x738e,0x0020,0xf79e,0xffff,0xbdf7,0xe73c,0xd69a,0x0000,0x39c7,0xe71c,0xffff,0xffff,0xffff,0xffff,
  0xffff,0xef5d,0x0000,0x9cd3,0xffff,0xdedb,0xb5b6,0xffff,0xa534,0xffff,0x94b2,0x0000,0x6b4d,0xffff,0xf79e,0x0000,
  0x9cd3,0xffff,0xffff,0x632c,0x18e3,0xa534,0xef7d,0xffff,0xf7be,0x1082,0x5aeb,0x73ae,0xf79e,0xffff,0xf79e,0x0861,
  0x630c,0x1082,0x632c,0xffff,0xf7be,0xf7be,0x7bcf,0x0000,0x31a6,0xffff,0x94b2,0x0020,0xf79e,0xffff,0xffff,0x5acb,
  0x2945,0xffff,0xffff,0xffff,0xffff,0x738e,0x0000,0xd6ba,0xffff,0xffff,0xffff,0xffff,0xffdf,0xffff,0x7bef,0x0000,
  0xef5d,0xffff,0xf7be,0x0841,0x632c,0xffff,0x18c3,0x5aeb,0x73ae,0xce79,0xffff,0xffff,0xffff,0xffff,0xffff,0xffff,
  0xffff,0x18c3,0x73ae,0xffff,0xffff,0xdefb,0x0020,0x738e,0x7bef,0xffff,0xffff,0x4208,0x2104,0xffff,0xffff,0xffff,
  0xffff,0xffff,0x630c,0x18c3,0xc638,0x9cd3,0x0000,0xce59,0xffff,0xa534,0xffff,0x73ae,0x0000,0x7bcf,0xffff,0x3186,
  0x3186,0xffff,0xffff,0xce79,0x0000,0xc618,0xdefb,0x0000,0xc618,0xffff,0xffdf,0xffff,0x2965,0x39c7,0xffff,0xffff,
  0xc618,0x0000,0xc618,0x31a6,0x39c7,0xffff,0xef7d,0x9cd3,0x8c51,0xe71c,0xffff,0xf79e,0x1082,0x4228,0xffff,0xffff,
  0xffff,0xffff,0xffff,0xffff,0xffff,0xffff,0xffff,0xffff,0xffff,0xffff,0xffff,0xffff,0xd71d,0x5c17,0x3335,0x7cf9,
  0xc6bd,0xd6fd,0xa5db,0x6498,0x3355,0x1ad4,0x0a73,0x0253,0x0253,0x0a73,0x1af4,0x3b96,0x6478,0x9ddb,0xd6fd,0xc6bd,
  0x7cf9,0x3335,0x5417,0xd6fd,0xffff,0xffff,0xffff,0xffff,0xffff,0xffff,0xffff,0xffff,0xffff,0xffff,0xffff,0xffff,
  0xffff,0xffff,0xffff,0xffff,0xffff,0xffff,0xffff,0xffff,0xffff,0xffff,0xf7be,0x0020,0x6b6d,0xffff,0x2124,0x4a69,
  0xffff,0xffff,0xce59,0x0000,0xce59,0xffff,0xad55,0xd69a,0xffff,0x39c7,0x39c7,0xffff,0xbdd7,0x0000,0xdefb,0xffff,
  0x9cf3,0xc618,0xbdf7,0x0020,0x8410,0xffff,0xc638,0xd6ba,0xffff,0x9cf3,0x0000,0xdefb,0xffff,0xffff,0xffff,0xffff,
  0xffff,0xf79e,0x0000,0x9492,0xffff,0xc638,0xbdd7,0xffff,0xb596,0xf79e,0xffff,0x5acb,0x10a2,0xffff,0xf7be,0x0000,
  0x9cf3,0xffff,0xffff,0xdedb,0x0000,0x9492,0xffff,0xffff,0xffdf,0x0000,0x9492,0xffff,0xdefb,0xc638,0xffff,0x0000,
  0xad55,0xa534,0x0000,0xce79,0xef7d,0xad55,0xffff,0xd69a,0x0020,0xffdf,0x9cf3,0x0000,0xf7be,0xffff,0xffff,0x5acb,
  0x2124,0xffff,0xffff,0xffdf,0xffff,0xad55,0x0000,0xef7d,0xffff,0xffff,0xffff,0xffff,0xffff,0xffff,0xce79,0x0000,
  0xbdf7,0xffff,0xd6ba,0x0000,0xc618,0xffff,0x0861,0x7bef,0xffff,0xe73c,0xffff,0xffff,0xffff,0xffff,0xffff,0xffff,
  0xffff,0x1082,0x73ae,0xffff,0xffff,0xe73c,0x0000,0xc618,0xffff,0xd69a,0xdefb,0xa514,0x0000,0xdefb,0xffff,0xffff,
  0xdedb,0xffff,0x5aeb,0x18e3,0xffff,0xdedb,0x0000,0xce79,0xffff,0xad75,0xffff,0xffff,0x39e7,0x2945,0xffff,0x8c51,
  0x0000,0xf7be,0xffff,0x8c71,0x0020,0xf7be,0xd6ba,0x0000,0xc638,0xffff,0xce79,0xd69a,0x9492,0x0000,0xffdf,0xffff,
  0x8c51,0x0841,0xffdf,0x8410,0x0000,0xffdf,0xffff,0x528a,0x0020,0xffdf,0xffff,0xffff,0x2945,0x5acb,0xffff,0xffdf,
  0xffff,0xffff,0xffff,0xffff,0xffff,0xffff,0xffff,0xffff,0xffff,0xffff,0xffff,0xffff,0xffff,0xffff,0xdf3e,0x7cf9,
  0x3b96,0x43b6,0x74d8,0xa5fb,0xc6bc,0xcedd,0xcefd,0xd6fd,0xd6fd,0xcefd,0xcedd,0xc69c,0xa5fb,0x74d9,0x43d6,0x3b76,
  0x74d9,0xdf3e,0xffff,0xffff,0xffff,0xffff,0xffff,0xffff,0xffff,0xffff,0xffff,0xffff,0xffff,0xffff,0xffff,0xffff,
  0xffff,0xffff,0xffff,0xffff,0xffff,0xffff,0xffff,0xffff,0xffff,0xffff,0xffff,0x8410,0xce59,0xffff,0x94b2,0xb5b6,
  0xffff,0xffff,0xffdf,0x52aa,0x528a,0xa514,0xa534,0xf7be,0xef7d,0x4208,0x4208,0xef7d,0x9cd3,0x18e3,0xce59,0xce79,
  0x738e,0xffff,0xffff,0x4a69,0x2965,0xe73c,0x9cd3,0xad75,0xffff,0xffff,0x8410,0xd69a,0xffff,0xffff,0xffff,0xffff,
  0xffff,0xffff,0x7bef,0x39c7,0x9cf3,0x9cd3,0xef5d,0xf79e,0x7bcf,0xd69a,0xffff,0xf7be,0x73ae,0xffff,0xd69a,0x18e3,
  0x8c51,0xffdf,0xffff,0xffff,0x6b6d,0xe71c,0xffff,0xffff,0xdedb,0x2104,0x632c,0xb5b6,0x630c,0xb5b6,0xe73c,0x18e3,
  0x8410,0xffff,0x528a,0x39e7,0xdedb,0x52aa,0xb5b6,0xad75,0x8c51,0xffdf,0x8410,0x18e3,0xd6ba,0xffff,0xf7be,0x5acb,
  0x3186,0xef5d,0xffff,0xffff,0xffdf,0x8c51,0x2104,0xce59,0xffff,0xffff,0xffff,0xffff,0xffff,0xffff,0xffff,0x94b2,
  0x5acb,0xb5b6,0x630c,0x8c51,0xffff,0xe71c,0x2945,0x632c,0xf7be,0xffff,0xffff,0xffff,0xffff,0xffff,0xffff,0xffff,
  0xe73c,0x2945,0x6b4d,0xf7be,0xffff,0xc618,0x18e3,0x7bef,0xb5b6,0x52aa,0xce59,0xffff,0x73ae,0x528a,0xa534,0x9cf3,
  0xbdf7,0xf7be,0x5acb,0x2965,0xef5d,0xb5b6,0x18e3,0xad75,0xef7d,0x73ae,0xe73c,0xffff,0xe73c,0x73ae,0xffff,0xffff,
  0x6b6d,0x7bef,0xb5b6,0x4a69,0xbdd7,0xffff,0xad75,0x18e3,0x8c71,0xb5b6,0x52aa,0xce59,0xffff,0x632c,0x7bef,0xb5b6,
  0x4a69,0xbdf7,0xffff,0xffdf,0x6b6d,0x738e,0xbdf7,0x5acb,0x632c,0xffff,0xffff,0xef5d,0x31a6,0x528a,0xf79e,0xffff,
  0xffff,0xffff,0xffff,0xffff,0xffff,0xffff,0xffff,0xffff,0xffff,0xffff,0xffff,0xffff,0xffff,0xffff,0xffff,0xffff,
  0xffff,0xcedd,0x8539,0x53f7,0x3375,0x2b55,0x2b55,0x2b55,0x2b55,0x2b55,0x2b55,0x3375,0x4bf7,0x8539,0xcedd,0xffff,
  0xffff,0xffff,0xffff,0xffff,0xffff,0xffff,0xffff,0xffff,0xffff,0xffff,0xffff,0xffff,0xffff,0xffff,0xffff,0xffff,
  0xffff,0xffff,0xffff,0xffff,0xffff,0xffff,0xffff,0xffff,0xffff,0xffff,0xffff,0xffff,0xffff,0xffff,0xffff,0xffff,
  0xffff,0xffff,0xffff,0xffff,0xd6ba,0xd6ba,0xffff,0xffff,0xf79e,0xef7d,0xef7d,0xf79e,0xef7d,0xf79e,0xef7d,0xef7d,
  0xe73c,0xf7be,0xf7be,0xef7d,0xef7d,0xf79e,0xef5d,0xef5d,0xffff,0xffff,0xffff,0xffdf,0xffff,0xffff,0xffff,0xffff,
  0xffff,0xffff,0xffff,0xdefb,0xce79,0xffdf,0xffff,0xf7be,0xe73c,0xef7d,0xffff,0xffff,0xffff,0xffff,0xef7d,0xf79e,
  0xef5d,0xffdf,0xffff,0xffff,0xffff,0xffff,0xffff,0xffff,0xef7d,0xef7d,0xef5d,0xe71c,0xe73c,0xffff,0xef7d,0xf79e,
  0xef5d,0xffdf,0xffff,0xef5d,0xf79e,0xffff,0xdefb,0xd6ba,0xffff,0xffdf,0xef5d,0xf79e,0xef7d,0xffff,0xf7be,0xef5d,
  0xef7d,0xf79e,0xffff,0xffff,0xffdf,0xef5d,0xf79e,0xef5d,0xffff,0xffff,0xffff,0xffff,0xffff,0xffff,0xffff,0xffff,
  0xef7d,0xce79,0xef5d,0xffff,0xffff,0xef7d,0xef7d,0xef5d,0xffdf,0xffff,0xffff,0xffff,0xffff,0xffff,0xffff,0xffff,
  0xef7d,0xef7d,0xef5d,0xf7be,0xffff,0xef5d,0xf79e,0xe73c,0xdefb,0xef5d,0xffff,0xffff,0xffff,0xe73c,0xce79,0xef5d,
  0xffff,0xf7be,0xef5d,0xef7d,0xf79e,0xef7d,0xf79e,0xef5d,0xf79e,0xe73c,0xf79e,0xffff,0xffff,0xffff,0xffff,0xffff,
  0xffff,0xdefb,0xd69a,0xffdf,0xffff,0xffff,0xef5d,0xf79e,0xe73c,0xe71c,0xef5d,0xffff,0xffff,0xffff,0xdefb,0xd69a,
  0xffdf,0xffff,0xffff,0xffff,0xffff,0xe71c,0xd69a,0xe73c,0xffff,0xffff,0xffff,0xef7d,0xef7d,0xef5d,0xf7be,0xffff,
};

#define LOGO_XIAOMI_W 186
#define LOGO_XIAOMI_H 48
static const uint16_t logo_xiaomi_bits[8928] = {
  0xffff,0xffff,0xffff,0xffff,0xffff,0xffff,0xffff,0xffdf,0xffff,0xfffe,0xffff,0xffff,0xffff,0xffde,0xfef8,0xfe75,
  0xf5d2,0xfd0d,0xfcaa,0xfc68,0xfc48,0xfc27,0xfc28,0xfc48,0xfc48,0xfc47,0xfc27,0xfc48,0xfc48,0xfc68,0xfcaa,0xf50c,
  0xfd90,0xfe34,0xfef8,0xffbd,0xffff,0xffff,0xffff,0xffff,0xffff,0xffff,0xffff,0xffff,0xffff,0xffff,0xffff,0xffff,
  0xffff,0xffff,0xffff,0xffff,0xffff,0xffff,0xffff,0xffff,0xffff,0xffff,0xffff,0xffff,0xffff,0xffff,0xffff,0xffff,
  0xffff,0xffff,0xffff,0xffff,0xffff,0xffff,0xffff,0xffff,0xffff,0xffff,0xffff,0xffff,0xffff,0xffff,0xffff,0xffff,
  0xffff,0xffff,0xffff,0xffff,0xffff,0xffff,0xffff,0xffff,0xffff,0xffff,0xffff,0xffff,0xffff,0xffff,0xffff,0xffff,
  0xffff,0xffff,0xffff,0xffff,0xffff,0xffff,0xffff,0xffff,0xffff,0xffff,0xffff,0xffff,0xffff,0xffff,0xffff,0xffff,
  0xffff,0xffff,0xffff,0xffff,0xffff,0xffff,0xffff,0xffff,0xffff,0xffff,0xffff,0xffff,0xffff,0xffff,0xffff,0xffff,
  0xffff,0xffff,0xffff,0xffff,0xffff,0xffff,0xffff,0xffff,0xffff,0xffff,0xffff,0xffff,0xffff,0xffff,0xffff,0xffff,
  0xffff,0xffff,0xffff,0xffff,0xffff,0xffff,0xffff,0xffff,0xffff,0xffff,0xffff,0xffff,0xffff,0xffff,0xffff,0xffff,
  0xffff,0xffff,0xffff,0xffff,0xffff,0xffff,0xffff,0xffff,0xffff,0xffff,0xffff,0xffff,0xffff,0xffff,0xffff,0xffff,
  0xffff,0xffff,0xffff,0xffff,0xffff,0xffff,0xffff,0xffff,0xffff,0xffff,0xffff,0xffff,0xffff,0xffff,0xffff,0xffff,
  0xffff,0xffff,0xffff,0xffff,0xffbe,0xfe55,0xfcec,0xfc06,0xfb62,0xfb20,0xfb00,0xfb00,0xfb00,0xfb00,0xfb00,0xfb20,
  0xfb20,0xfb20,0xfb20,0xfb20,0xfb00,0xfb20,0xfb20,0xfb00,0xfb00,0xfb00,0xfb00,0xfb00,0xfb62,0xfbc4,0xf4ca,0xfe12,
  0xff7c,0xffff,0xffff,0xffff,0xffff,0xffff,0xffff,0xffff,0xffff,0xffff,0xffff,0xffff,0xffff,0xffff,0xffff,0xffff,
  0xffff,0xffff,0xffff,0xffff,0xffff,0xffff,0xffff,0xffff,0xffff,0xffff,0xffff,0xffff,0xffff,0xffff,0xffff,0xffff,
  0xffff,0xffff,0xffff,0xffff,0xffff,0xffff,0xffff,0xffff,0xffff,0xffff,0xffff,0xffff,0xffff,0xffff,0xffff,0xffff,
  0xffff,0xffff,0xffff,0xffff,0xffff,0xffff,0xffff,0xffff,0xffff,0xffff,0xffff,0xffff,0xffff,0xffff,0xffff,0xffff,
  0xffff,0xffff,0xffff,0xffff,0xffff,0xffff,0xffff,0xffff,0xffff,0xffff,0xffff,0xffff,0xffff,0xffff,0xffff,0xffff,
  0xffff,0xffff,0xffff,0xffff,0xffff,0xffff,0xffff,0xffff,0xffff,0xffff,0xffff,0xffff,0xffff,0xffff,0xffff,0xffff,
  0xffff,0xffff,0xffff,0xffff,0xffff,0xffff,0xffff,0xffff,0xffff,0xffff,0xffff,0xffff,0xffff,0xffff,0xffff,0xffff,
  0xffff,0xffff,0xffff,0xffff,0xffff,0xffff,0xffff,0xffff,0xffff,0xffff,0xffff,0xffff,0xffff,0xffff,0xffff,0xffff,
  0xffff,0xffff,0xffff,0xffff,0xffff,0xffff,0xffff,0xffff,0xffff,0xffff,0xffff,0xffff,0xffff,0xffff,0xffff,0xffff,
  0xffff,0xffff,0xffff,0xffff,0xffff,0xffff,0xffff,0xffff,0xffff,0xffff,0xffff,0xffff,0xffbe,0xfdb1,0xf3c4,0xfb00,
  0xfae0,0xfb20,0xfb40,0xfb40,0xfb40,0xfb41,0xfb41,0xfb40,0xfb60,0xfb40,0xfb40,0xfb40,0xfb40,0xfb40,0xfb40,0xfb40,
  0xfb40,0xfb40,0xfb41,0xfb41,0xfb41,0xfb21,0xfb41,0xfb20,0xfb00,0xfae0,0xfb83,0xf54e,0xff7c,0xffff,0xffff,0xffff,
  0xffff,0xffff,0xffff,0xffff,0xffff,0xffff,0xffff,0xffff,0xffff,0xffff,0xffff,0xffff,0xffff,0xffff,0xffff,0xffff,
  0xffff,0xffff,0xffff,0xffff,0xffff,0xffff,0xffff,0xffff,0xffff,0xffff,0xffff,0xffff,0xffff,0xffff,0xffff,0xffff,
  0xffff,0xffff,0xffff,0xffff,0xffff,0xffff,0xffff,0xffff,0xffff,0xffff,0xffff,0xffff,0xffff,0xffff,0xffff,0xffff,
  0xffff,0xffff,0xffff,0xffff,0xffff,0xffff,0xffff,0xffff,0xffff,0xffff,0xffff,0xffff,0xffff,0xffff,0xffff,0xffff,
  0xffff,0xffff,0xffff,0xffff,0xffff,0xffff,0xffff,0xffff,0xffff,0xffff,0xffff,0xffff,0xffff,0xffff,0xffff,0xffff,
  0xffff,0xffff,0xffff,0xffff,0xffff,0xffff,0xffff,0xffff,0xffff,0xffff,0xffff,0xffff,0xffff,0xffff,0xffff,0xffff,
  0xffff,0xffff,0xffff,0xffff,0xffff,0xffff,0xffff,0xffff,0xffff,0xffff,0xffff,0xffff,0xffff,0xffff,0xffff,0xffff,
  0xffff,0xffff,0xffff,0xffff,0xffff,0xffff,0xffff,0xffff,0xffff,0xffff,0xffff,0xffff,0xffff,0xffff,0xffff,0xffff,
  0xffff,0xffff,0xffff,0xffff,0xffff,0xffff,0xffff,0xffff,0xffff,0xffff,0xffff,0xffff,0xffff,0xffff,0xffff,0xffff,
  0xffff,0xffff,0xffff,0xffff,0xffff,0xf696,0xfbe5,0xfb00,0xfb00,0xfb40,0xfb60,0xfb40,0xfb40,0xfb40,0xfb40,0xfb40,
  0xfb40,0xfb40,0xfb40,0xfb40,0xfb40,0xfb40,0xfb40,0xfb40,0xfb40,0xfb40,0xfb40,0xfb40,0xfb40,0xfb40,0xfb40,0xfb40,
  0xfb40,0xfb40,0xfb60,0xfb41,0xfb20,0xfae0,0xfb83,0xf5d2,0xffff,0xffff,0xffff,0xffff,0xffff,0xffff,0xffff,0xffff,
  0xffff,0xffff,0xffff,0xffff,0xffff,0xffff,0xffff,0xffff,0xffff,0xffff,0xffff,0xffff,0xffff,0xffff,0xffff,0xffff,
  0xffff,0xffff,0xffff,0xffff,0xffff,0xffff,0xffff,0xffff,0xffff,0xffff,0xffff,0xffff,0xffff,0xffff,0xffff,0xffff,
  0xffff,0xffff,0xffff,0xffff,0xffff,0xffff,0xffff,0xffff,0xffff,0xffff,0xffff,0xffff,0xffff,0xffff,0xffff,0xffff,
  0xffff,0xffff,0xffff,0xffff,0xffff,0xffff,0xffff,0xffff,0xffff,0xffff,0xffff,0xffff,0xffff,0xffff,0xffff,0xffff,
  0xffff,0xffff,0xffff,0xffff,0xffff,0xffff,0xffff,0xffff,0xffff,0xffff,0xffff,0xffff,0xffff,0xffff,0xffff,0xffff,
  0xffff,0xffff,0xffff,0xffff,0xffff,0xffff,0xffff,0xffff,0xffff,0xffff,0xffff,0xffff,0xffff,0xffff,0xffff,0xffff,
  0xffff,0xffff,0xffff,0xffff,0xffff,0xffff,0xffff,0xffff,0xffff,0xffff,0xffff,0xffff,0xffff,0xffff,0xffff,0xffff,
  0xffff,0xffff,0xffff,0xffff,0xffff,0xffff,0xffff,0xffff,0xffff,0xffff,0xffff,0xffff,0xffff,0xffff,0xffff,0xffff,
  0xffff,0xffff,0xffff,0xffff,0xffff,0xffff,0xffff,0xffff,0xffff,0xffff,0xffff,0xffff,0xffde,0xffff,0xfdf1,0xf320,
  0xfb20,0xfb61,0xfb40,0xfb40,0xfb40,0xfb40,0xfb40,0xfb40,0xfb40,0xfb40,0xfb40,0xfb40,0xfb40,0xfb40,0xfb40,0xfb40,
  0xfb40,0xfb40,0xfb40,0xfb40,0xfb40,0xfb40,0xfb40,0xfb40,0xfb40,0xfb40,0xfb40,0xfb40,0xfb40,0xfb40,0xfb40,0xfb61,
  0xfb40,0xf300,0xf4ed,0xffdf,0xffff,0xffff,0xffff,0xffff,0xffff,0xffff,0xffff,0xffff,0xffff,0xffff,0xffff,0xffff,
  0xffff,0xffff,0xffff,0xffff,0xffff,0xffff,0xffff,0xffff,0xffff,0xffff,0xffff,0xffff,0xffff,0xffff,0xffff,0xffff,
  0xffff,0xffff,0xffff,0xffff,0xffff,0xffff,0xffff,0xffff,0xffff,0xffff,0xffff,0xffff,0xffff,0xffff,0xffff,0xffff,
  0xffff,0xffff,0xffff,0xffff,0xffff,0xffff,0xffff,0xffff,0xffff,0xffff,0xffff,0xffff,0xffff,0xffff,0xffff,0xffff,
  0xffff,0xffff,0xffff,0xffff,0xffff,0xffff,0xffff,0xffff,0xffff,0xffff,0xffff,0xffff,0xffff,0xffff,0xffff,0xffff,
  0xffff,0xffff,0xffff,0xffff,0xffff,0xffff,0xffff,0xffff,0xffff,0xffff,0xffff,0xffff,0xffff,0xffff,0xffff,0xffff,
  0xffff,0xffff,0xffff,0xffff,0xffff,0xffff,0xffff,0xffff,0xffff,0xffff,0xffff,0xffff,0xffff,0xffff,0xffff,0xffff,
  0xffff,0xffff,0xffff,0xffff,0xffff,0xffff,0xffff,0xffff,0xffff,0xffff,0xffff,0xffff,0xffff,0xffff,0xffff,0xffff,
  0xffff,0xffff,0xffff,0xffff,0xffff,0xffff,0xffff,0xffff,0xffff,0xffff,0xffff,0xffff,0xffff,0xffff,0xffff,0xffff,
  0xffff,0xffff,0xffff,0xffff,0xffff,0xffff,0xffff,0xfdd1,0xfae0,0xfb40,0xfb40,0xfb40,0xfb40,0xfb40,0xfb40,0xfb40,
  0xfb40,0xfb40,0xfb40,0xfb40,0xfb40,0xfb40,0xfb40,0xfb40,0xfb40,0xfb40,0xfb40,0xfb40,0xfb40,0xfb40,0xfb40,0xfb40,
  0xfb40,0xfb40,0xfb40,0xfb40,0xfb40,0xfb40,0xfb40,0xfb40,0xfb40,0xfb20,0xfb40,0xfb61,0xf2e0,0xfccc,0xffdf,0xffff,
  0xffff,0xffff,0xffff,0xffff,0xffff,0xffff,0xffff,0xffff,0xffff,0xffff,0xffff,0xffff,0xffff,0xffff,0xffff,0xffff,
  0xffff,0xffff,0xffff,0xffff,0xffff,0xffff,0xffff,0xffff,0xffff,0xffff,0xffff,0xffff,0xffff,0xffff,0xffff,0xffff,
  0xffff,0xffff,0xffff,0xffff,0xffff,0xffff,0xffff,0xffff,0xffff,0xffff,0xffff,0xffff,0xffff,0xffff,0xffff,0xffff,
  0xffff,0xffff,0xffff,0xffff,0xffff,0xffff,0xffff,0xffff,0xffff,0xffff,0xffff,0xffff,0xffff,0xffff,0xffff,0xffff,
  0xffff,0xffff,0xffff,0xffff,0xffff,0xffff,0xffff,0xffff,0xffff,0xffff,0xffff,0xffff,0xffff,0xffff,0xffff,0xffff,
  0xffff,0xffff,0xffff,0xffff,0xffff,0xffff,0xffff,0xffff,0xffff,0xffff,0xffff,0xffff,0xffff,0xffff,0xffff,0xffff,
  0xffff,0xffff,0xffff,0xffff,0xffff,0xffff,0xffff,0xffff,0xffff,0xffff,0xffff,0xffff,0xffff,0xffff,0xffff,0xffff,
  0xffff,0xffff,0xffff,0xffff,0xffff,0xffff,0xffff,0xffff,0xffff,0xffff,0xffff,0xffff,0xffff,0xffff,0xffff,0xffff,
  0xffff,0xffff,0xffff,0xffff,0xffff,0xffff,0xffff,0xffff,0xffff,0xffff,0xffff,0xffff,0xffff,0xffff,0xffff,0xffff,
  0xfe54,0xfb00,0xf361,0xfb60,0xfb40,0xfb40,0xfb20,0xfb40,0xfb40,0xfb40,0xfb40,0xfb40,0xfb40,0xfb40,0xfb40,0xfb40,
  0xfb40,0xfb40,0xfb40,0xfb40,0xfb40,0xfb40,0xfb40,0xfb40,0xfb40,0xfb40,0xfb40,0xfb40,0xfb40,0xfb40,0xfb40,0xfb40,
  0xfb40,0xfb40,0xfb40,0xfb40,0xfb40,0xfb40,0xfb41,0xf300,0xfd4f,0xffff,0xffff,0xffff,0xffff,0xffff,0xffff,0xffff,
  0xffff,0xffff,0xffff,0xffff,0xffff,0xffff,0xffff,0xffff,0xffff,0xffff,0xffff,0xffff,0xffff,0xffff,0xffff,0xffff,
  0xffff,0xffff,0xffff,0xffff,0xffff,0xffff,0xffff,0xffff,0xffff,0xffff,0xffff,0xffff,0xffff,0xffff,0xffff,0xffff,
  0xffff,0xffff,0xffff,0xffff,0xffff,0xffff,0xffff,0xffff,0xffff,0xffff,0xffff,0xffff,0xffff,0xffff,0xffff,0xffff,
  0xffff,0xffff,0xffff,0xffff,0xffff,0xffff,0xffff,0xffff,0xffff,0xffff,0xffff,0xffff,0xffff,0xffff,0xffff,0xffff,
  0xffff,0xffff,0xffff,0xffff,0xffff,0xffff,0xffff,0xffff,0xffff,0xffff,0xffff,0xffff,0xffff,0xffff,0xffff,0xffff,
  0xffff,0xffff,0xffff,0xffff,0xffff,0xffff,0xffff,0xffff,0xffff,0xffff,0xffff,0xffff,0xffff,0xffff,0xffff,0xffff,
  0xffff,0xffff,0xffff,0xffff,0xffff,0xffff,0xffff,0xffff,0xffff,0xffff,0xffff,0xffff,0xffff,0xffff,0xffff,0xffff,
  0xffff,0xffff,0xffff,0xffff,0xffff,0xffff,0xffff,0xffff,0xffff,0xffff,0xffff,0xffff,0xffff,0xffff,0xffff,0xffff,
  0xffff,0xffff,0xffff,0xffff,0xffff,0xffff,0xffff,0xffff,0xffff,0xff5b,0xf3a3,0xfb40,0xfb40,0xfb40,0xfb40,0xfb40,
  0xfb40,0xfb40,0xfb40,0xfb40,0xfb40,0xfb40,0xfb40,0xfb40,0xfb40,0xfb40,0xfb40,0xfb40,0xfb40,0xfb40,0xfb40,0xfb40,
  0xfb40,0xfb40,0xfb40,0xfb40,0xfb40,0xfb40,0xfb40,0xfb40,0xfb40,0xfb40,0xfb40,0xfb40,0xfb40,0xfb40,0xfb40,0xfb40,
  0xfb41,0xfb40,0xf321,0xf6d8,0xffff,0xffff,0xffff,0xffff,0xffff,0xffff,0xffff,0xffff,0xffff,0xffff,0xffff,0xffff,
  0xffff,0xffff,0xffff,0xffff,0xffff,0xffff,0xffff,0xffff,0xffff,0xffff,0xffff,0xffff,0xffff,0xffff,0xffff,0xffff,
  0xffff,0xffff,0xffff,0xffff,0xffff,0xffff,0xffff,0xffff,0xffff,0xffff,0xffff,0xffff,0xffff,0xffff,0xffff,0xffff,
  0xffff,0xffff,0xffff,0xffff,0xffff,0xffff,0xffff,0xffff,0xffff,0xffff,0xffff,0xffff,0xffff,0xffff,0xffff,0xffff,
  0xffff,0xffff,0xffff,0xffff,0xffff,0xffff,0xffff,0xffff,0xffff,0xffff,0xffff,0xffff,0xffff,0xffff,0xffff,0xffff,
  0xffff,0xffff,0xffff,0xffff,0xffff,0xffff,0xffff,0xffff,0xffff,0xffff,0xffff,0xffff,0xffff,0xffff,0xffff,0xffff,
  0xffff,0xffff,0xffff,0xffff,0xffff,0xffff,0xffff,0xffff,0xffff,0xffff,0xffff,0xffff,0xffff,0xffff,0xffff,0xffff,
  0xffff,0xffff,0xffff,0xffff,0xffff,0xffff,0xffff,0xffff,0xffff,0xffff,0xffff,0xffff,0xffff,0xffff,0xffff,0xffff,
  0xffff,0xffff,0xffff,0xffff,0xffff,0xffff,0xffff,0xffff,0xffff,0xffff,0xffff,0xffff,0xffff,0xffff,0xffff,0xffff,
  0xffff,0xffff,0xffff,0xfd2d,0xfae0,0xfb41,0xf340,0xfb40,0xfb40,0xfb40,0xfb40,0xfb40,0xfb40,0xfb40,0xfb40,0xfb40,
  0xfb40,0xfb40,0xfb40,0xfb40,0xfb40,0xfb40,0xfb40,0xfb40,0xfb40,0xfb40,0xfb40,0xfb40,0xfb40,0xfb40,0xfb40,0xfb40,
  0xfb40,0xfb40,0xfb40,0xfb40,0xfb40,0xfb40,0xfb40,0xfb40,0xfb40,0xfb40,0xfb40,0xfb40,0xfb00,0xf428,0xffff,0xffff,
  0xffff,0xffff,0xffff,0xffff,0xffff,0xffff,0xffff,0xffff,0xffff,0xffff,0xffff,0xffff,0xffff,0xffff,0xffff,0xffff,
  0xffff,0xffff,0xffff,0xffff,0xffff,0xffff,0xffff,0xffff,0xffff,0xffff,0xffff,0xffff,0xffff,0xffff,0xffff,0xffff,
  0xffff,0xffff,0xffff,0xffff,0xffff,0xffff,0xffff,0xffff,0xffff,0xffff,0xffff,0xffff,0xffff,0xffff,0xffff,0xffff,
  0xffff,0xffff,0xffff,0xffff,0xffff,0xffff,0xffff,0xffff,0xffff,0xffff,0xffff,0xffff,0xffff,0xffff,0xffff,0xffff,
  0xffff,0xffff,0xffff,0xffff,0xffff,0xffff,0xffff,0xffff,0xffff,0xffff,0xffff,0xffff,0xffff,0xffff,0xffff,0xffff,
  0xffff,0xffff,0xffff,0xffff,0xffff,0xffff,0xffff,0xffff,0xffff,0xffff,0xffff,0xffff,0xffff,0xffff,0xffff,0xffff,
  0xffff,0xffff,0xffff,0xffff,0xffff,0xffff,0xffff,0xffff,0xffff,0xffff,0xffff,0xffff,0xffff,0xffff,0xffff,0xffff,
  0xffff,0xffff,0xffff,0xffff,0xffff,0xffff,0xffff,0xffff,0xffff,0xffff,0xffff,0xffff,0xffff,0xffff,0xffff,0xffff,
  0xffff,0xffff,0xffff,0xffff,0xffff,0xffff,0xffff,0xffff,0xffff,0xffff,0xffff,0xffff,0xff3b,0xfb61,0xfb20,0xfb40,
  0xfb40,0xfb40,0xfb40,0xfb40,0xfb40,0xfb40,0xfb40,0xfb40,0xfb40,0xfb40,0xfb40,0xfb40,0xfb40,0xfb40,0xfb40,0xfb40,
  0xfb40,0xfb40,0xfb40,0xfb40,0xfb40,0xfb40,0xfb40,0xfb40,0xfb40,0xfb40,0xfb40,0xfb40,0xfb40,0xfb40,0xfb40,0xfb40,
  0xfb40,0xfb40,0xfb40,0xfb40,0xfb40,0xfb40,0xfb61,0xfb00,0xfe96,0xffff,0xffff,0xffff,0xffff,0xffff,0xffff,0xffff,
  0xffff,0xffff,0xffff,0xffff,0xffff,0xffff,0xffff,0xffff,0xffff,0xffff,0xffff,0xffff,0xffff,0xffff,0xffff,0xffff,
  0xffff,0xffff,0xffff,0xffff,0xffff,0xffff,0xffff,0xffff,0xffff,0xffff,0xffff,0xffff,0xffff,0xffff,0xffff,0xffff,
  0xffff,0xffff,0xffff,0xffff,0xffff,0xffff,0xffff,0xffff,0xffff,0xffff,0xffff,0xffff,0xffff,0xffff,0xffff,0xffff,
  0xffff,0xffff,0xffff,0xffff,0xffff,0xffff,0xffff,0xffff,0xffff,0xffff,0xffff,0xffff,0xffff,0xffff,0xffff,0xffff,
  0xffff,0xffff,0xffff,0xffff,0xffff,0xffff,0xffff,0xffff,0xffff,0xffff,0xffff,0xffff,0xffff,0xffff,0xffff,0xffff,
  0xffff,0xffff,0xffff,0xffff,0xffff,0xffff,0xffff,0xffff,0xffff,0xffff,0xffff,0xffff,0xffff,0xffff,0xffff,0xffff,
  0xffff,0xffff,0xffff,0xffff,0xffff,0xffff,0xffff,0xffff,0xffff,0xffff,0xffff,0xffff,0xffff,0xffff,0xffff,0xffff,
  0xffff,0xffff,0xffff,0xffff,0xffff,0xffff,0xffff,0xffff,0xffff,0xffff,0xffff,0xffff,0xffff,0xffff,0xffff,0xffff,
  0xffff,0xffff,0xffff,0xffff,0xffff,0xffff,0xfd90,0xfae0,0xfb41,0xf361,0xfb40,0xfb40,0xfb40,0xfb40,0xfb40,0xfb40,
  0xfb40,0xfb40,0xfb40,0xfb40,0xfb40,0xfb40,0xfb40,0xfb40,0xfb40,0xfb40,0xfb40,0xfb40,0xfb40,0xfb40,0xfb40,0xfb40,
  0xfb40,0xfb40,0xfb40,0xfb40,0xfb40,0xfb40,0xfb40,0xfb40,0xfb40,0xfb40,0xfb40,0xfb40,0xfb40,0xfb40,0xfb40,0xfb40,
  0xfb40,0xfb00,0xf4ca,0xffff,0xffff,0xffff,0xffff,0xffff,0xffff,0xffff,0xffff,0xffff,0xffff,0xffff,0xffff,0xffff,
  0xffff,0xffff,0xffff,0xffff,0xffff,0xffff,0xffff,0xffff,0xffff,0xffff,0xffff,0xffff,0xffff,0xffff,0xffff,0xffff,
  0xffff,0xffff,0xffff,0xffff,0xffff,0xffff,0xffff,0xffff,0xffff,0xffff,0xffff,0xffff,0xffff,0xffff,0xffff,0xffff,
  0xffff,0xffff,0xffff,0xffff,0xffff,0xffff,0xffff,0xffff,0xffff,0xffff,0xffff,0xffff,0xffff,0xffff,0xffff,0xffff,
  0xffff,0xffff,0xffff,0xffff,0xffff,0xffff,0xffff,0xffff,0xffff,0xffff,0xffff,0xffff,0xffff,0xffff,0xffff,0xffff,
  0xffff,0xffff,0xffff,0xffff,0xffff,0xffff,0xffff,0xffff,0xffff,0xffff,0xffff,0xffff,0xffff,0xffff,0xffff,0xffff,
  0xffff,0xffff,0xffff,0xffff,0xffff,0xffff,0xffff,0xffff,0xffff,0xffff,0xffff,0xffff,0xffff,0xffff,0xffff,0xffff,
  0xffff,0xffff,0xffff,0xffff,0xffff,0xffff,0xffff,0xffff,0xffff,0xffff,0xffff,0xffff,0xffff,0xffff,0xffff,0xffff,
  0xffff,0xffff,0xffff,0xffff,0xffff,0xffff,0xffff,0xffff,0xffff,0xffff,0xffff,0xffff,0xffff,0xffff,0xffff,0xffff,
  0xfc27,0xfb00,0xfb40,0xfb40,0xfb40,0xfb40,0xfb40,0xfb40,0xfb40,0xfb40,0xfb40,0xfb40,0xfb40,0xfb40,0xfb40,0xfb40,
  0xfb40,0xfb40,0xfb40,0xfb40,0xfb20,0xfb40,0xfb40,0xfb40,0xfb40,0xfb40,0xfb40,0xfb40,0xfb40,0xfb40,0xfb40,0xfb40,
  0xfb20,0xfb40,0xfb40,0xfb40,0xfb40,0xfb40,0xfb40,0xfb40,0xfb40,0xfb40,0xfb40,0xfb20,0xfb83,0xff5b,0xffff,0xffff,
  0xffff,0xffff,0xffff,0xffff,0xffff,0xffff,0xffff,0xffff,0xffff,0xffff,0xffff,0xffff,0xffff,0xffff,0xffff,0xffff,
  0xffff,0xffff,0xffff,0xffff,0xffff,0xffff,0xffff,0xffff,0xffff,0xffff,0xffff,0xffff,0xffff,0xffff,0xffff,0xffff,
  0xffff,0xffff,0xffff,0xffff,0xffff,0xffff,0xffff,0xffff,0xffff,0xffff,0xffff,0xffff,0xffff,0xffff,0xffff,0xffff,
  0xffff,0xffff,0xffff,0xffff,0xffff,0xffff,0xffff,0xffff,0xffff,0xffff,0xffff,0xffff,0xffff,0xffff,0xffff,0xffff,
  0xffff,0xffff,0xffff,0xffff,0xffff,0xffff,0xffff,0xffff,0xffff,0xffff,0xffff,0xffff,0xffff,0xffff,0xffff,0xffff,
  0xffff,0xffff,0xffff,0xffff,0xffff,0xffff,0xffff,0xffff,0xffff,0xffff,0xffff,0xffff,0xffff,0xffff,0xffff,0xffff,
  0xffff,0xffff,0xffff,0xffff,0xffff,0xffff,0xffff,0xffff,0xffff,0xffff,0xffff,0xffff,0xffff,0xffff,0xffff,0xffff,
  0xffff,0xffff,0xffff,0xffff,0xffff,0xffff,0xffff,0xffff,0xffff,0xffff,0xffff,0xffff,0xffff,0xffff,0xffff,0xffff,
  0xffff,0xffff,0xffff,0xffff,0xffff,0xffff,0xffff,0xffff,0xffff,0xff5b,0xf362,0xfb20,0xfb40,0xfb40,0xfb40,0xfb40,
  0xfb40,0xfb40,0xfb40,0xfb40,0xfb40,0xfb40,0xfb40,0xfb40,0xfb40,0xfb40,0xfb40,0xfb40,0xfb40,0xfb40,0xfb40,0xfb40,
  0xfb40,0xfb40,0xfb40,0xfb40,0xfb40,0xfb40,0xfb40,0xfb40,0xfb40,0xfb40,0xfb40,0xfb40,0xfb60,0xfb40,0xfb40,0xfb20,
  0xfb40,0xfb40,0xfb40,0xfb40,0xfb40,0xfb41,0xfb00,0xfe96,0xffff,0xffff,0xffff,0xffff,0xffff,0xffff,0xffff,0xffff,
  0xffff,0xffff,0xffff,0xffff,0xffff,0xffff,0xffff,0xffff,0xffff,0xffff,0xffff,0xffff,0xffff,0xffff,0xffff,0xffff,
  0xffff,0xffff,0xffff,0xffff,0xffff,0xffff,0xffff,0xffff,0xffff,0xffff,0xffff,0xffff,0xffff,0xffff,0xffff,0xffff,
  0xffff,0xffff,0xffff,0xffff,0xffff,0xffff,0xffff,0xffff,0xffff,0xffff,0xffff,0xffff,0xffff,0xffff,0xffff,0xffff,
  0xffff,0xffff,0xffff,0xffff,0xffff,0xffff,0xffff,0xffff,0xffff,0xffff,0xffff,0xffff,0xffff,0xffff,0xffff,0xffff,
  0xffff,0xffff,0xffff,0xffff,0xffff,0xffff,0xffff,0xffff,0xffff,0xffff,0xffff,0xffff,0xffff,0xffff,0xffff,0xffff,
  0xffff,0xffff,0xffff,0xffff,0xffff,0xffff,0xffff,0xffff,0xffff,0xffff,0xffff,0xffff,0xffff,0xffff,0xffff,0xffff,
  0xffff,0xffff,0xffff,0xffff,0xffff,0xffff,0xffff,0xffff,0xffff,0xffff,0xffff,0xffff,0xffff,0xffff,0xffff,0xffff,
  0xffff,0xffff,0xffff,0xffff,0xffff,0xffff,0xffff,0xffff,0xffff,0xffff,0xffff,0xffff,0xffff,0xffff,0xffff,0xffff,
  0xffff,0xffff,0xffff,0xfe55,0xf300,0xfb41,0xfb40,0xfb40,0xfb40,0xfb40,0xfb40,0xfb40,0xfb20,0xfb00,0xfb00,0xfb20,
  0xfb20,0xfb00,0xfb00,0xfb00,0xfb00,0xfb00,0xfb20,0xfb00,0xfb00,0xfb00,0xfb20,0xfb20,0xfb40,0xfb40,0xfb40,0xfb40,
  0xfb40,0xfb40,0xfb40,0xfb40,0xfb20,0xfb00,0xfb00,0xfb20,0xfb20,0xfb40,0xfb40,0xfb40,0xfb40,0xfb40,0xfb40,0xfb41,
  0xfae0,0xfd6f,0xffff,0xffff,0xffff,0xffff,0xffff,0xffff,0xffff,0xffff,0xffff,0xffff,0xffff,0xffff,0xffff,0xffff,
  0xffff,0xffff,0xffff,0xffff,0xffff,0xffff,0xffff,0xffff,0xffff,0xffff,0xffff,0xffff,0xffff,0xffff,0xffff,0xffff,
  0xffff,0xffff,0xffff,0xffff,0xffff,0xffff,0xffff,0xffff,0xffff,0xffff,0xffff,0xffff,0xffff,0xffff,0xffff,0xffff,
  0xffff,0xffff,0xffff,0xffff,0xffff,0xffff,0xffff,0xffff,0xffff,0xffff,0xffff,0xffff,0xffff,0xffff,0xffff,0xffff,
  0xffff,0xffff,0xffff,0xffff,0xffff,0xffff,0xffff,0xffff,0xffff,0xffff,0xffff,0xffff,0xffff,0xffff,0xffff,0xffff,
  0xffff,0xffff,0xffff,0xffff,0xffff,0xffff,0xffff,0xffff,0xffff,0xffff,0xffff,0xffff,0xffff,0xffff,0xffff,0xffff,
  0xffff,0xffff,0xffff,0xffff,0xffff,0xffff,0xffff,0xffff,0xffff,0xffff,0xffff,0xffff,0xffff,0xffff,0xffff,0xffff,
  0xffff,0xffff,0xffff,0xffff,0xffff,0xffff,0xffff,0xffff,0xffff,0xffff,0xffff,0xffff,0xffff,0xffff,0xffff,0xffff,
  0xffff,0xffff,0xffff,0xffff,0xffff,0xffff,0xffff,0xffff,0xffff,0xffff,0xffff,0xffff,0xffff,0xfd8f,0xfb00,0xfb40,
  0xfb40,0xfb40,0xfb40,0xfb40,0xfb40,0xfb40,0xf3a4,0xfc27,0xfc07,0xfc27,0xfc26,0xfc06,0xfc06,0xfc06,0xfc06,0xfc07,
  0xfc07,0xfc06,0xf407,0xfc07,0xfbc4,0xfb82,0xf340,0xf2e0,0xfb20,0xfb41,0xfb40,0xfb40,0xfb40,0xfb40,0xfbc4,0xf427,
  0xfc06,0xfc28,0xfbe5,0xfb40,0xfb40,0xfb40,0xfb40,0xfb40,0xfb40,0xfb40,0xfb00,0xfc6a,0xffff,0xffff,0xffff,0xffff,
  0xffff,0xffff,0xffff,0xffff,0xffff,0xffff,0xffff,0xffff,0xffff,0xffff,0xffff,0xffff,0xffff,0xffff,0xffff,0xffff,
  0xffff,0xffff,0xffff,0xffff,0xffff,0xffff,0xffff,0xffff,0xffff,0xffff,0xffff,0xffff,0xffff,0xffff,0xffff,0xffff,
  0xffff,0xffff,0xffff,0xffff,0xffff,0xffff,0xffff,0xffff,0xffff,0xffff,0xffff,0xffff,0xffff,0xffff,0xffff,0xffff,
  0xffff,0xffff,0xffff,0xffff,0xffff,0xffff,0xffff,0xffff,0xf7be,0xf7be,0xf7be,0xffdf,0xffff,0xffff,0xffff,0xffff,
  0xffff,0xffff,0xffff,0xffff,0xffff,0xffff,0xffff,0xffff,0xffff,0xffff,0xffff,0xffff,0xffff,0xffff,0xffff,0xffff,
  0xffff,0xffff,0xffff,0xffff,0xffff,0xffff,0xffff,0xffff,0xffff,0xffff,0xffff,0xffff,0xffff,0xffff,0xffff,0xffff,
  0xffff,0xffff,0xffff,0xffff,0xffff,0xffff,0xffff,0xffff,0xffff,0xffff,0xffff,0xffff,0xffff,0xffff,0xffff,0xffff,
  0xffff,0xffff,0xffff,0xffff,0xffff,0xffff,0xffff,0xffff,0xffff,0xffff,0xffff,0xffff,0xffff,0xffff,0xffff,0xffff,
  0xffff,0xffff,0xffff,0xffff,0xffff,0xffff,0xffff,0xfceb,0xfb00,0xfb40,0xfb40,0xfb40,0xfb40,0xfb40,0xfb60,0xf2e0,
  0xf5b1,0xffdf,0xffde,0xffde,0xffde,0xffde,0xffde,0xffde,0xffde,0xffdf,0xffff,0xffdf,0xffdf,0xffde,0xffbd,0xff7c,
  0xfed7,0xfdd1,0xfbe5,0xfb00,0xfb60,0xfb40,0xfb61,0xfb00,0xfe13,0xffff,0xffbe,0xffdf,0xfe96,0xfb40,0xfb60,0xfb40,
  0xfb40,0xfb40,0xfb40,0xfb40,0xfb20,0xfc07,0xffde,0xffff,0xffff,0xffff,0xffff,0xffff,0xffff,0xffff,0xffff,0xffff,
  0xffff,0xffff,0xffff,0xffff,0xffff,0xffff,0xffff,0xdefb,0xd6b9,0xd699,0xd69a,0xce79,0xdefb,0xffff,0xffff,0xffff,
  0xffff,0xffff,0xffff,0xffff,0xffff,0xffdf,0xdeda,0xdedb,0xe71c,0xd69a,0xce79,0xef9d,0xffff,0xffff,0xffff,0xffff,
  0xf79e,0xdeba,0xdedb,0xd699,0xdedb,0xffdf,0xffff,0xffff,0xffff,0xffff,0xffff,0xffff,0xffff,0xef7d,0xd6ba,0xbdf7,
  0xb576,0xa514,0x94b2,0x9491,0x9492,0x9cd3,0xad55,0xbdf7,0xe71c,0xffff,0xffff,0xffff,0xffff,0xffff,0xffff,0xffff,
  0xffff,0xffff,0xffff,0xffff,0xffff,0xffff,0xef5d,0xd6bb,0xbdd7,0xb5b6,0xb596,0xb596,0xb5b6,0xbdf7,0xd69a,0xef5d,
  0xffff,0xffff,0xffff,0xffff,0xffff,0xffff,0xffff,0xffff,0xffff,0xffff,0xffff,0xffff,0xffff,0xe71c,0xc638,0xbdd7,
  0xb5b6,0xb5b6,0xb5d6,0xbdf7,0xce79,0xe73c,0xffff,0xffff,0xffdf,0xef5c,0xce79,0xbdf6,0xb5b6,0xb5b6,0xb5b6,0xbdf8,
  0xd699,0xef7d,0xffff,0xffff,0xffff,0xffff,0xffff,0xffff,0xffff,0xffff,0xffff,0xdedb,0xd6ba,0xd6ba,0xd69a,0xef7d,
  0xffff,0xf469,0xfb00,0xfb60,0xfb40,0xfb40,0xfb40,0xfb40,0xfb60,0xfb00,0xf5d2,0xffff,0xffff,0xffff,0xffff,0xffff,
  0xffff,0xffff,0xffff,0xffff,0xffde,0xffff,0xffff,0xffff,0xffff,0xffff,0xffff,0xffff,0xff7c,0xf468,0xfb00,0xfb40,
  0xfb60,0xfb00,0xfe34,0xffff,0xffff,0xffff,0xfeb7,0xfb20,0xfb60,0xfb40,0xfb40,0xfb40,0xfb40,0xfb40,0xfb40,0xfba3,
  0xff9c,0xffff,0xffff,0xffff,0xffff,0xffff,0xffff,0xffff,0xffff,0xffff,0xffff,0xffff,0xffff,0xffff,0xffff,0xffff,
  0xffff,0xc618,0x7bef,0x8430,0x8430,0x8430,0x8410,0xd699,0xffff,0xffff,0xffff,0xffff,0xffff,0xffff,0xffff,0xb5b6,
  0x7bef,0x8430,0x8410,0x8410,0x8430,0xe73c,0xffff,0xffff,0xffff,0xffff,0xd6ba,0x7bef,0x8430,0x8430,0x840f,0xe73c,
  0xffff,0xffff,0xffff,0xffff,0xffff,0xffff,0xbdd7,0x8430,0x8410,0x8410,0x8410,0x8430,0x8430,0x8c50,0x8431,0x8431,
  0x8410,0x8410,0x8430,0xb596,0xf7be,0xffff,0xffff,0xffff,0xffff,0xffff,0xffff,0xffff,0xffff,0xffff,0xe71c,0xa534,
  0x8c50,0x8410,0x8410,0x8410,0x8410,0x8410,0x8410,0x8410,0x8410,0x8c51,0xad54,0xe71b,0xffff,0xffff,0xffff,0xffff,
  0xffff,0xffff,0xffff,0xffff,0xffff,0xdeba,0x9cd3,0x8430,0x8410,0x8410,0x8410,0x840f,0x8410,0x8410,0x8410,0x8c51,
  0xa514,0xbdd7,0x9cf3,0x8430,0x8410,0x840f,0x840f,0x8410,0x8410,0x8410,0x8430,0x8c51,0xbdd6,0xf7be,0xffff,0xffff,
  0xffff,0xffff,0xffff,0xffff,0xf7be,0x9492,0x8410,0x8430,0x7bef,0xad95,0xffff,0xfc26,0xfb00,0xfb40,0xfb40,0xfb40,
  0xfb40,0xfb40,0xfb61,0xfae0,0xfdb1,0xffff,0xffff,0xffff,0xffff,0xffff,0xffff,0xffff,0xffff,0xffff,0xffff,0xffff,
  0xffff,0xffff,0xffff,0xffff,0xffde,0xffde,0xffff,0xf77b,0xf383,0xfb20,0xfb41,0xfb00,0xfe34,0xffff,0xffdf,0xffff,
  0xfeb7,0xfb20,0xfb60,0xfb40,0xfb40,0xfb40,0xfb40,0xfb40,0xfb40,0xfb62,0xff5a,0xffff,0xffff,0xffff,0xffff,0xffff,
  0xffff,0xffff,0xffff,0xffff,0xffff,0xffff,0xffff,0xffff,0xffff,0xffff,0xffff,0xffff,0xb5b6,0x8410,0x8c72,0x8c51,
  0x8c51,0x8c71,0xef5d,0xffff,0xffff,0xffff,0xffff,0xffff,0xd699,0x840f,0x8c51,0x8c51,0x8c51,0x8430,0xd69a,0xffff,
  0xffff,0xffff,0xffff,0xffff,0xd6ba,0x8410,0x8c51,0x8c51,0x8c51,0xe73c,0xffff,0xffff,0xffff,0xffff,0xffff,0xffff,
  0xa514,0x8410,0x8c72,0x8c71,0x8c51,0x8c51,0x8430,0x8430,0x8430,0x8c51,0x8c51,0x8c71,0x8c51,0x840f,0x9cd3,0xf79e,
  0xffff,0xffff,0xffff,0xffff,0xffff,0xffff,0xffff,0xd6ba,0x8430,0x8410,0x8c51,0x8c70,0x8c71,0x8c71,0x8c51,0x8c51,
  0x8c51,0x8c71,0x8c71,0x8c51,0x8410,0x8450,0xd69a,0xffff,0xffff,0xffff,0xffff,0xffff,0xffff,0xffff,0xdeda,0x8430,
  0x8430,0x8c51,0x8c51,0x8c71,0x8c51,0x8c71,0x8c51,0x8c71,0x8c51,0x8c51,0x8430,0x8410,0x8430,0x8c51,0x8c71,0x8c51,
  0x8c51,0x8c51,0x8c71,0x8c71,0x8c51,0x8c51,0x7bef,0xa534,0xffdf,0xffff,0xffff,0xffff,0xffff,0xffff,0xf7be,0x94b2,
  0x8430,0x8c71,0x8430,0xb595,0xffde,0xfbe4,0xfb20,0xfb40,0xfb40,0xfb40,0xfb40,0xfb40,0xfb60,0xfae0,0xf5b1,0xffff,
  0xffff,0xffff,0xff9d,0xfdf3,0xfdd2,0xf5f3,0xfdd2,0xf5f2,0xfdf2,0xf5f2,0xfdf2,0xfe75,0xff3b,0xffff,0xffff,0xffff,
  0xffff,0xffff,0xfcec,0xfae0,0xfb62,0xfb00,0xfe34,0xffff,0xffdf,0xffff,0xfeb7,0xfb20,0xfb40,0xfb40,0xfb40,0xfb40,
  0xfb40,0xfb40,0xfb40,0xfb41,0xff19,0xffff,0xffff,0xffff,0xffff,0xffff,0xffff,0xffff,0xffff,0xffff,0xffff,0xffff,
  0xffff,0xffff,0xffff,0xffff,0xffff,0xffff,0xffdf,0xa534,0x8410,0x8c51,0x8c51,0x8410,0xa513,0xffff,0xffff,0xffff,
  0xffff,0xe73c,0x8c51,0x8c51,0x8c51,0x8c51,0x8410,0xbdf7,0xffff,0xffff,0xffff,0xffff,0xffff,0xffff,0xdedb,0x8410,
  0x8c71,0x8c51,0x8c51,0xe73c,0xffff,0xffff,0xffff,0xffff,0xffff,0xffff,0xa534,0x8410,0x8430,0x8410,0x8410,0x8c71,
  0x94b2,0x9cd3,0x94b2,0x8c70,0x842f,0x8430,0x8c51,0x8c71,0x7bef,0xad54,0xffff,0xffff,0xffff,0xffff,0xffff,0xffff,
  0xe73c,0x8c51,0x8430,0x8c51,0x8c51,0x8430,0x8410,0x8430,0x8c71,0x8c71,0x8c51,0x8410,0x8430,0x8c51,0x8c71,0x8450,
  0x8c50,0xe71b,0xffff,0xffff,0xffff,0xffff,0xffff,0xffff,0x9d13,0x8410,0x8c71,0x8c51,0x8430,0x8410,0x8430,0x8451,
  0x8431,0x8431,0x8431,0x8c51,0x8c51,0x8c51,0x8c51,0x8c51,0x8410,0x8430,0x8431,0x8c51,0x8430,0x8410,0x8c51,0x8c51,
  0x8c51,0x7bef,0xce79,0xffff,0xffff,0xffff,0xffff,0xffff,0xf7be,0x9cd2,0x8430,0x8c51,0x8410,0xb595,0xffbe,0xfbc4,
  0xfb20,0xfb40,0xfb40,0xfb40,0xfb40,0xfb40,0xfb60,0xfae0,0xf5b1,0xffff,0xffff,0xffff,0xfefa,0xfb00,0xfae0,0xfb00,
  0xfb00,0xfb00,0xfb00,0xfb00,0xfb00,0xf320,0xf362,0xfd91,0xffff,0xffff,0xffff,0xffff,0xfdd2,0xfae0,0xfb61,0xfb00,
  0xfe34,0xffff,0xffdf,0xffff,0xfeb7,0xfb20,0xfb40,0xfb40,0xfb40,0xfb40,0xfb40,0xfb40,0xfb40,0xfb20,0xfed8,0xffff,
  0xffff,0xffff,0xffff,0xffff,0xffff,0xffff,0xffff,0xffff,0xffff,0xffff,0xffff,0xffff,0xffff,0xffff,0xffff,0xffff,
  0xffff,0xf77d,0x9492,0x8431,0x8c51,0x8c51,0x8410,0xbdf7,0xffff,0xffff,0xffdf,0x9cd3,0x8410,0x8c51,0x8c51,0x8410,
  0xad55,0xffff,0xffff,0xffff,0xffff,0xffff,0xffff,0xffff,0xdedb,0x8410,0x8c51,0x8c51,0x8430,0xe73c,0xffff,0xffff,
  0xffff,0xffff,0xffff,0xffff,0x9cf3,0x8430,0xa514,0xc638,0xdedb,0xef7d,0xffdf,0xffdf,0xffdf,0xef7d,0xd6ba,0x9cf3,
  0x8430,0x8c51,0x8c51,0x8430,0xe73c,0xffff,0xffff,0xffff,0xffff,0xffff,0xad55,0x8410,0x8c71,0x8c51,0x8410,0xa513,
  0xd69a,0xe71c,0xef5d,0xef5d,0xe71c,0xd69a,0xa514,0x8410,0x8c50,0x8c71,0x840f,0xad55,0xffff,0xffff,0xffff,0xffff,
  0xffff,0xef7d,0x8c71,0x8c50,0x8c51,0x8c51,0x8c71,0xc639,0xe71c,0xe71c,0xe71c,0xdedb,0xa534,0x8430,0x8c51,0x8c51,
  0x8c51,0x8430,0xbdf7,0xdefb,0xe71c,0xe71c,0xdedb,0xb5b6,0x8430,0x8c51,0x8c51,0x8410,0xad54,0xffff,0xffff,0xffff,
  0xffff,0xffff,0xf7be,0x94b2,0x8430,0x8c51,0x8430,0xb595,0xffbe,0xfbc4,0xfb20,0xfb40,0xfb40,0xfb40,0xfb40,0xfb40,
  0xfb60,0xfb00,0xf5d1,0xffff,0xffff,0xffff,0xff1a,0xfb41,0xfb40,0xfb60,0xfb40,0xfb20,0xfb20,0xfb20,0xfb20,0xf362,
  0xfb20,0xf340,0xff3a,0xffff,0xffff,0xffff,0xfe75,0xfb20,0xfb61,0xfb00,0xfe34,0xffff,0xffdf,0xffff,0xfeb7,0xfb20,
  0xfb40,0xfb40,0xfb40,0xfb40,0xfb40,0xfb40,0xfb40,0xfb00,0xfed8,0xffff,0xffff,0xffff,0xffff,0xffff,0xffff,0xffff,
  0xffff,0xffff,0xffff,0xffff,0xffff,0xffff,0xffff,0xffff,0xffff,0xffff,0xffff,0xffff,0xe71b,0x8c31,0x8431,0x8c51,
  0x8c51,0x8410,0xd6ba,0xffff,0xb596,0x840f,0x8c51,0x8c51,0x8430,0x94b2,0xf79e,0xffff,0xffff,0xffff,0xffff,0xffff,
  0xffff,0xffff,0xdedb,0x8410,0x8c51,0x8c51,0x8430,0xe73c,0xffff,0xffff,0xffff,0xffff,0xffff,0xffff,0xe71c,0xe73c,
  0xffff,0xffff,0xffff,0xffff,0xffff,0xffff,0xffff,0xffff,0xffff,0xef7d,0x8c71,0x8430,0x8c51,0x8410,0xc618,0xffff,
  0xffff,0xffff,0xffff,0xf79e,0x8c51,0x8c51,0x8c71,0x8430,0xa534,0xffde,0xffff,0xffff,0xffff,0xffff,0xffff,0xffff,
  0xffdf,0xa534,0x842f,0x8c71,0x8430,0x8c50,0xef7d,0xffff,0xffff,0xffff,0xffff,0xe71b,0x8450,0x8c50,0x8c50,0x8410,
  0xc618,0xffff,0xffff,0xffff,0xffff,0xffff,0xf77e,0x8c71,0x8430,0x8c71,0x8410,0xa534,0xffff,0xffff,0xffff,0xffff,
  0xffff,0xffff,0x9cf3,0x8430,0x8c71,0x8430,0x9cf3,0xffff,0xffff,0xffff,0xffff,0xffff,0xf7be,0x94b2,0x8430,0x8c51,
  0x8430,0xb595,0xffbe,0xfbc4,0xfb20,0xfb40,0xfb40,0xfb40,0xfb40,0xfb40,0xfb61,0xfb00,0xfdd1,0xffff,0xffff,0xffff,
  0xff1a,0xfb41,0xfb40,0xfb20,0xf3c4,0xfc26,0xfc06,0xfc26,0xf406,0xf342,0xfb61,0xfb00,0xfe34,0xffff,0xffdf,0xffff,
  0xfed8,0xfb20,0xfb41,0xfb00,0xfe34,0xffff,0xffdf,0xffff,0xfeb7,0xfb20,0xfb40,0xfb40,0xfb40,0xfb40,0xfb40,0xfb40,
  0xfb40,0xfb00,0xfeb7,0xffff,0xffff,0xffff,0xffff,0xffff,0xffff,0xffff,0xffff,0xffff,0xffff,0xffff,0xffff,0xffff,
  0xffff,0xffff,0xffff,0xffff,0xffff,0xffff,0xffff,0xce59,0x8410,0x8c51,0x8c51,0x8410,0x9cd2,0xbdf7,0x8430,0x8c51,
  0x8c50,0x8c50,0x8c51,0xef5d,0xffff,0xffff,0xffff,0xffff,0xffff,0xffff,0xffff,0xffff,0xdedb,0x8410,0x8c51,0x8c51,
  0x8430,0xe73c,0xffff,0xffff,0xffff,0xffff,0xffff,0xffff,0xffff,0xffff,0xffff,0xffff,0xffff,0xffff,0xffff,0xffdf,
  0xffdf,0xffdf,0xffff,0xffff,0x9cd3,0x8430,0x8c51,0x8430,0xa554,0xffff,0xffff,0xffff,0xffff,0xd69a,0x8410,0x8c51,
  0x8c51,0x8430,0xef5d,0xffff,0xffff,0xffff,0xffff,0xffff,0xffff,0xffff,0xffff,0xe73c,0x8430,0x8c51,0x8c51,0x8410,
  0xce79,0xffff,0xffff,0xffff,0xffff,0xdefb,0x8430,0x8c51,0x8c51,0x8410,0xe71c,0xffff,0xffff,0xffff,0xffff,0xffff,
  0xffff,0x9cd3,0x8431,0x8c51,0x840f,0xbdf7,0xffff,0xffdf,0xffff,0xffff,0xffff,0xffff,0xb5b6,0x7bef,0x8c51,0x8431,
  0x9cd3,0xffdf,0xffff,0xffff,0xffff,0xffff,0xf7be,0x94b2,0x8430,0x8c51,0x8430,0xb595,0xffbe,0xfbc4,0xfb20,0xfb40,
  0xfb40,0xfb40,0xfb40,0xfb40,0xfb61,0xfb00,0xfdd1,0xffff,0xffff,0xffff,0xff3a,0xfb41,0xfb40,0xfb00,0xfe34,0xffdf,
  0xffbe,0xffdf,0xf75b,0xfb82,0xfb40,0xfae0,0xfdf2,0xffff,0xffdf,0xffff,0xf719,0xfb41,0xfb41,0xfb00,0xfe34,0xffff,
  0xffdf,0xffff,0xfeb7,0xfb20,0xfb40,0xfb40,0xfb40,0xfb40,0xfb40,0xfb40,0xfb60,0xfb20,0xfeb7,0xffff,0xffff,0xffff,
  0xffff,0xffff,0xffff,0xffff,0xffff,0xffff,0xffff,0xffff,0xffff,0xffff,0xffff,0xffff,0xffff,0xffff,0xffff,0xffff,
  0xffff,0xffff,0xb5b6,0x840f,0x8c51,0x8c51,0x8c50,0x8410,0x8c51,0x8c51,0x8c50,0x8410,0xd69a,0xffff,0xffff,0xffff,
  0xffff,0xffff,0xffff,0xffff,0xffff,0xffff,0xdeda,0x840f,0x8c71,0x8c50,0x8c50,0xe73c,0xffff,0xffff,0xffff,0xffff,
  0xffff,0xffff,0xffff,0xffff,0xdf1b,0xc638,0xb5b6,0xa534,0x9cf3,0x9cd3,0x9cd3,0x9cd3,0x9cf3,0xa534,0x9491,0x8430,
  0x8c51,0x8430,0x9cd3,0xffdf,0xffff,0xffff,0xffff,0xc618,0x8410,0x8c51,0x8430,0x94b2,0xffdf,0xffff,0xffff,0xffff,
  0xffff,0xffff,0xffff,0xffff,0xffff,0xf7be,0x94b3,0x8431,0x8c71,0x8410,0xbdd7,0xffff,0xffff,0xffff,0xffff,0xdefb,
  0x8430,0x8c51,0x8c51,0x8430,0xe71c,0xffff,0xffff,0xffff,0xffff,0xffff,0xffdf,0x9cd3,0x8431,0x8c51,0x840f,0xbdd7,
  0xffff,0xffff,0xffff,0xffff,0xffff,0xffff,0xbdf7,0x840f,0x8c71,0x8431,0x9cd3,0xffdf,0xffff,0xffff,0xffff,0xffff,
  0xf7be,0x94b2,0x8430,0x8c51,0x8430,0xb595,0xffbe,0xfbc4,0xfb20,0xfb40,0xfb40,0xfb40,0xfb40,0xfb40,0xfb41,0xfb00,
  0xfdd1,0xffff,0xffff,0xffff,0xff1a,0xfb41,0xfb40,0xfb00,0xfe54,0xffff,0xffff,0xffff,0xff7c,0xfb63,0xfb40,0xfb00,
  0xfdf2,0xffff,0xffdf,0xffff,0xfef9,0xfb60,0xfb40,0xfb00,0xfe34,0xffff,0xffdf,0xffff,0xfeb7,0xfb40,0xfb40,0xfb40,
  0xfb40,0xfb40,0xfb40,0xfb40,0xfb60,0xfb00,0xfeb7,0xffff,0xffff,0xffff,0xffff,0xffff,0xffff,0xffff,0xffff,0xffff,
  0xffff,0xffff,0xffff,0xffff,0xffff,0xffff,0xffff,0xffff,0xffff,0xffff,0xffff,0xffff,0xffff,0xa514,0x8410,0x8c51,
  0x8c51,0x8c51,0x8c51,0x8c51,0x8410,0xc618,0xffff,0xffff,0xffff,0xffff,0xffff,0xffff,0xffff,0xffff,0xffff,0xffff,
  0xdeda,0x840f,0x8c71,0x8c50,0x8450,0xe73c,0xffff,0xffff,0xffff,0xffff,0xffff,0xffff,0xe71b,0xa513,0x8430,0x8410,
  0x8410,0x8430,0x8430,0x8430,0x8431,0x8431,0x8430,0x8430,0x8c51,0x8c51,0x8c51,0x8430,0x94b2,0xffdf,0xffff,0xffff,
  0xffff,0xbdd7,0x8410,0x8c71,0x8430,0x9cf3,0xffff,0xffff,0xffff,0xffff,0xffff,0xffff,0xffff,0xffff,0xffff,0xffff,
  0xa514,0x8410,0x8c71,0x840f,0xb596,0xffff,0xffff,0xffff,0xffff,0xdefc,0x8430,0x8c51,0x8c51,0x8430,0xe71c,0xffff,
  0xffff,0xffff,0xffff,0xffff,0xffdf,0x94b3,0x8431,0x8c51,0x840f,0xbdd6,0xffff,0xffff,0xffff,0xffff,0xffff,0xffff,
  0xbdd7,0x840f,0x8c71,0x8431,0x9cd3,0xffdf,0xffff,0xffff,0xffff,0xffff,0xf7bf,0x94b3,0x8431,0x8c71,0x8430,0xb595,
  0xffbe,0xfbc4,0xfb20,0xfb40,0xfb40,0xfb40,0xfb40,0xfb40,0xfb41,0xfb00,0xfdd1,0xffff,0xffff,0xffff,0xff1a,0xfb41,
  0xfb40,0xfb00,0xfe54,0xffff,0xffdf,0xffff,0xff7c,0xfb83,0xfb40,0xfae0,0xfdf1,0xffff,0xffdf,0xffff,0xfef9,0xfb60,
  0xfb40,0xfb00,0xfe34,0xffff,0xffdf,0xffff,0xfeb7,0xfb40,0xfb40,0xfb40,0xfb40,0xfb40,0xfb40,0xfb40,0xfb60,0xfb00,
  0xfeb7,0xffff,0xffff,0xffff,0xffff,0xffff,0xffff,0xffff,0xffff,0xffff,0xffff,0xffff,0xffff,0xffff,0xffff,0xffff,
  0xffff,0xffff,0xffff,0xffff,0xffff,0xffff,0xffff,0xf79e,0x94b2,0x8430,0x8c51,0x8c51,0x8c52,0x8410,0xad55,0xffff,
  0xffff,0xffff,0xffff,0xffff,0xffff,0xffff,0xffff,0xffff,0xffff,0xffff,0xdedb,0x840f,0x8c51,0x8c50,0x8450,0xe73c,
  0xffff,0xffff,0xffff,0xffff,0xffff,0xd6da,0x8430,0x8430,0x8c51,0x8c71,0x8c51,0x8430,0x8430,0x8410,0x8410,0x8411,
  0x8431,0x8430,0x8c51,0x8c51,0x8c51,0x8430,0x94b2,0xffdf,0xffff,0xffff,0xffff,0xad75,0x8410,0x8c71,0x8430,0x9cf3,
  0xffff,0xffff,0xffff,0xffff,0xffff,0xffff,0xffff,0xffff,0xffff,0xffff,0xa514,0x8410,0x8c71,0x8410,0xb595,0xffff,
  0xffff,0xffff,0xffff,0xdefc,0x8430,0x8c51,0x8c51,0x8430,0xe71c,0xffff,0xffff,0xffff,0xffff,0xffff,0xffdf,0x94b3,
  0x8431,0x8c51,0x840f,0xbdd6,0xffff,0xffff,0xffff,0xffff,0xffff,0xffff,0xbdd7,0x840f,0x8c71,0x8431,0x9cd3,0xffdf,
  0xffff,0xffff,0xffff,0xffff,0xf7bf,0x94b3,0x8431,0x8c71,0x8430,0xb595,0xffbe,0xfbc4,0xfb20,0xfb40,0xfb40,0xfb40,
  0xfb40,0xfb40,0xfb41,0xfb00,0xfdd1,0xffff,0xffff,0xffff,0xff3a,0xfb41,0xfb40,0xfb00,0xfe54,0xffff,0xffff,0xffff,
  0xff7c,0xfb83,0xfb40,0xfae0,0xfdf1,0xffff,0xffdf,0xffff,0xf6f9,0xfb40,0xfb40,0xfb00,0xfe34,0xffff,0xffdf,0xffff,
  0xfeb7,0xfb20,0xfb40,0xfb40,0xfb40,0xfb40,0xfb40,0xfb40,0xfb40,0xfb00,0xfeb7,0xffff,0xffff,0xffff,0xffff,0xffff,
  0xffff,0xffff,0xffff,0xffff,0xffff,0xffff,0xffff,0xffff,0xffff,0xffff,0xffff,0xffff,0xffff,0xffff,0xffff,0xffff,
  0xffff,0xe73c,0x9491,0x8430,0x8c50,0x8c51,0x8c51,0x8430,0x9492,0xef5d,0xffff,0xffff,0xffff,0xffff,0xffff,0xffff,
  0xffff,0xffff,0xffff,0xffff,0xdedb,0x840f,0x8c51,0x8c50,0x8450,0xe73c,0xffff,0xffff,0xffff,0xffff,0xffde,0x94b2,
  0x8430,0x8c51,0x8c51,0x8410,0x8c51,0x9cd2,0xa514,0xad54,0xad55,0xa535,0x9cf4,0x9cd2,0x8c71,0x8c50,0x8c51,0x8431,
  0x94b2,0xffdf,0xffff,0xffff,0xffff,0xb5b6,0x8410,0x8c71,0x8430,0x9cf3,0xffff,0xffff,0xffff,0xffff,0xffff,0xffff,
  0xffff,0xffff,0xffff,0xffff,0xa514,0x8430,0x8c51,0x8410,0xb596,0xffff,0xffff,0xffff,0xffff,0xdefc,0x8430,0x8c51,
  0x8c51,0x8430,0xe71c,0xffff,0xffff,0xffff,0xffff,0xffff,0xffdf,0x94b3,0x8431,0x8c51,0x840f,0xbdd7,0xffff,0xffff,
  0xffff,0xffff,0xffff,0xffff,0xbdf7,0x840f,0x8c71,0x8431,0x9cb3,0xffdf,0xffff,0xffff,0xffff,0xffff,0xf7bf,0x94b3,
  0x8431,0x8c71,0x8430,0xb595,0xffbe,0xfbc4,0xfb20,0xfb40,0xfb40,0xfb40,0xfb40,0xfb20,0xfb40,0xfb00,0xf5d1,0xffff,
  0xffff,0xffff,0xff3a,0xfb41,0xfb40,0xfb00,0xfe54,0xffff,0xffff,0xffff,0xff7c,0xfb62,0xfb40,0xfae0,0xfdf1,0xffff,
  0xffdf,0xffff,0xff1a,0xfb41,0xfb40,0xfb00,0xfe34,0xffff,0xffdf,0xffff,0xfeb7,0xfb20,0xfb40,0xfb40,0xfb40,0xfb40,
  0xfb40,0xfb40,0xfb40,0xfb00,0xfeb7,0xffff,0xffff,0xffff,0xffff,0xffff,0xffff,0xffff,0xffff,0xffff,0xffff,0xffff,
  0xffff,0xffff,0xffff,0xffff,0xffff,0xffff,0xffff,0xffff,0xffff,0xffff,0xf7be,0x94b2,0x8430,0x8c50,0x8c51,0x8c51,
  0x8c31,0x8c51,0x8410,0x9cd3,0xf7be,0xffff,0xffff,0xffff,0xffff,0xffff,0xffff,0xffff,0xffff,0xffff,0xdedb,0x8410,
  0x8c51,0x8c50,0x8450,0xe73c,0xffff,0xffff,0xffff,0xffff,0xdefb,0x8430,0x8c52,0x8c51,0x8430,0xb5b6,0xe73c,0xffdf,
  0xffff,0xffff,0xffff,0xffff,0xffff,0xffdf,0xa534,0x8410,0x8c51,0x8430,0x94b2,0xffdf,0xffff,0xffff,0xffff,0xbdd7,
  0x7bef,0x8c71,0x8430,0x9cf3,0xffff,0xffff,0xffff,0xffff,0xffff,0xffff,0xffff,0xffff,0xffff,0xffff,0xa514,0x8410,
  0x8c71,0x8410,0xb596,0xffff,0xffff,0xffff,0xffff,0xdefc,0x8430,0x8c51,0x8c51,0x8430,0xe71c,0xffff,0xffff,0xffff,
  0xffff,0xffff,0xffdf,0x94b3,0x8431,0x8c51,0x840f,0xbdd7,0xffff,0xffff,0xffff,0xffff,0xffff,0xffff,0xbdf7,0x8410,
  0x8c71,0x8431,0x9cb3,0xffdf,0xffff,0xffff,0xffff,0xffff,0xf7bf,0x94b3,0x8431,0x8c51,0x8430,0xb596,0xffde,0xfbc4,
  0xfb20,0xfb40,0xfb40,0xfb40,0xfb40,0xfb40,0xfb40,0xfb00,0xf5d1,0xffff,0xffff,0xffff,0xff1a,0xfb41,0xfb40,0xfb00,
  0xfe54,0xffff,0xffff,0xffff,0xff7c,0xfb62,0xfb40,0xfb00,0xfdf1,0xffff,0xffdf,0xffff,0xff3a,0xfb21,0xfb41,0xfb00,
  0xfe34,0xffff,0xffdf,0xffff,0xfeb7,0xfb20,0xfb40,0xfb40,0xfb40,0xfb40,0xfb40,0xfb40,0xfb40,0xfb20,0xfed8,0xffff,
  0xffff,0xffff,0xffff,0xffff,0xffff,0xffff,0xffff,0xffff,0xffff,0xffff,0xffff,0xffff,0xffff,0xffff,0xffff,0xffff,
  0xffff,0xffff,0xffff,0xffdf,0xad55,0x8410,0x8c71,0x8c71,0x8c50,0x8431,0x8c51,0x8c51,0x8c51,0x840f,0xb595,0xffff,
  0xffff,0xffff,0xffff,0xffff,0xffff,0xffff,0xffff,0xffff,0xdedb,0x8410,0x8c71,0x8c70,0x8450,0xe73c,0xffff,0xffff,
  0xffff,0xffff,0xd6ba,0x8410,0x8c52,0x8431,0x9cd3,0xffff,0xffff,0xffff,0xffff,0xffff,0xffff,0xffff,0xffff,0xffff,
  0xa513,0x8430,0x8c51,0x8430,0x9cd3,0xffdf,0xffff,0xffff,0xffff,0xc618,0x840f,0x8c71,0x8c51,0x9492,0xf7be,0xffff,
  0xffff,0xffff,0xffff,0xffff,0xffff,0xffff,0xffff,0xffdf,0x94b3,0x8431,0x8c51,0x8410,0xc617,0xffff,0xffff,0xffff,
  0xffff,0xdefb,0x8430,0x8c51,0x8c51,0x8410,0xe71c,0xffff,0xffff,0xffff,0xffff,0xffff,0xffdf,0x94b3,0x8431,0x8c71,
  0x840f,0xbdd7,0xffff,0xffff,0xffff,0xffff,0xffff,0xffff,0xbdd7,0x83f0,0x8c52,0x8431,0x94b3,0xffdf,0xffff,0xffff,
  0xffff,0xffff,0xf7be,0x94b3,0x8431,0x8c51,0x8430,0xb595,0xffde,0xfbc4,0xfb20,0xfb40,0xfb40,0xfb40,0xfb40,0xfb40,
  0xfb40,0xfb00,0xf5d1,0xffff,0xffff,0xffff,0xff3a,0xfb41,0xfb40,0xfb00,0xfe54,0xffff,0xffff,0xffff,0xff7c,0xfb62,
  0xfb40,0xfb00,0xfdf1,0xffff,0xffdf,0xffff,0xff3a,0xfb40,0xfb40,0xfb00,0xfe34,0xffff,0xffdf,0xffff,0xfeb7,0xfb20,
  0xfb40,0xfb40,0xfb40,0xfb40,0xfb40,0xfb40,0xfb40,0xfb40,0xfef8,0xffff,0xffff,0xffff,0xffff,0xffff,0xffff,0xffff,
  0xffff,0xffff,0xffff,0xffff,0xffff,0xffff,0xffff,0xffff,0xffff,0xffff,0xffff,0xffff,0xffff,0xbdd7,0x7bef,0x8c51,
  0x8c51,0x8430,0x9492,0xdeda,0x9492,0x8430,0x8c70,0x8c51,0x8410,0xc638,0xffff,0xffff,0xffff,0xffff,0xffff,0xffff,
  0xffff,0xffff,0xdedb,0x8410,0x8c71,0x8c71,0x8c50,0xe73c,0xffff,0xffff,0xffff,0xffff,0xdeda,0x8410,0x8c51,0x8430,
  0x9cf3,0xffff,0xffff,0xffff,0xffff,0xffff,0xffff,0xffff,0xffff,0xffff,0x9cd2,0x8410,0x8c71,0x8430,0xa514,0xffff,
  0xffff,0xffff,0xffff,0xd6ba,0x8430,0x8c51,0x8c51,0x8410,0xdedb,0xffff,0xffff,0xffff,0xffff,0xffff,0xffff,0xffff,
  0xffff,0xdefb,0x8410,0x8c51,0x8c51,0x8410,0xdefb,0xffff,0xffff,0xffff,0xffff,0xdefb,0x8430,0x8c51,0x8c51,0x8410,
  0xe71c,0xffff,0xffff,0xffff,0xffff,0xffff,0xffdf,0x94b3,0x8431,0x8c71,0x840f,0xbdd7,0xffff,0xffff,0xffff,0xffff,
  0xffff,0xffff,0xbdf7,0x8410,0x8c71,0x8430,0x9cd2,0xffdf,0xffff,0xffff,0xffff,0xffff,0xf7be,0x94b2,0x8430,0x8c51,
  0x8430,0xb595,0xffde,0xfbe5,0xfb00,0xfb40,0xfb40,0xfb40,0xfb40,0xfb40,0xfb40,0xfb00,0xfdd1,0xffff,0xffff,0xffff,
  0xff3a,0xfb41,0xfb40,0xfb00,0xfe54,0xffff,0xffff,0xffff,0xff7c,0xfb82,0xfb40,0xfae0,0xfdd1,0xffff,0xffdf,0xffff,
  0xfef9,0xfb20,0xfb40,0xfb00,0xfe34,0xffff,0xffdf,0xffff,0xfeb7,0xfb20,0xfb40,0xfb40,0xfb40,0xfb40,0xfb40,0xfb40,
  0xfb40,0xfb41,0xff19,0xffff,0xffff,0xffff,0xffff,0xffff,0xffff,0xffff,0xffff,0xffff,0xffff,0xffff,0xffff,0xffff,
  0xffff,0xffff,0xffff,0xffff,0xffff,0xffff,0xce7a,0x8410,0x8c51,0x8c51,0x8c51,0x8410,0xd6ba,0xffff,0xd6ba,0x840f,
  0x8c70,0x8c51,0x8c51,0x8430,0xe71c,0xffff,0xffff,0xffff,0xffff,0xffff,0xffff,0xffff,0xdedb,0x8410,0x8c51,0x8451,
  0x8431,0xe73c,0xffff,0xffff,0xffff,0xffff,0xdefb,0x8430,0x8c51,0x8c51,0x8430,0xd6ba,0xffff,0xffff,0xffff,0xffff,
  0xffff,0xffff,0xffff,0xdefb,0x8c50,0x8c51,0x8c51,0x8410,0xb5b6,0xffff,0xffff,0xffff,0xffff,0xf79e,0x8c71,0x8430,
  0x8c51,0x8430,0x9cd3,0xef7d,0xffff,0xffff,0xffff,0xffff,0xffff,0xffff,0xef7d,0x9cd3,0x8430,0x8c71,0x8c50,0x9491,
  0xf79e,0xffff,0xffff,0xffff,0xffff,0xdefb,0x8430,0x8c50,0x8c51,0x8410,0xe71c,0xffff,0xffff,0xffff,0xffff,0xffff,
  0xffdf,0x94b3,0x8431,0x8c71,0x840f,0xbdd7,0xffff,0xffff,0xffff,0xffff,0xffff,0xffff,0xbdf7,0x8410,0x8c71,0x8430,
  0x9cd2,0xffdf,0xffff,0xffff,0xffff,0xffff,0xf7be,0x94b2,0x8430,0x8c51,0x8430,0xb595,0xffff,0xfc07,0xfb00,0xfb40,
  0xfb40,0xfb40,0xfb40,0xfb40,0xfb40,0xfae0,0xf5b0,0xffff,0xffdf,0xffff,0xff1a,0xfb61,0xfb40,0xfb20,0xfe54,0xffff,
  0xffdf,0xffff,0xff5b,0xfb62,0xfb60,0xfb00,0xfdf1,0xffff,0xffde,0xffff,0xfef9,0xfb40,0xfb40,0xfb00,0xfe33,0xffff,
  0xffde,0xffff,0xfeb7,0xfb20,0xfb40,0xfb40,0xfb40,0xfb40,0xfb40,0xfb40,0xfb20,0xfb62,0xff5b,0xffff,0xffff,0xffff,
  0xffff,0xffff,0xffff,0xffff,0xffff,0xffff,0xffff,0xffff,0xffff,0xffff,0xffff,0xffff,0xffff,0xffff,0xffff,0xe71c,
  0x8c51,0x8430,0x8c51,0x8c51,0x8410,0xc618,0xffff,0xffff,0xffff,0xbdd6,0x840f,0x8c51,0x8c51,0x8430,0x9492,0xef7d,
  0xffff,0xffff,0xffff,0xffff,0xffff,0xffff,0xdedb,0x8410,0x8c51,0x8c51,0x8431,0xe73c,0xffff,0xffff,0xffff,0xffff,
  0xf7be,0x9492,0x8430,0x8c71,0x8430,0x8c71,0xb5b6,0xce79,0xd6ba,0xd6ba,0xd69a,0xce59,0xad75,0x8c51,0x8430,0x8c51,
  0x8c51,0x8410,0xdedb,0xffff,0xffff,0xffff,0xffff,0xffff,0xb596,0x8410,0x8c51,0x8c51,0x8430,0x9492,0xbdd6,0xd69a,
  0xdedb,0xdeda,0xd69a,0xbdd6,0x9492,0x8430,0x8c50,0x8c71,0x840f,0xbdd6,0xffff,0xffff,0xffff,0xffff,0xffff,0xdefb,
  0x8430,0x8c50,0x8c51,0x8430,0xe71c,0xffff,0xffff,0xffff,0xffff,0xffff,0xffdf,0x94b3,0x8430,0x8c71,0x8410,0xbdd7,
  0xffff,0xffff,0xffff,0xffff,0xffff,0xffff,0xbdf7,0x8410,0x8c51,0x8430,0x9cd2,0xffdf,0xffff,0xffff,0xffff,0xffff,
  0xf7be,0x94b2,0x8430,0x8c51,0x8430,0xb595,0xffff,0xf489,0xfb00,0xfb40,0xfb40,0xfb40,0xfb40,0xfb40,0xfb41,0xfb00,
  0xf5f2,0xffff,0xffff,0xffff,0xff3b,0xfb41,0xfb40,0xfb00,0xfe75,0xffff,0xffff,0xffff,0xff7c,0xfb83,0xfb60,0xf300,
  0xfdf2,0xffff,0xffff,0xffff,0xf719,0xfb40,0xfb41,0xfb00,0xfe54,0xffff,0xffff,0xffff,0xfed7,0xfb20,0xfb40,0xfb40,
  0xfb40,0xfb40,0xfb40,0xfb40,0xfb20,0xfbc4,0xff9c,0xffff,0xffff,0xffff,0xffff,0xffff,0xffff,0xffff,0xffff,0xffff,
  0xffff,0xffff,0xffff,0xffff,0xffff,0xffff,0xffff,0xffff,0xf7be,0x9492,0x8430,0x8c51,0x8c51,0x8410,0xa534,0xffff,
  0xffff,0xffff,0xffff,0xffdf,0x9cf3,0x8430,0x8c51,0x8c71,0x8410,0xa514,0xffff,0xffff,0xffff,0xffff,0xffff,0xffff,
  0xdedb,0x8410,0x8c71,0x8c51,0x8c51,0xe73c,0xffff,0xffff,0xffff,0xffff,0xffff,0xc638,0x7bef,0x8c51,0x8c71,0x8430,
  0x8410,0x8410,0x8410,0x8410,0x8410,0x8410,0x8410,0x8430,0x8c71,0x8c71,0x7bf0,0xa514,0xffff,0xffff,0xffff,0xffff,
  0xffff,0xffff,0xef7d,0x9492,0x8410,0x8c71,0x8c51,0x8431,0x8410,0x8410,0x8410,0x8430,0x8410,0x8410,0x8430,0x8c51,
  0x8c71,0x8410,0x94b2,0xf79e,0xffff,0xffff,0xffff,0xffff,0xffff,0xdefb,0x8430,0x8c51,0x8c51,0x8430,0xe71c,0xffff,
  0xffff,0xffff,0xffff,0xffff,0xffdf,0x9cd3,0x8430,0x8c71,0x8410,0xbdd7,0xffff,0xffff,0xffff,0xffff,0xffff,0xffff,
  0xbdf7,0x8410,0x8c71,0x8430,0x9cd2,0xffdf,0xffff,0xffff,0xffff,0xffff,0xf7be,0x9cd2,0x8430,0x8c71,0x8410,0xb595,
  0xffff,0xf50c,0xfae0,0xfb40,0xfb40,0xfb40,0xfb40,0xfb40,0xfb61,0xfb00,0xfd6f,0xff7c,0xff5c,0xff7c,0xfeb7,0xfb41,
  0xfb60,0xfb00,0xfdd1,0xff7c,0xff7c,0xff7c,0xfed7,0xfb82,0xfb40,0xfb00,0xfdb0,0xff9c,0xff5a,0xff9c,0xfe96,0xfb40,
  0xfb40,0xfb00,0xf5b1,0xff7c,0xff7c,0xff7c,0xf654,0xfb20,0xf360,0xfb40,0xfb40,0xfb40,0xfb40,0xfb40,0xfb20,0xf427,
  0xffde,0xffff,0xffff,0xffff,0xffff,0xffff,0xffff,0xffff,0xffff,0xffff,0xffff,0xffff,0xffff,0xffff,0xffff,0xffff,
  0xffff,0xffdf,0xa534,0x8410,0x8c51,0x8c51,0x8430,0x94b2,0xf79e,0xffff,0xffff,0xffff,0xffff,0xffff,0xe75c,0x8c50,
  0x8430,0x8c50,0x8c51,0x840f,0xbdd7,0xffff,0xffff,0xffff,0xffff,0xffff,0xdedb,0x8410,0x8c51,0x8c51,0x8430,0xe73c,
  0xffff,0xffff,0xffff,0xffff,0xffff,0xffff,0xbdd6,0x8430,0x840f,0x8430,0x8c51,0x8c71,0x8c51,0x8c71,0x8c71,0x8c71,
  0x8c51,0x8c50,0x8410,0x7bef,0x9cf3,0xf79e,0xffff,0xffff,0xffff,0xffff,0xffff,0xffff,0xffff,0xe73c,0x94b2,0x7bef,
  0x8430,0x8c51,0x8c72,0x8c72,0x8c71,0x8c51,0x8c71,0x8c71,0x8c51,0x8430,0x840f,0x94b2,0xe73c,0xffff,0xffff,0xffff,
  0xffff,0xffff,0xffff,0xdefb,0x8430,0x8c50,0x8c51,0x8410,0xe71c,0xffff,0xffff,0xffff,0xffff,0xffff,0xffdf,0x94b2,
  0x8410,0x8c51,0x8410,0xbdd7,0xffff,0xffff,0xffff,0xffff,0xffff,0xffff,0xbdd7,0x7bef,0x8c51,0x8410,0x94b2,0xffdf,
  0xffff,0xffff,0xffff,0xffff,0xf7be,0x94b2,0x8430,0x8c51,0x8410,0xb595,0xffff,0xfdd1,0xf300,0xfb40,0xfb40,0xfb40,
  0xfb40,0xfb40,0xfb40,0xfb20,0xf362,0xfb83,0xfb63,0xfb82,0xfb62,0xfb40,0xfb40,0xfb40,0xfb62,0xfb83,0xfb63,0xfb63,
  0xfb83,0xfb41,0xfb40,0xf340,0xfb41,0xfb83,0xfb63,0xfb83,0xf383,0xfb40,0xfb41,0xf341,0xfb62,0xfb83,0xf383,0xfb83,
  0xfb62,0xfb40,0xfb40,0xfb40,0xfb40,0xfb40,0xfb40,0xfb41,0xfb00,0xfcca,0xffff,0xffff,0xffff,0xffff,0xffff,0xffff,
  0xffff,0xffff,0xffff,0xffff,0xffff,0xffff,0xffff,0xffff,0xffff,0xffff,0xffff,0xbdf7,0x840f,0x8c71,0x8c51,0x8c51,
  0x8c51,0xe71c,0xffff,0xffff,0xffff,0xffff,0xffff,0xffff,0xffff,0xce79,0x8430,0x8c51,0x8c51,0x8c51,0x8430,0xdedb,
  0xffff,0xffff,0xffff,0xffff,0xdedb,0x8430,0x8c71,0x8c51,0x8c50,0xe73c,0xffff,0xffff,0xffff,0xffff,0xffff,0xffff,
  0xffff,0xdedb,0xad55,0x8c71,0x8430,0x8410,0x8410,0x8410,0x8410,0x8410,0x8430,0x8c51,0xa514,0xce58,0xffdf,0xffff,
  0xffff,0xffff,0xffff,0xffff,0xffff,0xffff,0xffff,0xffff,0xf7be,0xc617,0x9cd3,0x8c51,0x8410,0x8410,0x8410,0x8410,
  0x8410,0x8410,0x8c50,0x94b2,0xbdf7,0xf7be,0xffff,0xffff,0xffff,0xffff,0xffff,0xffff,0xffff,0xdefb,0x8c50,0x8c51,
  0x8c51,0x8430,0xe71c,0xffff,0xffff,0xffff,0xffff,0xffff,0xffdf,0x9cd3,0x8c51,0x8c71,0x8410,0xbdd7,0xffff,0xffff,
  0xffff,0xffff,0xffff,0xffff,0xbdf7,0x8410,0x8c71,0x8c50,0x9cd3,0xffdf,0xffff,0xffff,0xffff,0xffff,0xf7be,0x9cd2,
  0x8430,0x8c71,0x8430,0xb595,0xffff,0xfe76,0xfb00,0xfb40,0xfb40,0xfb40,0xfb40,0xfb40,0xfb40,0xfb40,0xfb20,0xfb20,
  0xfb40,0xfb20,0xfb20,0xfb40,0xfb40,0xfb40,0xfb40,0xfb40,0xfb40,0xfb40,0xfb20,0xfb40,0xfb40,0xfb40,0xfb40,0xfb20,
  0xfb40,0xfb40,0xfb20,0xfb40,0xfb20,0xfb40,0xfb40,0xfb40,0xfb20,0xfb20,0xfb40,0xfb40,0xfb40,0xfb40,0xfb40,0xfb40,
  0xfb40,0xfb41,0xfae0,0xfd8f,0xffff,0xffff,0xffff,0xffff,0xffff,0xffff,0xffff,0xffff,0xffff,0xffff,0xffff,0xffff,
  0xffff,0xffff,0xffff,0xffff,0xffff,0xef9d,0xef7d,0xef7d,0xef7d,0xef7d,0xf79e,0xffff,0xffff,0xffff,0xffff,0xffff,
  0xffff,0xffff,0xffff,0xffff,0xef7d,0xef7d,0xef7d,0xef7d,0xef5d,0xf7be,0xffff,0xffff,0xffff,0xffff,0xffdf,0xef7d,
  0xef7d,0xef7d,0xef7d,0xffdf,0xffff,0xffff,0xffff,0xffff,0xffff,0xffff,0xffff,0xffff,0xffff,0xf79e,0xe73c,0xd69a,
  0xce79,0xce59,0xce79,0xd69a,0xe71c,0xef7d,0xffff,0xffff,0xffff,0xffff,0xffff,0xffff,0xffff,0xffff,0xffff,0xffff,
  0xffff,0xffff,0xffff,0xffff,0xffdf,0xef7d,0xd6ba,0xce59,0xce59,0xc638,0xce59,0xd6ba,0xef5d,0xf7be,0xffff,0xffff,
  0xffff,0xffff,0xffff,0xffff,0xffff,0xffff,0xffff,0xffdf,0xef7d,0xef7d,0xef7d,0xef7d,0xffdf,0xffff,0xffff,0xffff,
  0xffff,0xffff,0xffff,0xf79e,0xef7d,0xef7d,0xef7d,0xf7be,0xffff,0xffff,0xffff,0xffff,0xffff,0xffff,0xf7be,0xef7d,
  0xef7d,0xef7d,0xf79d,0xffff,0xffff,0xffff,0xffff,0xffff,0xffff,0xf79d,0xef7d,0xef7d,0xef7d,0xf79e,0xffff,0xff5c,
  0xfb62,0xfb40,0xfb40,0xfb40,0xfb40,0xfb40,0xfb40,0xfb40,0xfb40,0xfb40,0xfb40,0xfb40,0xfb40,0xfb40,0xfb40,0xfb40,
  0xfb40,0xfb40,0xfb40,0xfb40,0xfb40,0xfb40,0xfb40,0xfb40,0xfb40,0xfb40,0xfb40,0xfb40,0xfb40,0xfb40,0xfb40,0xfb40,
  0xfb40,0xfb40,0xfb40,0xfb40,0xfb40,0xfb40,0xfb40,0xfb40,0xfb40,0xfb40,0xfb40,0xfb60,0xfb00,0xfeb7,0xffff,0xffff,
  0xffff,0xffff,0xffff,0xffff,0xffff,0xffff,0xffff,0xffff,0xffff,0xffff,0xffff,0xffff,0xffff,0xffff,0xffff,0xffff,
  0xffff,0xffff,0xffff,0xffff,0xffff,0xffff,0xffff,0xffff,0xffff,0xffff,0xffff,0xffff,0xffff,0xffff,0xffff,0xffff,
  0xffff,0xffff,0xffff,0xffff,0xffff,0xffff,0xffff,0xffff,0xffff,0xffff,0xffff,0xffff,0xffff,0xffff,0xffff,0xffff,
  0xffff,0xffff,0xffff,0xffff,0xffff,0xffff,0xffff,0xffff,0xffff,0xffff,0xffff,0xffff,0xffff,0xffff,0xffff,0xffff,
  0xffff,0xffff,0xffff,0xffff,0xffff,0xffff,0xffff,0xffff,0xffff,0xffff,0xffff,0xffff,0xffff,0xffff,0xffff,0xffff,
  0xffff,0xffff,0xffff,0xffff,0xffff,0xffff,0xffff,0xffff,0xffff,0xffff,0xffff,0xffff,0xffff,0xffff,0xffff,0xffff,
  0xffff,0xffff,0xffff,0xffff,0xffff,0xffff,0xffff,0xffff,0xffff,0xffff,0xffff,0xffff,0xffff,0xffff,0xffff,0xffff,
  0xffff,0xffff,0xffff,0xffff,0xffff,0xffff,0xffff,0xffff,0xffff,0xffff,0xffff,0xffff,0xffff,0xffff,0xffff,0xffff,
  0xffff,0xffff,0xffff,0xffff,0xffff,0xffff,0xffff,0xffff,0xffff,0xffff,0xfc68,0xfb00,0xfb40,0xfb40,0xfb40,0xfb40,
  0xfb40,0xfb40,0xfb40,0xfb40,0xfb40,0xfb40,0xfb40,0xfb40,0xfb40,0xfb40,0xfb40,0xfb40,0xfb40,0xfb40,0xfb40,0xfb40,
  0xfb40,0xfb40,0xfb40,0xfb40,0xfb40,0xfb40,0xfb40,0xfb40,0xfb40,0xfb40,0xfb40,0xfb40,0xfb40,0xfb40,0xfb40,0xfb40,
  0xfb40,0xfb40,0xfb40,0xfb40,0xfb40,0xfb20,0xf3a4,0xff9d,0xffff,0xffff,0xffff,0xffff,0xffff,0xffff,0xffff,0xffff,
  0xffff,0xffff,0xffff,0xffff,0xffff,0xffff,0xffff,0xffff,0xffff,0xffff,0xffff,0xffff,0xffff,0xffff,0xffff,0xffff,
  0xffff,0xffff,0xffff,0xffff,0xffff,0xffff,0xffff,0xffff,0xffff,0xffff,0xffff,0xffff,0xffff,0xffff,0xffff,0xffff,
  0xffff,0xffff,0xffff,0xffff,0xffff,0xffff,0xffff,0xffff,0xffff,0xffff,0xffff,0xffff,0xffff,0xffff,0xffff,0xffff,
  0xffff,0xffff,0xffff,0xffff,0xffff,0xffff,0xffff,0xffff,0xffff,0xffff,0xffff,0xffff,0xffff,0xffff,0xffff,0xffff,
  0xffff,0xffff,0xffff,0xffff,0xffff,0xffff,0xffff,0xffff,0xffff,0xffff,0xffff,0xffff,0xffff,0xffff,0xffff,0xffff,
  0xffff,0xffff,0xffff,0xffff,0xffff,0xffff,0xffff,0xffff,0xffff,0xffff,0xffff,0xffff,0xffff,0xffff,0xffff,0xffff,
  0xffff,0xffff,0xffff,0xffff,0xffff,0xffff,0xffff,0xffff,0xffff,0xffff,0xffff,0xffff,0xffff,0xffff,0xffff,0xffff,
  0xffff,0xffff,0xffff,0xffff,0xffff,0xffff,0xffff,0xffff,0xffff,0xffff,0xffff,0xffff,0xffff,0xffff,0xffff,0xffff,
  0xffff,0xffff,0xffff,0xffff,0xfdf2,0xfae0,0xfb41,0xfb40,0xfb40,0xfb40,0xfb40,0xfb40,0xfb40,0xfb40,0xfb40,0xfb40,
  0xfb40,0xfb40,0xfb40,0xfb40,0xfb40,0xfb40,0xfb40,0xfb40,0xfb40,0xfb40,0xfb40,0xfb40,0xfb40,0xfb40,0xfb40,0xfb40,
  0xfb40,0xfb40,0xfb40,0xfb40,0xfb40,0xfb40,0xfb40,0xfb40,0xfb40,0xfb40,0xfb40,0xfb40,0xfb40,0xfb40,0xfb40,0xfb00,
  0xfccc,0xffff,0xffff,0xffff,0xffff,0xffff,0xffff,0xffff,0xffff,0xffff,0xffff,0xffff,0xffff,0xffff,0xffff,0xffff,
  0xffff,0xffff,0xffff,0xffff,0xffff,0xffff,0xffff,0xffff,0xffff,0xffff,0xffff,0xffff,0xffff,0xffff,0xffff,0xffff,
  0xffff,0xffff,0xffff,0xffff,0xffff,0xffff,0xffff,0xffff,0xffff,0xffff,0xffff,0xffff,0xffff,0xffff,0xffff,0xffff,
  0xffff,0xffff,0xffff,0xffff,0xffff,0xffff,0xffff,0xffff,0xffff,0xffff,0xffff,0xffff,0xffff,0xffff,0xffff,0xffff,
  0xffff,0xffff,0xffff,0xffff,0xffff,0xffff,0xffff,0xffff,0xffff,0xffff,0xffff,0xffff,0xffff,0xffff,0xffff,0xffff,
  0xffff,0xffff,0xffff,0xffff,0xffff,0xffff,0xffff,0xffff,0xffff,0xffff,0xffff,0xffff,0xffff,0xffff,0xffff,0xffff,
  0xffff,0xffff,0xffff,0xffff,0xffff,0xffff,0xffff,0xffff,0xffff,0xffff,0xffff,0xffff,0xffff,0xffff,0xffff,0xffff,
  0xffff,0xffff,0xffff,0xffff,0xffff,0xffff,0xffff,0xffff,0xffff,0xffff,0xffff,0xffff,0xffff,0xffff,0xffff,0xffff,
  0xffff,0xffff,0xffff,0xffff,0xffff,0xffff,0xffff,0xffff,0xffff,0xffff,0xffff,0xffff,0xffff,0xffff,0xff9c,0xfb82,
  0xfb20,0xfb21,0xfb40,0xfb40,0xfb40,0xfb40,0xfb40,0xfb40,0xfb40,0xfb40,0xfb40,0xfb40,0xfb40,0xfb40,0xfb40,0xfb40,
  0xfb40,0xfb40,0xfb40,0xfb40,0xfb40,0xfb40,0xfb40,0xfb40,0xfb40,0xfb40,0xfb40,0xfb40,0xfb40,0xfb40,0xfb40,0xfb40,
  0xfb40,0xfb40,0xfb40,0xfb40,0xfb40,0xfb40,0xfb41,0xfb40,0xfb40,0xfb20,0xfeb8,0xffff,0xffff,0xffff,0xffff,0xffff,
  0xffff,0xffff,0xffff,0xffff,0xffff,0xffff,0xffff,0xffff,0xffff,0xffff,0xffff,0xffff,0xffff,0xffff,0xffff,0xffff,
  0xffff,0xffff,0xffff,0xffff,0xffff,0xffff,0xffff,0xffff,0xffff,0xffff,0xffff,0xffff,0xffff,0xffff,0xffff,0xffff,
  0xffff,0xffff,0xffff,0xffff,0xffff,0xffff,0xffff,0xffff,0xffff,0xffff,0xffff,0xffff,0xffff,0xffff,0xffff,0xffff,
  0xffff,0xffff,0xffff,0xffff,0xffff,0xffff,0xffff,0xffff,0xffff,0xffff,0xffff,0xffff,0xffff,0xffff,0xffff,0xffff,
  0xffff,0xffff,0xffff,0xffff,0xffff,0xffff,0xffff,0xffff,0xffff,0xffff,0xffff,0xffff,0xffff,0xffff,0xffff,0xffff,
  0xffff,0xffff,0xffff,0xffff,0xffff,0xffff,0xffff,0xffff,0xffff,0xffff,0xffff,0xffff,0xffff,0xffff,0xffff,0xffff,
  0xffff,0xffff,0xffff,0xffff,0xffff,0xffff,0xffff,0xffff,0xffff,0xffff,0xffff,0xffff,0xffff,0xffff,0xffff,0xffff,
  0xffff,0xffff,0xffff,0xffff,0xffff,0xffff,0xffff,0xffff,0xffff,0xffff,0xffff,0xffff,0xffff,0xffff,0xffff,0xffff,
  0xffff,0xffff,0xffff,0xffff,0xffff,0xffff,0xffbe,0xf7ff,0xffff,0xf570,0xf2e0,0xfb41,0xfb60,0xfb20,0xfb40,0xfb40,
  0xfb40,0xfb40,0xfb40,0xfb40,0xfb40,0xfb40,0xfb40,0xfb40,0xfb40,0xfb40,0xfb40,0xfb40,0xfb40,0xfb40,0xfb40,0xfb40,
  0xfb40,0xfb40,0xfb40,0xfb40,0xfb40,0xfb40,0xfb40,0xfb40,0xfb40,0xfb40,0xfb40,0xfb40,0xfb40,0xfb40,0xfb40,0xfb40,
  0xfb20,0xfb61,0xfb00,0xf489,0xffff,0xffff,0xffff,0xffff,0xffff,0xffff,0xffff,0xffff,0xffff,0xffff,0xffff,0xffff,
  0xffff,0xffff,0xffff,0xffff,0xffff,0xffff,0xffff,0xffff,0xffff,0xffff,0xffff,0xffff,0xffff,0xffff,0xffff,0xffff,
  0xffff,0xffff,0xffff,0xffff,0xffff,0xffff,0xffff,0xffff,0xffff,0xffff,0xffff,0xffff,0xffff,0xffff,0xffff,0xffff,
  0xffff,0xffff,0xffff,0xffff,0xffff,0xffff,0xffff,0xffff,0xffff,0xffff,0xffff,0xffff,0xffff,0xffff,0xffff,0xffff,
  0xffff,0xffff,0xffff,0xffff,0xffff,0xffff,0xffff,0xffff,0xffff,0xffff,0xffff,0xffff,0xffff,0xffff,0xffff,0xffff,
  0xffff,0xffff,0xffff,0xffff,0xffff,0xffff,0xffff,0xffff,0xffff,0xffff,0xffff,0xffff,0xffff,0xffff,0xffff,0xffff,
  0xffff,0xffff,0xffff,0xffff,0xffff,0xffff,0xffff,0xffff,0xffff,0xffff,0xffff,0xffff,0xffff,0xffff,0xffff,0xffff,
  0xffff,0xffff,0xffff,0xffff,0xffff,0xffff,0xffff,0xffff,0xffff,0xffff,0xffff,0xffff,0xffff,0xffff,0xffff,0xffff,
  0xffff,0xffff,0xffff,0xffff,0xffff,0xffff,0xffff,0xffff,0xffff,0xffff,0xffff,0xffff,0xffff,0xffff,0xffff,0xffff,
  0xffff,0xffff,0xffff,0xff9d,0xf3e5,0xfb00,0xfb61,0xfb40,0xfb40,0xfb40,0xfb40,0xfb40,0xfb40,0xfb40,0xfb40,0xfb40,
  0xfb40,0xfb40,0xfb40,0xfb40,0xfb40,0xfb40,0xfb40,0xfb40,0xfb40,0xfb40,0xfb40,0xfb40,0xfb40,0xfb40,0xfb40,0xfb40,
  0xfb40,0xfb40,0xfb40,0xfb40,0xfb40,0xfb40,0xfb40,0xfb40,0xfb40,0xfb40,0xfb41,0xfb40,0xfb41,0xff19,0xffff,0xffff,
  0xffff,0xffff,0xffff,0xffff,0xffff,0xffff,0xffff,0xffff,0xffff,0xffff,0xffff,0xffff,0xffff,0xffff,0xffff,0xffff,
  0xffff,0xffff,0xffff,0xffff,0xffff,0xffff,0xffff,0xffff,0xffff,0xffff,0xffff,0xffff,0xffff,0xffff,0xffff,0xffff,
  0xffff,0xffff,0xffff,0xffff,0xffff,0xffff,0xffff,0xffff,0xffff,0xffff,0xffff,0xffff,0xffff,0xffff,0xffff,0xffff,
  0xffff,0xffff,0xffff,0xffff,0xffff,0xffff,0xffff,0xffff,0xffff,0xffff,0xffff,0xffff,0xffff,0xffff,0xffff,0xffff,
  0xffff,0xffff,0xffff,0xffff,0xffff,0xffff,0xffff,0xffff,0xffff,0xffff,0xffff,0xffff,0xffff,0xffff,0xffff,0xffff,
  0xffff,0xffff,0xffff,0xffff,0xffff,0xffff,0xffff,0xffff,0xffff,0xffff,0xffff,0xffff,0xffff,0xffff,0xffff,0xffff,
  0xffff,0xffff,0xffff,0xffff,0xffff,0xffff,0xffff,0xffff,0xffff,0xffff,0xffff,0xffff,0xffff,0xffff,0xffff,0xffff,
  0xffff,0xffff,0xffff,0xffff,0xffff,0xffff,0xffff,0xffff,0xffff,0xffff,0xffff,0xffff,0xffff,0xffff,0xffff,0xffff,
  0xffff,0xffff,0xffff,0xffff,0xffff,0xffff,0xffff,0xffff,0xffff,0xffff,0xffff,0xffff,0xffff,0xffff,0xf6b8,0xf341,
  0xfb20,0xfb40,0xfb20,0xfb40,0xfb20,0xfb40,0xfb40,0xfb40,0xfb40,0xfb40,0xfb40,0xfb40,0xfb40,0xfb40,0xfb40,0xfb40,
  0xfb40,0xfb40,0xfb40,0xfb40,0xfb40,0xfb40,0xfb40,0xfb40,0xfb40,0xfb40,0xfb40,0xfb40,0xfb40,0xfb40,0xfb40,0xfb40,
  0xfb40,0xfb40,0xfb40,0xfb40,0xfb41,0xf300,0xf5f2,0xffff,0xffff,0xffff,0xffff,0xffff,0xffff,0xffff,0xffff,0xffff,
  0xffff,0xffff,0xffff,0xffff,0xffff,0xffff,0xffff,0xffff,0xffff,0xffff,0xffff,0xffff,0xffff,0xffff,0xffff,0xffff,
  0xffff,0xffff,0xffff,0xffff,0xffff,0xffff,0xffff,0xffff,0xffff,0xffff,0xffff,0xffff,0xffff,0xffff,0xffff,0xffff,
  0xffff,0xffff,0xffff,0xffff,0xffff,0xffff,0xffff,0xffff,0xffff,0xffff,0xffff,0xffff,0xffff,0xffff,0xffff,0xffff,
  0xffff,0xffff,0xffff,0xffff,0xffff,0xffff,0xffff,0xffff,0xffff,0xffff,0xffff,0xffff,0xffff,0xffff,0xffff,0xffff,
  0xffff,0xffff,0xffff,0xffff,0xffff,0xffff,0xffff,0xffff,0xffff,0xffff,0xffff,0xffff,0xffff,0xffff,0xffff,0xffff,
  0xffff,0xffff,0xffff,0xffff,0xffff,0xffff,0xffff,0xffff,0xffff,0xffff,0xffff,0xffff,0xffff,0xffff,0xffff,0xffff,
  0xffff,0xffff,0xffff,0xffff,0xffff,0xffff,0xffff,0xffff,0xffff,0xffff,0xffff,0xffff,0xffff,0xffff,0xffff,0xffff,
  0xffff,0xffff,0xffff,0xffff,0xffff,0xffff,0xffff,0xffff,0xffff,0xffff,0xffff,0xffff,0xffff,0xffff,0xffff,0xffff,
  0xffff,0xffff,0xffff,0xffff,0xffff,0xffff,0xffff,0xffff,0xffff,0xf654,0xf321,0xfb40,0xfb41,0xfb40,0xfb40,0xfb40,
  0xfb40,0xfb40,0xfb40,0xfb40,0xfb40,0xfb40,0xfb40,0xfb40,0xfb40,0xfb40,0xfb40,0xfb40,0xfb40,0xfb40,0xfb40,0xfb40,
  0xfb40,0xfb40,0xfb40,0xfb40,0xfb40,0xfb40,0xfb40,0xfb40,0xfb40,0xfb40,0xfb40,0xfb40,0xfb60,0xfb41,0xf2e0,0xfd70,
  0xffff,0xffff,0xffff,0xffff,0xffff,0xffff,0xffff,0xffff,0xffff,0xffff,0xffff,0xffff,0xffff,0xffff,0xffff,0xffff,
  0xffff,0xffff,0xffff,0xffff,0xffff,0xffff,0xffff,0xffff,0xffff,0xffff,0xffff,0xffff,0xffff,0xffff,0xffff,0xffff,
  0xffff,0xffff,0xffff,0xffff,0xffff,0xffff,0xffff,0xffff,0xffff,0xffff,0xffff,0xffff,0xffff,0xffff,0xffff,0xffff,
  0xffff,0xffff,0xffff,0xffff,0xffff,0xffff,0xffff,0xffff,0xffff,0xffff,0xffff,0xffff,0xffff,0xffff,0xffff,0xffff,
  0xffff,0xffff,0xffff,0xffff,0xffff,0xffff,0xffff,0xffff,0xffff,0xffff,0xffff,0xffff,0xffff,0xffff,0xffff,0xffff,
  0xffff,0xffff,0xffff,0xffff,0xffff,0xffff,0xffff,0xffff,0xffff,0xffff,0xffff,0xffff,0xffff,0xffff,0xffff,0xffff,
  0xffff,0xffff,0xffff,0xffff,0xffff,0xffff,0xffff,0xffff,0xffff,0xffff,0xffff,0xffff,0xffff,0xffff,0xffff,0xffff,
  0xffff,0xffff,0xffff,0xffff,0xffff,0xffff,0xffff,0xffff,0xffff,0xffff,0xffff,0xffff,0xffff,0xffff,0xffff,0xffff,
  0xffff,0xffff,0xffff,0xffff,0xffff,0xffff,0xffff,0xffff,0xffff,0xffff,0xffff,0xffff,0xffff,0xffff,0xffff,0xffff,
  0xffff,0xffff,0xffff,0xffff,0xfe75,0xfb82,0xfae0,0xfb61,0xfb41,0xfb40,0xfb40,0xfb40,0xfb40,0xfb40,0xfb40,0xfb40,
  0xfb40,0xfb40,0xfb40,0xfb40,0xfb40,0xfb40,0xfb40,0xfb40,0xfb40,0xfb40,0xfb40,0xfb40,0xfb40,0xfb40,0xfb40,0xfb40,
  0xfb40,0xfb40,0xfb40,0xfb60,0xfb40,0xfb41,0xfb20,0xfb00,0xf5d1,0xffff,0xffff,0xffff,0xffff,0xffff,0xffff,0xffff,
  0xffff,0xffff,0xffff,0xffff,0xffff,0xffff,0xffff,0xffff,0xffff,0xffff,0xffff,0xffff,0xffff,0xffff,0xffff,0xffff,
  0xffff,0xffff,0xffff,0xffff,0xffff,0xffff,0xffff,0xffff,0xffff,0xffff,0xffff,0xffff,0xffff,0xffff,0xffff,0xffff,
  0xffff,0xffff,0xffff,0xffff,0xffff,0xffff,0xffff,0xffff,0xffff,0xffff,0xffff,0xffff,0xffff,0xffff,0xffff,0xffff,
  0xffff,0xffff,0xffff,0xffff,0xffff,0xffff,0xffff,0xffff,0xffff,0xffff,0xffff,0xffff,0xffff,0xffff,0xffff,0xffff,
  0xffff,0xffff,0xffff,0xffff,0xffff,0xffff,0xffff,0xffff,0xffff,0xffff,0xffff,0xffff,0xffff,0xffff,0xffff,0xffff,
  0xffff,0xffff,0xffff,0xffff,0xffff,0xffff,0xffff,0xffff,0xffff,0xffff,0xffff,0xffff,0xffff,0xffff,0xffff,0xffff,
  0xffff,0xffff,0xffff,0xffff,0xffff,0xffff,0xffff,0xffff,0xffff,0xffff,0xffff,0xffff,0xffff,0xffff,0xffff,0xffff,
  0xffff,0xffff,0xffff,0xffff,0xffff,0xffff,0xffff,0xffff,0xffff,0xffff,0xffff,0xffff,0xffff,0xffff,0xffff,0xffff,
  0xffff,0xffff,0xffff,0xffff,0xffff,0xffff,0xffff,0xffff,0xffff,0xffff,0xffff,0xffff,0xffff,0xffde,0xffff,0xff3a,
  0xfc69,0xfb00,0xfb00,0xfb40,0xfb60,0xfb60,0xfb40,0xfb40,0xfb40,0xfb40,0xfb40,0xfb40,0xfb40,0xfb40,0xfb40,0xfb40,
  0xfb40,0xfb40,0xfb40,0xfb40,0xfb40,0xfb40,0xfb40,0xfb20,0xfb40,0xfb40,0xfb40,0xfb40,0xfb40,0xfb20,0xfb00,0xfae0,
  0xf406,0xfe96,0xffff,0xffff,0xffff,0xffff,0xffff,0xffff,0xffff,0xffff,0xffff,0xffff,0xffff,0xffff,0xffff,0xffff,
  0xffff,0xffff,0xffff,0xffff,0xffff,0xffff,0xffff,0xffff,0xffff,0xffff,0xffff,0xffff,0xffff,0xffff,0xffff,0xffff,
  0xffff,0xffff,0xffff,0xffff,0xffff,0xffff,0xffff,0xffff,0xffff,0xffff,0xffff,0xffff,0xffff,0xffff,0xffff,0xffff,
  0xffff,0xffff,0xffff,0xffff,0xffff,0xffff,0xffff,0xffff,0xffff,0xffff,0xffff,0xffff,0xffff,0xffff,0xffff,0xffff,
  0xffff,0xffff,0xffff,0xffff,0xffff,0xffff,0xffff,0xffff,0xffff,0xffff,0xffff,0xffff,0xffff,0xffff,0xffff,0xffff,
  0xffff,0xffff,0xffff,0xffff,0xffff,0xffff,0xffff,0xffff,0xffff,0xffff,0xffff,0xffff,0xffff,0xffff,0xffff,0xffff,
  0xffff,0xffff,0xffff,0xffff,0xffff,0xffff,0xffff,0xffff,0xffff,0xffff,0xffff,0xffff,0xffff,0xffff,0xffff,0xffff,
  0xffff,0xffff,0xffff,0xffff,0xffff,0xffff,0xffff,0xffff,0xffff,0xffff,0xffff,0xffff,0xffff,0xffff,0xffff,0xffff,
  0xffff,0xffff,0xffff,0xffff,0xffff,0xffff,0xffff,0xffff,0xffff,0xffff,0xffff,0xffff,0xffff,0xffff,0xffff,0xffff,
  0xffff,0xffff,0xffff,0xffff,0xffff,0xffff,0xffff,0xffff,0xffff,0xffff,0xffff,0xfe54,0xfc48,0xf341,0xfae0,0xfb00,
  0xfb20,0xfb20,0xfb40,0xfb40,0xfb60,0xfb40,0xfb40,0xfb40,0xfb40,0xfb40,0xfb40,0xfb40,0xfb40,0xfb40,0xfb40,0xfb40,
  0xfb61,0xfb41,0xfb41,0xfb20,0xfb00,0xfb00,0xfae0,0xfb20,0xfc07,0xfdf2,0xffbe,0xffff,0xffff,0xffff,0xffff,0xffff,
  0xffff,0xffff,0xffff,0xffff,0xffff,0xffff,0xffff,0xffff,0xffff,0xffff,0xffff,0xffff,0xffff,0xffff,0xffff,0xffff,
  0xffff,0xffff,0xffff,0xffff,0xffff,0xffff,0xffff,0xffff,0xffff,0xffff,0xffff,0xffff,0xffff,0xffff,0xffff,0xffff,
  0xffff,0xffff,0xffff,0xffff,0xffff,0xffff,0xffff,0xffff,0xffff,0xffff,0xffff,0xffff,0xffff,0xffff,0xffff,0xffff,
  0xffff,0xffff,0xffff,0xffff,0xffff,0xffff,0xffff,0xffff,0xffff,0xffff,0xffff,0xffff,0xffff,0xffff,0xffff,0xffff,
  0xffff,0xffff,0xffff,0xffff,0xffff,0xffff,0xffff,0xffff,0xffff,0xffff,0xffff,0xffff,0xffff,0xffff,0xffff,0xffff,
  0xffff,0xffff,0xffff,0xffff,0xffff,0xffff,0xffff,0xffff,0xffff,0xffff,0xffff,0xffff,0xffff,0xffff,0xffff,0xffff,
  0xffff,0xffff,0xffff,0xffff,0xffff,0xffff,0xffff,0xffff,0xffff,0xffff,0xffff,0xffff,0xffff,0xffff,0xffff,0xffff,
  0xffff,0xffff,0xffff,0xffff,0xffff,0xffff,0xffff,0xffff,0xffff,0xffff,0xffff,0xffff,0xffff,0xffff,0xffff,0xffff,
  0xffff,0xffff,0xffff,0xffff,0xffff,0xffff,0xffff,0xffff,0xffff,0xffff,0xffff,0xffff,0xffff,0xffff,0xffff,0xffff,
  0xffff,0xffff,0xffff,0xffff,0xffff,0xffff,0xffff,0xff1a,0xfdd2,0xfcaa,0xfbc4,0xfb61,0xf340,0xfb00,0xfb00,0xfb00,
  0xfb00,0xfb00,0xfb00,0xfb00,0xfb00,0xfb00,0xfb00,0xfb00,0xfb00,0xfb00,0xf300,0xfb00,0xfb20,0xf361,0xfbc4,0xfc69,
  0xfd8f,0xfeb6,0xffff,0xffff,0xffff,0xffff,0xffff,0xffff,0xffff,0xffff,0xffff,0xffff,0xffff,0xffff,0xffff,0xffff,
  0xffff,0xffff,0xffff,0xffff,0xffff,0xffff,0xffff,0xffff,0xffff,0xffff,0xffff,0xffff,0xffff,0xffff,0xffff,0xffff,
  0xffff,0xffff,0xffff,0xffff,0xffff,0xffff,0xffff,0xffff,0xffff,0xffff,0xffff,0xffff,0xffff,0xffff,0xffff,0xffff,
  0xffff,0xffff,0xffff,0xffff,0xffff,0xffff,0xffff,0xffff,0xffff,0xffff,0xffff,0xffff,0xffff,0xffff,0xffff,0xffff,
  0xffff,0xffff,0xffff,0xffff,0xffff,0xffff,0xffff,0xffff,0xffff,0xffff,0xffff,0xffff,0xffff,0xffff,0xffff,0xffff,
  0xffff,0xffff,0xffff,0xffff,0xffff,0xffff,0xffff,0xffff,0xffff,0xffff,0xffff,0xffff,0xffff,0xffff,0xffff,0xffff,
  0xffff,0xffff,0xffff,0xffff,0xffff,0xffff,0xffff,0xffff,0xffff,0xffff,0xffff,0xffff,0xffff,0xffff,0xffff,0xffff,
  0xffff,0xffff,0xffff,0xffff,0xffff,0xffff,0xffff,0xffff,0xffff,0xffff,0xffff,0xffff,0xffff,0xffff,0xffff,0xffff,
  0xffff,0xffff,0xffff,0xffff,0xffff,0xffff,0xffff,0xffff,0xffff,0xffff,0xffff,0xffff,0xffff,0xffff,0xffff,0xffff,
  0xffff,0xffff,0xffff,0xffff,0xffff,0xffff,0xffff,0xffff,0xffff,0xffff,0xffff,0xffff,0xffff,0xffff,0xffff,0xffff,
  0xffde,0xffff,0xffff,0xffff,0xffbd,0xff19,0xfe96,0xfe13,0xfdb0,0xfd4e,0xf52e,0xf52d,0xfd2e,0xfd2e,0xfd2e,0xfd2e,
  0xfd2e,0xfd2e,0xfd2d,0xfd4e,0xfdd1,0xfe13,0xfe76,0xfef8,0xff9d,0xffff,0xffff,0xffff,0xffff,0xffff,0xffff,0xffff,
  0xffff,0xffff,0xffff,0xffff,0xffff,0xffff,0xffff,0xffff,0xffff,0xffff,0xffff,0xffff,0xffff,0xffff,0xffff,0xffff,
  0xffff,0xffff,0xffff,0xffff,0xffff,0xffff,0xffff,0xffff,0xffff,0xffff,0xffff,0xffff,0xffff,0xffff,0xffff,0xffff,
  0xffff,0xffff,0xffff,0xffff,0xffff,0xffff,0xffff,0xffff,0xffff,0xffff,0xffff,0xffff,0xffff,0xffff,0xffff,0xffff,
  0xffff,0xffff,0xffff,0xffff,0xffff,0xffff,0xffff,0xffff,0xffff,0xffff,0xffff,0xffff,0xffff,0xffff,0xffff,0xffff,
  0xffff,0xffff,0xffff,0xffff,0xffff,0xffff,0xffff,0xffff,0xffff,0xffff,0xffff,0xffff,0xffff,0xffff,0xffff,0xffff,
  0xffff,0xffff,0xffff,0xffff,0xffff,0xffff,0xffff,0xffff,0xffff,0xffff,0xffff,0xffff,0xffff,0xffff,0xffff,0xffff,
  0xffff,0xffff,0xffff,0xffff,0xffff,0xffff,0xffff,0xffff,0xffff,0xffff,0xffff,0xffff,0xffff,0xffff,0xffff,0xffff,
  0xffff,0xffff,0xffff,0xffff,0xffff,0xffff,0xffff,0xffff,0xffff,0xffff,0xffff,0xffff,0xffff,0xffff,0xffff,0xffff,
  0xffff,0xffff,0xffff,0xffff,0xffff,0xffff,0xffff,0xffff,0xffff,0xffff,0xffff,0xffff,0xffff,0xffff,0xffff,0xffff,
};

#define LOGO_OPENVELA_W 196
#define LOGO_OPENVELA_H 48
static const uint16_t logo_openvela_bits[9408] = {
  0xffff,0xffff,0xffff,0xffff,0xffff,0xffff,0xffff,0xffff,0xffff,0xdf3e,0xbebd,0xffff,0xffff,0xffff,0xffff,0xffff,
  0xffff,0xffff,0xffff,0xffff,0xffff,0xffff,0xffff,0xffff,0xffff,0xffff,0xffff,0xffff,0xffff,0xffff,0xffff,0xffff,
  0xffff,0xffff,0xffff,0xffff,0xffff,0xffff,0xffff,0xffff,0xffff,0xffff,0xffff,0xffff,0xffff,0xffff,0xffff,0xffff,
  0xffff,0xffff,0xffff,0xffff,0xffff,0xffff,0xffff,0xffff,0xffff,0xffff,0xffff,0xffff,0xffff,0xffff,0xffff,0xffff,
  0xffff,0xffff,0xffff,0xffff,0xffff,0xffff,0xffff,0xffff,0xffff,0xffff,0xffff,0xffff,0xffff,0xffff,0xffff,0xffff,
  0xffff,0xffff,0xffff,0xffff,0xffff,0xffff,0xffff,0xffff,0xffff,0xffff,0xffff,0xffff,0xffff,0xffff,0xffff,0xffff,
  0xffff,0xffff,0xffff,0xffff,0xffff,0xffff,0xffff,0xffff,0xffff,0xffff,0xffff,0xffff,0xffff,0xffff,0xffff,0xffff,
  0xffff,0xffff,0xffff,0xffff,0xffff,0xffff,0xffff,0xffff,0xffff,0xffff,0xffff,0xffff,0xffff,0xffff,0xffff,0xffff,
  0xffff,0xffff,0xffff,0xffff,0xffff,0xffff,0xffff,0xffff,0xffff,0xffff,0xffff,0xffff,0xffff,0xffff,0xffff,0xffff,
  0xffff,0xffff,0xffff,0xffff,0xffff,0xffff,0xffff,0xffff,0xffff,0xffff,0xffff,0xffff,0xffff,0xffff,0xffff,0xffff,
  0xffff,0xffff,0xffff,0xffff,0xffff,0xffff,0xffff,0xffff,0xffff,0xffff,0xffff,0xffff,0xffff,0xffff,0xffff,0xffff,
  0xffff,0xffff,0xffff,0xffff,0xffff,0xffff,0xffff,0xffff,0xffff,0xffff,0xffff,0xffff,0xffff,0xffff,0xffff,0xffff,
  0xffff,0xffff,0xffff,0xffff,0xffff,0xffff,0xffff,0xffff,0xffff,0xffff,0xffff,0xffff,0xffff,0xffdf,0x5c7c,0xc71e,
  0xffff,0xffff,0xffff,0xffff,0xffff,0xffff,0xffff,0xffff,0xffff,0xffff,0xffff,0xffff,0xffff,0xffff,0xffff,0xffff,
  0xffff,0xffff,0xffff,0xffff,0xffff,0xffff,0xffff,0xffff,0xffff,0xffff,0xffff,0xffff,0xffff,0xffff,0xffff,0xffff,
  0xffff,0xffff,0xffff,0xffff,0xffff,0xffff,0xffff,0xffff,0xffff,0xffff,0xffff,0xffff,0xffff,0xffff,0xffff,0xffff,
  0xffff,0xffff,0xffff,0xffff,0xffff,0xffff,0xffff,0xffff,0xffff,0xffff,0xffff,0xffff,0xffff,0xffff,0xffff,0xffff,
  0xffff,0xffff,0xffff,0xffff,0xffff,0xffff,0xffff,0xffff,0xffff,0xffff,0xffff,0xffff,0xffff,0xffff,0xffff,0xffff,
  0xffff,0xffff,0xffff,0xffff,0xffff,0xffff,0xffff,0xffff,0xffff,0xffff,0xffff,0xffff,0xffff,0xffff,0xffff,0xffff,
  0xffff,0xffff,0xffff,0xffff,0xffff,0xffff,0xffff,0xffff,0xffff,0xffff,0xffff,0xffff,0xffff,0xffff,0xffff,0xffff,
  0xffff,0xffff,0xffff,0xffff,0xffff,0xffff,0xffff,0xffff,0xffff,0xffff,0xffff,0xffff,0xffff,0xffff,0xffff,0xffff,
  0xffff,0xffff,0xffff,0xffff,0xffff,0xffff,0xffff,0xffff,0xffff,0xffff,0xffff,0xffff,0xffff,0xffff,0xffff,0xffff,
  0xffff,0xffff,0xffff,0xffff,0xffff,0xffff,0xffff,0xffff,0xffff,0xffff,0xffff,0xffff,0xffff,0xffff,0xffff,0xffff,
  0xffff,0xffff,0xffff,0xffff,0xffff,0xffff,0xffff,0xffff,0xffff,0xffff,0xffff,0xffff,0xffff,0xffff,0xffff,0xffff,
  0xffff,0xffff,0xffff,0xffff,0xffff,0xffff,0xffff,0xffff,0xffff,0xffff,0xffff,0xffff,0xffff,0xffff,0xffff,0xffff,
  0xffff,0xffff,0x653d,0x241d,0xf7bf,0xffff,0xffff,0xffff,0xffff,0xffff,0xffff,0xffff,0xffff,0xffff,0xffff,0xffff,
  0xffff,0xffff,0xffff,0xffff,0xffff,0xffff,0xffff,0xffff,0xffff,0xffff,0xffff,0xffff,0xffff,0xffff,0xffff,0xffff,
  0xffff,0xffff,0xffff,0xffff,0xffff,0xffff,0xffff,0xffff,0xffff,0xffff,0xffff,0xffff,0xffff,0xffff,0xffff,0xffff,
  0xffff,0xffff,0xffff,0xffff,0xffff,0xffff,0xffff,0xffff,0xffff,0xffff,0xffff,0xffff,0xffff,0xffff,0xffff,0xffff,
  0xffff,0xffff,0xffff,0xffff,0xffff,0xffff,0xffff,0xffff,0xffff,0xffff,0xffff,0xffff,0xffff,0xffff,0xffff,0xffff,
  0xffff,0xffff,0xffff,0xffff,0xffff,0xffff,0xffff,0xffff,0xffff,0xffff,0xffff,0xffff,0xffff,0xffff,0xffff,0xffff,
  0xffff,0xffff,0xffff,0xffff,0xffff,0xffff,0xffff,0xffff,0xffff,0xffff,0xffff,0xffff,0xffff,0xffff,0xffff,0xffff,
  0xffff,0xffff,0xffff,0xffff,0xffff,0xffff,0xffff,0xffff,0xffff,0xffff,0xffff,0xffff,0xffff,0xffff,0xffff,0xffff,
  0xffff,0xffff,0xffff,0xffff,0xffff,0xffff,0xffff,0xffff,0xffff,0xffff,0xffff,0xffff,0xffff,0xffff,0xffff,0xffff,
  0xffff,0xffff,0xffff,0xffff,0xffff,0xffff,0xffff,0xffff,0xffff,0xffff,0xffff,0xffff,0xffff,0xffff,0xffff,0xffff,
  0xffff,0xffff,0xffff,0xffff,0xffff,0xffff,0xffff,0xffff,0xffff,0xffff,0xffff,0xffff,0xffff,0xffff,0xffff,0xffff,
  0xffff,0xffff,0xffff,0xffff,0xffff,0xffff,0xffff,0xffff,0xffff,0xffff,0xffff,0xffff,0xffff,0xffff,0xffff,0xffff,
  0xffff,0xffff,0xffff,0xffff,0xffff,0xffff,0xa69e,0x031e,0x755d,0xffff,0xffff,0xffff,0xffff,0xffff,0xffff,0xffff,
  0xffff,0xffff,0xffff,0xffff,0xffff,0xffff,0xffff,0xffff,0xffff,0xffff,0xffff,0xffff,0xffff,0xffff,0xffff,0xffff,
  0xffff,0xffff,0xffff,0xffff,0xffff,0xffff,0xffff,0xffff,0xffff,0xffff,0xffff,0xffff,0xffff,0xffff,0xffff,0xffff,
  0xffff,0xffff,0xffff,0xffff,0xffff,0xffff,0xffff,0xffff,0xffff,0xffff,0xffff,0xffff,0xffff,0xffff,0xffff,0xffff,
  0xffff,0xffff,0xffff,0xffff,0xffff,0xffff,0xffff,0xffff,0xffff,0xffff,0xffff,0xffff,0xffff,0xffff,0xffff,0xffff,
  0xffff,0xffff,0xffff,0xffff,0xffff,0xffff,0xffff,0xffff,0xffff,0xffff,0xffff,0xffff,0xffff,0xffff,0xffff,0xffff,
  0xffff,0xffff,0xffff,0xffff,0xffff,0xffff,0xffff,0xffff,0xffff,0xffff,0xffff,0xffff,0xffff,0xffff,0xffff,0xffff,
  0xffff,0xffff,0xffff,0xffff,0xffff,0xffff,0xffff,0xffff,0xffff,0xffff,0xffff,0xffff,0xffff,0xffff,0xffff,0xffff,
  0xffff,0xffff,0xffff,0xffff,0xffff,0xffff,0xffff,0xffff,0xffff,0xffff,0xffff,0xffff,0xffff,0xffff,0xffff,0xffff,
  0xffff,0xffff,0xffff,0xffff,0xffff,0xffff,0xffff,0xffff,0xffff,0xffff,0xffff,0xffff,0xffff,0xffff,0xffff,0xffff,
  0xffff,0xffff,0xffff,0xffff,0xffff,0xffff,0xffff,0xffff,0xffff,0xffff,0xffff,0xffff,0xffff,0xffff,0xffff,0xffff,
  0xffff,0xffff,0xffff,0xffff,0xffff,0xffff,0xffff,0xffff,0xffff,0xffff,0xffff,0xffff,0xffff,0xffff,0xffff,0xffff,
  0xffff,0xffff,0xffff,0xffff,0xffff,0xffff,0xffff,0xffff,0xffff,0xffff,0xd73f,0x0bbe,0x035d,0xae9e,0xffff,0xffff,
  0xffff,0xffff,0xffff,0xffff,0xffff,0xffff,0xffff,0xffff,0xffff,0xffff,0xffff,0xffff,0xffff,0xffff,0xffff,0xffff,
  0xffff,0xffff,0xffff,0xffff,0xffff,0xffff,0xffff,0xffff,0xffff,0xffff,0xffff,0xffff,0xffff,0xffff,0xffff,0xffff,
  0xffff,0xffff,0xffff,0xffff,0xffff,0xffff,0xffff,0xffff,0xffff,0xffff,0xffff,0xffff,0xffff,0xffff,0xffff,0xffff,
  0xffff,0xffff,0xffff,0xffff,0xffff,0xffff,0xffff,0xffff,0xffff,0xffff,0xffff,0xffff,0xffff,0xffff,0xffff,0xffff,
  0xffff,0xffff,0xffff,0xffff,0xffff,0xffff,0xffff,0xffff,0xffff,0xffff,0xffff,0xffff,0xffff,0xffff,0xffff,0xffff,
  0xffff,0xffff,0xffff,0xffff,0xffff,0xffff,0xffff,0xffff,0xffff,0xffff,0xffff,0xffff,0xffff,0xffff,0xffff,0xffff,
  0xffff,0xffff,0xffff,0xffff,0xffff,0xffff,0xffff,0xffff,0xffff,0xffff,0xffff,0xffff,0xffff,0xffff,0xffff,0xffff,
  0xffff,0xffff,0xffff,0xffff,0xffff,0xffff,0xffff,0xffff,0xffff,0xffff,0xffff,0xffff,0xffff,0xffff,0xffff,0xffff,
  0xffff,0xffff,0xffff,0xffff,0xffff,0xffff,0xffff,0xffff,0xffff,0xffff,0xffff,0xffff,0xffff,0xffff,0xffff,0xffff,
  0xffff,0xffff,0xffff,0xffff,0xffff,0xffff,0xffff,0xffff,0xffff,0xffff,0xffff,0xffff,0xffff,0xffff,0xffff,0xffff,
  0xffff,0xffff,0xffff,0xffff,0xffff,0xffff,0xffff,0xffff,0xffff,0xffff,0xffff,0xffff,0xffff,0xffff,0xffff,0xffff,
  0xffff,0xffff,0xffff,0xffff,0xffff,0xffff,0xffff,0xffff,0xffff,0xffff,0xffff,0xffff,0xffff,0xffff,0xefbf,0x241d,
  0x035f,0x241e,0xefbf,0xffff,0xffff,0xffff,0xffff,0xffff,0xffff,0xffff,0xffff,0xffff,0xffff,0xffff,0xffff,0xffff,
  0xffff,0xffff,0xffff,0xffff,0xffff,0xffff,0xffff,0xffff,0xffff,0xffff,0xffff,0xffff,0xffff,0xffff,0xffff,0xffff,
  0xffff,0xffff,0xffff,0xffff,0xffff,0xffff,0xffff,0xffff,0xffff,0xffff,0xffff,0xffff,0xffff,0xffff,0xffff,0xffff,
  0xffff,0xffff,0xffff,0xffff,0xffff,0xffff,0xffff,0xffff,0xffff,0xffff,0xffff,0xffff,0xffff,0xffff,0xffff,0xffff,
  0xffff,0xffff,0xffff,0xffff,0xffff,0xffff,0xffff,0xffff,0xffff,0xffff,0xffff,0xffff,0xffff,0xffff,0xffff,0xffff,
  0xffff,0xffff,0xffff,0xffff,0xffff,0xffff,0xffff,0xffff,0xffff,0xffff,0xffff,0xffff,0xffff,0xffff,0xffff,0xffff,
  0xffff,0xffff,0xffff,0xffff,0xffff,0xffff,0xffff,0xffff,0xffff,0xffff,0xffff,0xffff,0xffff,0xffff,0xffff,0xffff,
  0xffff,0xffff,0xffff,0xffff,0xffff,0xffff,0xffff,0xffff,0xffff,0xffff,0xffff,0xffff,0xffff,0xffff,0xffff,0xffff,
  0xffff,0xffff,0xffff,0xffff,0xffff,0xffff,0xffff,0xffff,0xffff,0xffff,0xffff,0xffff,0xffff,0xffff,0xffff,0xffff,
  0xffff,0xffff,0xffff,0xffff,0xffff,0xffff,0xffff,0xffff,0xffff,0xffff,0xffff,0xffff,0xffff,0xffff,0xffff,0xffff,
  0xffff,0xffff,0xffff,0xffff,0xffff,0xffff,0xffff,0xffff,0xffff,0xffff,0xffff,0xffff,0xffff,0xffff,0xffff,0xffff,
  0xffff,0xffff,0xffff,0xffff,0xffff,0xffff,0xffff,0xffff,0xffff,0xffff,0xffff,0xffff,0xffff,0xffff,0xffff,0xffff,
  0xffff,0xffff,0xffff,0x347e,0x039f,0x035e,0x7d7e,0xffff,0xffff,0xffff,0xffff,0xffff,0xffff,0xffff,0xffff,0xffff,
  0xffff,0xffff,0xffff,0xffff,0xffff,0xffff,0xffff,0xffff,0xffff,0xffff,0xffff,0xffff,0xffff,0xffff,0xffff,0xffff,
  0xffff,0xffff,0xffff,0xffff,0xffff,0xffff,0xffff,0xffff,0xffff,0xffff,0xffff,0xffff,0xffff,0xffff,0xffff,0xffff,
  0xffff,0xffff,0xffff,0xffff,0xffff,0xffff,0xffff,0xffff,0xffff,0xffff,0xffff,0xffff,0xffff,0xffff,0xffff,0xffff,
  0xffff,0xffff,0xffff,0xffff,0xffff,0xffff,0xffff,0xffff,0xffff,0xffff,0xffff,0xffff,0xffff,0xffff,0xffff,0xffff,
  0xffff,0xffff,0xffff,0xffff,0xffff,0xffff,0xffff,0xffff,0xffff,0xffff,0xffff,0xffff,0xffff,0xffff,0xffff,0xffff,
  0xffff,0xffff,0xffff,0xffff,0xffff,0xffff,0xffff,0xffff,0xffff,0xffff,0xffff,0xffff,0xffff,0xffff,0xffff,0xffff,
  0xffff,0xffff,0xffff,0xffff,0xffff,0xffff,0xffff,0xffff,0xffff,0xffff,0xffff,0xffff,0xffff,0xffff,0xffff,0xffff,
  0xffff,0xffff,0xffff,0xffff,0xffff,0xffff,0xffff,0xffff,0xffff,0xffff,0xffff,0xffff,0xffff,0xffff,0xffff,0xffff,
  0xffff,0xffff,0xffff,0xffff,0xffff,0xffff,0xffff,0xffff,0xffff,0xffff,0xffff,0xffff,0xffff,0xffff,0xffff,0xffff,
  0xffff,0xffff,0xffff,0xffff,0xffff,0xffff,0xffff,0xffff,0xffff,0xffff,0xffff,0xffff,0xffff,0xffff,0xffff,0xffff,
  0xffff,0xffff,0xffff,0xffff,0xffff,0xffff,0xffff,0xffff,0xffff,0xffff,0xffff,0xffff,0xffff,0xffff,0xffff,0xffff,
  0xffff,0xffff,0xffff,0xffff,0xffff,0xffff,0xffff,0x44dd,0x035f,0x03bf,0x0bbd,0xd73e,0xffff,0xffff,0xffff,0xffff,
  0xffff,0xffff,0xffff,0xffff,0xffff,0xffff,0xffff,0xffff,0xffff,0xffff,0xffff,0xffff,0xffff,0xffff,0xffff,0xffff,
  0xffff,0xffff,0xffff,0xffff,0xffff,0xffff,0xffff,0xffff,0xffff,0xffff,0xffff,0xffff,0xffff,0xffff,0xffff,0xffff,
  0xffff,0xffff,0xffff,0xffff,0xffff,0xffff,0xffff,0xffff,0xffff,0xffff,0xffff,0xffff,0xffff,0xffff,0xffff,0xffff,
  0xffff,0xffff,0xffff,0xffff,0xffff,0xffff,0xffff,0xffff,0xffff,0xffff,0xffff,0xffff,0xffff,0xffff,0xffff,0xffff,
  0xffff,0xffff,0xffff,0xffff,0xffff,0xffff,0xffff,0xffff,0xffff,0xffff,0xffff,0xffff,0xffff,0xffff,0xffff,0xffff,
  0xffff,0xffff,0xffff,0xffff,0xffff,0xffff,0xffff,0xffff,0xffff,0xffff,0xffff,0xffff,0xffff,0xffff,0xffff,0xffff,
  0xffff,0xffff,0xffff,0xffff,0xffff,0xffff,0xffff,0xffff,0xffff,0xffff,0xffff,0xffff,0xffff,0xffff,0xffff,0xffff,
  0xffff,0xffff,0xffff,0xffff,0xffff,0xffff,0xffff,0xffff,0xffff,0xffff,0xffff,0xffff,0xffff,0xffff,0xffff,0xffff,
  0xffff,0xffff,0xffff,0xffff,0xffff,0xffff,0xffff,0xffff,0xffff,0xffff,0xffff,0xffff,0xffff,0xffff,0xffff,0xffff,
  0xffff,0xffff,0xffff,0xffff,0xffff,0xffff,0xffff,0xffff,0xffff,0xffff,0xffff,0xffff,0xffff,0xffff,0xffff,0xffff,
  0xffff,0xffff,0xffff,0xffff,0xffff,0xffff,0xffff,0xffff,0xffff,0xffff,0xffff,0xffff,0xffff,0xffff,0xffff,0xffff,
  0xffff,0xffff,0xffff,0xffff,0xffff,0xffff,0xffff,0xffff,0xffff,0xffff,0xffff,0x655e,0x035f,0x03df,0x037f,0x64fe,
  0xffff,0xffff,0xffff,0xffff,0xffff,0xffff,0xffff,0xffff,0xffff,0xffff,0xffff,0xffff,0xffff,0xffff,0xffff,0xffff,
  0xffff,0xffff,0xffff,0xffff,0xffff,0xffff,0xffff,0xffff,0xffff,0xffff,0xffff,0xffff,0xffff,0xffff,0xffff,0xffff,
  0xffff,0xffff,0xffff,0xffff,0xffff,0xffff,0xffff,0xffff,0xffff,0xffff,0xffff,0xffff,0xffff,0xffff,0xffff,0xffff,
  0xffff,0xffff,0xffff,0xffff,0xffff,0xffff,0xffff,0xffff,0xffff,0xffff,0xffff,0xffff,0xffff,0xffff,0xffff,0xffff,
  0xffff,0xffff,0xffff,0xffff,0xffff,0xffff,0xffff,0xffff,0xffff,0xffff,0xffff,0xffff,0xffff,0xffff,0xffff,0xffff,
  0xffff,0xffff,0xffff,0xffff,0xffff,0xffff,0xffff,0xffff,0xffff,0xffff,0xffff,0xffff,0xffff,0xffff,0xffff,0xffff,
  0xffff,0xffff,0xffff,0xffff,0xffff,0xffff,0xffff,0xffff,0xffff,0xffff,0xffff,0xffff,0xffff,0xffff,0xffff,0xffff,
  0xffff,0xffff,0xffff,0xffff,0xffff,0xffff,0xffff,0xffff,0xffff,0xffff,0xffff,0xffff,0xffff,0xffff,0xffff,0xffff,
  0xffff,0xffff,0xffff,0xffff,0xffff,0xffff,0xffff,0xffff,0xffff,0xffff,0xffff,0xffff,0xffff,0xffff,0xffff,0xffff,
  0xffff,0xffff,0xffff,0xffff,0xffff,0xffff,0xffff,0xffff,0xffff,0xffff,0xffff,0xffff,0xffff,0xffff,0xffff,0xffff,
  0xffff,0xffff,0xffff,0xffff,0xffff,0xffff,0xffff,0xffff,0xffff,0xffff,0xffff,0xffff,0xffff,0xffff,0xffff,0xffff,
  0xffff,0xffff,0xffff,0xffff,0xffff,0xffff,0xffff,0xffff,0xffff,0xffff,0xffff,0xffff,0xffff,0xffff,0xffff,0x7ddf,
  0x035f,0x03bf,0x03bf,0x0bbe,0xd71f,0xffff,0xffff,0xffff,0xffff,0xffff,0xffff,0xffff,0xffff,0xffff,0xffff,0xffff,
  0xffff,0xffff,0xffff,0xffff,0xffff,0xffff,0xffff,0xffff,0xffff,0xffff,0xffff,0xffff,0xffff,0xffff,0xffff,0xffff,
  0xffff,0xffff,0xffff,0xffff,0xffff,0xffff,0xffff,0xffff,0xffff,0xffff,0xffff,0xffff,0xffff,0xffff,0xffff,0xffff,
  0xffff,0xffff,0xffff,0xffff,0xffff,0xffff,0xffff,0xffff,0xffff,0xffff,0xffff,0xffff,0xffff,0xffff,0xffff,0xffff,
  0xffff,0xffff,0xffff,0xffff,0xffff,0xffff,0xffff,0xffff,0xffff,0xffff,0xffff,0xffff,0xffff,0xffff,0xffff,0xffff,
  0xffff,0xffff,0xffff,0xffff,0xffff,0xffff,0xffff,0xffff,0xffff,0xffff,0xffff,0xffff,0xffff,0xffff,0xffff,0xffff,
  0xffff,0xffff,0xffff,0xffff,0xffff,0xffff,0xffff,0xffff,0xffff,0xffff,0xffff,0xffff,0xffff,0xffff,0xffff,0xffff,
  0xffff,0xffff,0xffff,0xffff,0xffff,0xffff,0xffff,0xffff,0xffff,0xffff,0xffff,0xffff,0xffff,0xffff,0xffff,0xffff,
  0xffff,0xffff,0xffff,0xffff,0xffff,0xffff,0xffff,0xffff,0xffff,0xffff,0xffff,0xffff,0xffff,0xffff,0xffff,0xffff,
  0xffff,0xffff,0xffff,0xffff,0xffff,0xffff,0xffff,0xffff,0xffff,0xffff,0xffff,0xffff,0xffff,0xffff,0xffff,0xffff,
  0xffff,0xffff,0xffff,0xffff,0xffff,0xffff,0xffff,0xffff,0xffff,0xffff,0xffff,0xffff,0xffff,0xffff,0xffff,0xffff,
  0xffff,0xffff,0xffff,0xffff,0xffff,0xffff,0xffff,0xffff,0xffff,0xffff,0xffff,0xffff,0xffff,0xffff,0xffff,0xffff,
  0xffff,0xffff,0xffff,0x95fe,0x035e,0x03bf,0x03df,0x037f,0x6d1d,0xffff,0xffff,0xffff,0xffff,0xffff,0xffff,0xffff,
  0xffff,0xffff,0xffff,0xffff,0xffff,0xffff,0xffff,0xffff,0xffff,0xffff,0xffff,0xffff,0xffff,0xffff,0xffff,0xffff,
  0xffff,0xffff,0xffff,0xffff,0xffff,0xffff,0xffff,0xffff,0xffff,0xffff,0xffff,0xffff,0xffff,0xffff,0xffff,0xffff,
  0xffff,0xffff,0xffff,0xffff,0xffff,0xffff,0xffff,0xffff,0xffff,0xffff,0xffff,0xffff,0xffff,0xffff,0xffff,0xffff,
  0xffff,0xffff,0xffff,0xffff,0xffff,0xffff,0xffff,0xffff,0xffff,0xffff,0xffff,0xffff,0xffff,0xffff,0xffff,0xffff,
  0xffff,0xffff,0xffff,0xffff,0xffff,0xffff,0xffff,0xffff,0xffff,0xffff,0xffff,0xffff,0xffff,0xffff,0xffff,0xffff,
  0xffff,0xffff,0xffff,0xffff,0xffff,0xffff,0xffff,0xffff,0xffff,0xffff,0xffff,0xffff,0xffff,0xffff,0xffff,0xffff,
  0xffff,0xffff,0xffff,0xffff,0xffff,0xffff,0xffff,0xffff,0xffff,0xffff,0xffff,0xffff,0xffff,0xffff,0xffff,0xffff,
  0xffff,0xffff,0xffff,0xffff,0xffff,0xffff,0xffff,0xffff,0xffff,0xffff,0xffff,0xffff,0xffff,0xffff,0xffff,0xffff,
  0xffff,0xffff,0xffff,0xffff,0xffff,0xffff,0xffff,0xffff,0xffff,0xffff,0xffff,0xffff,0xffff,0xffff,0xffff,0xffff,
  0xffff,0xffff,0xffff,0xffff,0xffff,0xffff,0xffff,0xffff,0xffff,0xffff,0xffff,0xffff,0xffff,0xffff,0xffff,0xffff,
  0xffff,0xffff,0xffff,0xffff,0xffff,0xffff,0xffff,0xffff,0xffff,0xffff,0xffff,0xffff,0xffff,0xffff,0xffff,0xffff,
  0xffff,0xffff,0xffff,0xffff,0xffff,0xffff,0xffff,0x961e,0x035f,0x03bf,0x03bf,0x03bf,0x1bbc,0xdf7f,0xffff,0xffff,
  0xffff,0xffff,0xffff,0xffff,0xffff,0xffff,0xffff,0xffff,0xffff,0xffff,0xffff,0xffff,0xffff,0xffff,0xffff,0xffff,
  0xffff,0xffff,0xffff,0xffff,0xffff,0xffff,0xffff,0xffff,0xffff,0xffff,0xffff,0xffff,0xffff,0xffff,0xffff,0xffff,
  0xffff,0xffff,0xffff,0xffff,0xffff,0xffff,0xffff,0xffff,0xffff,0xffff,0xffff,0xffff,0xffff,0xffff,0xffff,0xffff,
  0xffff,0xffff,0xffff,0xffff,0xffff,0xffff,0xffff,0xffff,0xffff,0xffff,0xffff,0xffff,0xffff,0xffff,0xffff,0xffff,
  0xffff,0xffff,0xffff,0xffff,0xffff,0xffff,0xffff,0xffff,0xffff,0xffff,0xffff,0xffff,0xffff,0xffff,0xffff,0xffff,
  0xffff,0xffff,0xffff,0xffff,0xffff,0xffff,0xffff,0xffff,0xffff,0xffff,0xffff,0xffff,0xffff,0xffff,0xffff,0xffff,
  0xffff,0xffff,0xffff,0xffff,0xffff,0xffff,0xffff,0xffff,0xffff,0xffff,0xffff,0xffff,0xffff,0xffff,0xffff,0xffff,
  0xffff,0xffff,0xffff,0xffff,0xffff,0xffff,0xffff,0xffff,0xffff,0xffff,0xffff,0xffff,0xffff,0xffff,0xffff,0xffff,
  0xffff,0xffff,0xffff,0xffff,0xffff,0xffff,0xffff,0xffff,0xffff,0xffff,0xffff,0xffff,0xffff,0xffff,0xffff,0xffff,
  0xffff,0xffff,0xffff,0xffff,0xffff,0xffff,0xffff,0xffff,0xffff,0xffff,0xffff,0xffff,0xffff,0xffff,0xffff,0xffff,
  0xffff,0xffff,0xffff,0xffff,0xffff,0xffff,0xffff,0xffff,0xffff,0xffff,0xffff,0xffff,0xffff,0xffff,0xffff,0xffff,
  0xffff,0xffff,0xffff,0xffff,0xffff,0xffff,0xffff,0xffff,0xffff,0xffff,0xffff,0x9e1e,0x035f,0x03bf,0x039e,0x03bf,
  0x035f,0x861e,0xffff,0xffff,0xffff,0xffff,0xffff,0xffff,0xffff,0xffff,0xffff,0xffff,0xffff,0xffff,0xffff,0xffff,
  0xffff,0xffff,0xffff,0xffff,0xffff,0xffff,0xffff,0xffff,0xffff,0xffff,0xffff,0xffff,0xffff,0xffff,0xffff,0xffff,
  0xffff,0xffff,0xffff,0xffff,0xffff,0xffff,0xffff,0xffff,0xffff,0xffff,0xffff,0xffff,0xffff,0xffff,0xffff,0xffff,
  0xffff,0xffff,0xffff,0xffff,0xffff,0xffff,0xffff,0xffff,0xffff,0xffff,0xffff,0xffff,0xffff,0xffff,0xffff,0xffff,
  0xffff,0xffff,0xffff,0xffff,0xffff,0xffff,0xffff,0xffff,0xffff,0xffff,0xffff,0xffff,0xffff,0xffff,0xffff,0xffff,
  0xffff,0xffff,0xffff,0xffff,0xffff,0xffff,0xffff,0xffff,0xffff,0xffff,0xffff,0xffff,0xffff,0xffff,0xffff,0xffff,
  0xffff,0xffff,0xffff,0xffff,0xffff,0xffff,0xffff,0xffff,0xffff,0xffff,0xffff,0xffff,0xffff,0xffff,0xffff,0xffff,
  0xffff,0xffff,0xffff,0xffff,0xffff,0xffff,0xffff,0xffff,0xffff,0xffff,0xffff,0xffff,0xffff,0xffff,0xffff,0xffff,
  0xffff,0xffff,0xffff,0xffff,0xffff,0xffff,0xffff,0xffff,0xffff,0xffff,0xffff,0xffff,0xffff,0xffff,0xffff,0xffff,
  0xffff,0xffff,0xffff,0xffff,0xffff,0xffff,0xffff,0xffff,0xffff,0xffdf,0xffff,0xffdf,0xffff,0xffdf,0xffff,0xffff,
  0xffff,0xffff,0xffff,0xffff,0xffff,0xffff,0xffff,0xffff,0xffff,0xffff,0xffff,0xffff,0xffff,0xffff,0xffff,0xffff,
  0xffff,0xffff,0xffff,0xffff,0xffff,0xffff,0xffff,0xffff,0xffff,0xffff,0xffff,0xffff,0xffff,0xffff,0xffff,0x95fd,
  0x035e,0x03bf,0x03be,0x03bf,0x037f,0x347d,0xf7ff,0xffff,0xffff,0xffff,0xffff,0xffff,0xffff,0xffff,0xffff,0xffff,
  0xffff,0xffff,0xffff,0xffff,0xffff,0xffff,0xffff,0xffff,0xffff,0xffff,0xffff,0xffff,0xffff,0xffff,0xffff,0xffff,
  0xffff,0xffff,0xffff,0xffff,0xffff,0xffff,0xffff,0xffff,0xffff,0xffff,0xffff,0xffff,0xffff,0xffff,0xffff,0xffff,
  0xffff,0xffff,0xffff,0xffff,0xffff,0xffff,0xffff,0xffff,0xffff,0xffff,0xffff,0xffff,0xffff,0xffff,0xffff,0xffff,
  0xffff,0xffff,0xffff,0xffff,0xffff,0xffff,0xffff,0xffff,0xffff,0xffff,0xffff,0xffff,0xffff,0xffff,0xffff,0xffff,
  0xffff,0xffff,0xffff,0xffff,0xffff,0xffff,0xffff,0xffff,0xffff,0xffff,0xffff,0xffff,0xffff,0xffff,0xffff,0xffff,
  0xffff,0xffff,0xffff,0xffff,0xffff,0xffff,0xffff,0xffff,0xffff,0xffff,0xffff,0xffff,0xffff,0xffff,0xffff,0xffff,
  0xffff,0xffff,0xffff,0xffff,0xffff,0xffff,0xffff,0xffff,0xffff,0xffff,0xffff,0xffff,0xffff,0xffff,0xffff,0xffff,
  0xffff,0xffff,0xffff,0xffff,0xffff,0xffff,0xffff,0xffff,0xffff,0xffff,0xffff,0xffff,0xffff,0xffff,0xffff,0xffff,
  0xffff,0xffff,0xffff,0xffff,0xffff,0xffff,0xffff,0xffff,0xffff,0xffff,0xffff,0xffff,0xffff,0xffff,0xffff,0xffff,
  0xffff,0xffff,0xffff,0xffff,0xffff,0xffff,0xffff,0xffff,0xffff,0xffff,0xffff,0xffff,0xffff,0xffff,0xffff,0xffff,
  0xffff,0xffff,0xffff,0xffff,0xffff,0xffff,0xffff,0xffff,0xffff,0xffff,0xffff,0xffff,0xffff,0xffff,0xffff,0xffff,
  0xffff,0xffff,0xffff,0x8dde,0x035e,0x03bf,0x03bf,0x03bf,0x039f,0x0b9d,0xc71f,0xffff,0xffff,0xffff,0xffff,0xffff,
  0xffff,0xffff,0xffff,0xffff,0xffff,0xffff,0xffff,0xffff,0xffff,0xffff,0xffff,0xffff,0xffff,0xffff,0xffff,0xffff,
  0xffff,0xffff,0xffff,0xffff,0xffff,0xffff,0xffff,0xffff,0xffff,0xffff,0xffff,0xffff,0xffff,0xffff,0xffff,0xffff,
  0xffff,0xffff,0xffff,0xffff,0xffff,0xffff,0xffff,0xffff,0xffff,0xffff,0xffff,0xffff,0xffff,0xffff,0xffff,0xffff,
  0xffff,0xffff,0xffff,0xffff,0xffff,0xffff,0xffff,0xffff,0xffff,0xffff,0xffff,0xffff,0xffff,0xffff,0xffff,0xffff,
  0xffff,0xffff,0xffff,0xffff,0xffff,0xffff,0xffff,0xffff,0xffff,0xffff,0xffff,0xffff,0xffff,0xffff,0xffff,0xffff,
  0xffff,0xffff,0xffff,0xffff,0xffff,0xffff,0xffff,0xffff,0xffff,0xffff,0xffff,0xffff,0xffff,0xffff,0xffff,0xffff,
  0xffff,0xffff,0xffff,0xffff,0xffff,0xffff,0xffff,0xffff,0xffff,0xffff,0xffff,0xffff,0xffff,0xffff,0xffff,0xffff,
  0xffff,0xffff,0xffff,0xffff,0xffff,0xffff,0xffff,0xffff,0xffff,0xffff,0xffff,0xffff,0xffff,0xffff,0xffff,0xffff,
  0xffff,0xffff,0xffff,0xffff,0xffff,0xffff,0xffff,0xffff,0xffff,0xffff,0xffff,0xffff,0xffff,0xffff,0xffff,0xffff,
  0xdedb,0x9cf3,0xa514,0xa514,0xa534,0x9cf3,0xd6ba,0xffff,0xffff,0xffff,0xffff,0xffff,0xffff,0xffff,0xffff,0xffff,
  0xffff,0xffff,0xffff,0xffff,0xffff,0xffff,0xffff,0xffff,0xffff,0xffff,0xffff,0xffff,0xffff,0xffff,0xffff,0xffff,
  0xffff,0xffff,0xffff,0xffff,0xffff,0xffff,0xffff,0x759e,0x035f,0x03bf,0x03bf,0x03bf,0x03bf,0x033f,0x7dbd,0xffff,
  0xffdf,0xffff,0xffff,0xffff,0xffff,0xffff,0xffff,0xffff,0xffff,0xffff,0xffff,0xffff,0xffff,0xffff,0xffff,0xffff,
  0xffff,0xffff,0xffff,0xffff,0xffff,0xffff,0xffff,0xffff,0xffff,0xffff,0xffff,0xffff,0xffff,0xffff,0xffff,0xffff,
  0xffff,0xffff,0xffff,0xffff,0xffff,0xffff,0xffff,0xffff,0xffff,0xffff,0xffff,0xffff,0xffff,0xffff,0xffff,0xffff,
  0xffff,0xffff,0xffff,0xffff,0xffff,0xffff,0xffff,0xffff,0xffff,0xffff,0xffff,0xffff,0xffff,0xffff,0xffff,0xffff,
  0xffff,0xffff,0xffff,0xffff,0xffff,0xffff,0xffff,0xffff,0xffff,0xffff,0xffff,0xffff,0xffff,0xffff,0xffff,0xffff,
  0xffff,0xffff,0xffff,0xffff,0xffff,0xffff,0xffff,0xffff,0xffff,0xffff,0xffff,0xffff,0xffff,0xffff,0xffff,0xffff,
  0xffff,0xffff,0xffff,0xffff,0xffff,0xffff,0xffff,0xffff,0xffff,0xffff,0xffff,0xffff,0xffff,0xffff,0xffff,0xffff,
  0xffff,0xffff,0xffff,0xffff,0xffff,0xffff,0xffff,0xffff,0xffff,0xffff,0xffff,0xffff,0xffff,0xffff,0xffff,0xffff,
  0xffff,0xffff,0xffff,0xffff,0xffff,0xffff,0xffff,0xffff,0xffff,0xffff,0xffff,0xffff,0xffff,0xffff,0xffff,0xffff,
  0xffff,0xffff,0xffdf,0xffff,0x8430,0x0000,0x0000,0x0000,0x0000,0x0000,0x8430,0xffff,0xffdf,0xffff,0xffff,0xffff,
  0xffff,0xffff,0xffff,0xffff,0xffff,0xffff,0xffff,0xffff,0xffff,0xffff,0xffff,0xffff,0xffff,0xffff,0xffff,0xffff,
  0xffff,0xffff,0xffff,0xffff,0xffff,0xffff,0xffff,0xffff,0xffff,0xffff,0xffff,0x54fd,0x035f,0x03bf,0x03bf,0x03bf,
  0x03bf,0x035f,0x449e,0xffff,0xfffe,0xfffe,0xffff,0xffff,0xffff,0xffff,0xffff,0xffff,0xffff,0xffff,0xffff,0xffff,
  0xffff,0xffff,0xffff,0xffff,0xffff,0xffff,0xffff,0xffff,0xffff,0xffff,0xffff,0xffff,0xffff,0xffff,0xffff,0xffff,
  0xffff,0xffff,0xffff,0xffff,0xffff,0xffff,0xffff,0xffff,0xffff,0xffff,0xffff,0xffff,0xffff,0xffff,0xffff,0xffff,
  0xffff,0xffff,0xffff,0xffff,0xffff,0xffff,0xffff,0xffff,0xffff,0xffff,0xffff,0xffff,0xffff,0xffff,0xffff,0xffff,
  0xffff,0xffff,0xffff,0xffff,0xffff,0xffff,0xffff,0xffff,0xffff,0xffff,0xffff,0xffff,0xffff,0xffff,0xffff,0xffff,
  0xffff,0xffff,0xffff,0xffff,0xffff,0xffff,0xffff,0xffff,0xffff,0xffff,0xffff,0xffff,0xffff,0xffff,0xffff,0xffff,
  0xffff,0xffff,0xffff,0xffff,0xffff,0xffff,0xffff,0xffff,0xffff,0xffff,0xffff,0xffff,0xffff,0xffff,0xffff,0xffff,
  0xffff,0xffff,0xffff,0xffff,0xffff,0xffff,0xffff,0xffff,0xffff,0xffff,0xffff,0xffff,0xffff,0xffff,0xffff,0xffff,
  0xffff,0xffff,0xffff,0xffff,0xffff,0xffff,0xffff,0xffff,0xffff,0xffff,0xffff,0xffff,0xffff,0xffff,0xffff,0xffff,
  0xffff,0xffff,0xffff,0xffff,0xffff,0xffff,0xffdf,0xffff,0x8c71,0x0000,0x0020,0x0000,0x0020,0x0000,0x8c51,0xffff,
  0xffdf,0xffff,0xffff,0xffff,0xffff,0xffff,0xffff,0xffff,0xffff,0xffff,0xffff,0xffff,0xffff,0xffff,0xffff,0xffff,
  0xffff,0xffff,0xffff,0xffff,0xffff,0xffff,0xffff,0xffff,0xffff,0xffff,0xffff,0xffff,0xffff,0xffff,0xffff,0x3c9d,
  0x037f,0x03bf,0x03bf,0x03bf,0x03bf,0x039f,0x0bdd,0xdf9f,0xcebd,0xf7bf,0xffff,0xffff,0xffff,0xffff,0xffff,0xffff,
  0xffff,0xffff,0xffff,0xffff,0xffff,0xffff,0xffff,0xffff,0xffff,0xffff,0xffff,0xffff,0xffff,0xffff,0xffff,0xffff,
  0xffff,0xffff,0xffff,0xffff,0xffff,0xffff,0xffff,0xffff,0xffff,0xffff,0xffff,0xffff,0xffff,0xffff,0xffff,0xffff,
  0xffff,0xffff,0xffff,0xffff,0xffff,0xffff,0xffff,0xffff,0xffff,0xffff,0xffff,0xffff,0xffff,0xffff,0xffff,0xffff,
  0xffff,0xffff,0xffff,0xffff,0xffff,0xffff,0xffff,0xffff,0xffff,0xffff,0xffff,0xffff,0xffff,0xffff,0xffff,0xffff,
  0xffff,0xffff,0xffff,0xffff,0xffff,0xffff,0xffff,0xffff,0xffff,0xffff,0xffff,0xffff,0xffff,0xffff,0xffff,0xffff,
  0xffff,0xffff,0xffff,0xffff,0xffff,0xffff,0xffff,0xffff,0xffff,0xffff,0xffff,0xffff,0xffff,0xffff,0xffff,0xffff,
  0xffff,0xffff,0xffff,0xffff,0xffff,0xffff,0xffff,0xffff,0xffff,0xffff,0xffff,0xffff,0xffff,0xffff,0xffff,0xffff,
  0xffff,0xffff,0xffff,0xffff,0xffff,0xffff,0xffff,0xffff,0xffff,0xffff,0xffff,0xffff,0xffff,0xffff,0xffff,0xffff,
  0xffff,0xffff,0xffff,0xffff,0xffff,0xffff,0xffff,0xffff,0xffff,0xffff,0xffdf,0xffff,0x8c51,0x0000,0x0020,0x0000,
  0x0020,0x0000,0x8c51,0xffff,0xffdf,0xffff,0xffff,0xffff,0xffff,0xffff,0xffff,0xffff,0xffff,0xffff,0xffff,0xffff,
  0xffff,0xffff,0xffff,0xffff,0xffff,0xffff,0xffff,0xffff,0xffff,0xffff,0xffff,0xffff,0xffff,0xffff,0xffff,0xffff,
  0xffff,0xffff,0xf7df,0x2c3d,0x039f,0x03bf,0x03bf,0x03bf,0x03bf,0x03bf,0x037d,0xbeff,0xb65e,0x7d5d,0xffff,0xffff,
  0xffff,0xffff,0xffff,0xffff,0xffff,0xffff,0xffff,0xffff,0xffff,0xffff,0xffff,0xffff,0xffff,0xffff,0xffff,0xffff,
  0xffff,0xffff,0xffff,0xffff,0xffff,0xffff,0xffff,0xffff,0xffff,0xffdf,0xffff,0xffff,0xffff,0xffff,0xffdf,0xffff,
  0xffff,0xffff,0xffff,0xffff,0xffff,0xffff,0xffff,0xffff,0xffff,0xffff,0xffff,0xffff,0xffff,0xffff,0xffff,0xffff,
  0xffff,0xffff,0xffff,0xffff,0xffff,0xffff,0xffff,0xffff,0xffff,0xffff,0xffff,0xffff,0xffff,0xffff,0xffff,0xffff,
  0xffff,0xffff,0xffff,0xffff,0xffdf,0xffff,0xffff,0xffff,0xffff,0xffdf,0xffff,0xffff,0xffff,0xffff,0xffff,0xffff,
  0xffff,0xffff,0xffff,0xffff,0xffff,0xffff,0xffff,0xffff,0xffff,0xffff,0xffff,0xffff,0xffdf,0xffff,0xffff,0xffff,
  0xffdf,0xffff,0xffff,0xffff,0xffff,0xffff,0xffff,0xffff,0xffff,0xffff,0xffff,0xffff,0xffff,0xffff,0xffff,0xffff,
  0xffff,0xffff,0xffff,0xffff,0xffff,0xffff,0xffff,0xffff,0xffff,0xffff,0xffff,0xffff,0xffff,0xffff,0xffff,0xffff,
  0xffff,0xffff,0xffdf,0xffff,0xffff,0xffff,0xffff,0xffdf,0xffff,0xffff,0xffff,0xffff,0xffff,0xffff,0xffdf,0xffff,
  0x8c51,0x0000,0x0020,0x0000,0x0020,0x0000,0x8c51,0xffff,0xffdf,0xffff,0xffff,0xffff,0xffff,0xffff,0xffff,0xffff,
  0xffff,0xffff,0xffff,0xffff,0xffff,0xffdf,0xffff,0xffff,0xffff,0xffff,0xffff,0xffff,0xffff,0xffff,0xffff,0xffff,
  0xffff,0xffff,0xffff,0xffff,0xffff,0xffff,0xe77f,0x13dd,0x03bf,0x03bf,0x03bf,0x03bf,0x03bf,0x03df,0x033f,0x8dde,
  0xe7bf,0x0b7d,0xb6bf,0xffff,0xffff,0xffff,0xffff,0xffff,0xffff,0xffff,0xffff,0xffff,0xffff,0xffff,0xffff,0xffff,
  0xffff,0xffff,0xffff,0xffff,0xffff,0xffff,0xffff,0xffff,0xffff,0xffff,0xffff,0xffff,0xffff,0xffff,0xffff,0xffff,
  0xffff,0xffff,0xffff,0xffff,0xffff,0xffff,0xffff,0xffff,0xffff,0xffff,0xffff,0xffff,0xffff,0xffff,0xffff,0xffff,
  0xffff,0xffff,0xffff,0xffff,0xffff,0xffff,0xffff,0xffff,0xffff,0xffff,0xffff,0xffff,0xffff,0xffff,0xffff,0xffff,
  0xffff,0xffff,0xffff,0xffff,0xffff,0xffff,0xffff,0xffff,0xffff,0xffff,0xffff,0xffff,0xffff,0xffff,0xffff,0xffff,
  0xffff,0xffff,0xffff,0xffff,0xffff,0xffff,0xffff,0xffff,0xffff,0xffff,0xffff,0xffff,0xffff,0xffff,0xffff,0xffff,
  0xffff,0xffff,0xffff,0xffff,0xffff,0xffff,0xffff,0xffff,0xffff,0xffff,0xffff,0xffff,0xffff,0xffff,0xffff,0xffff,
  0xffff,0xffff,0xffff,0xffff,0xffff,0xffff,0xffff,0xffff,0xffff,0xffff,0xffff,0xffff,0xffff,0xffff,0xffff,0xffff,
  0xffff,0xffff,0xffff,0xffff,0xffff,0xffff,0xffff,0xffff,0xffff,0xffff,0xffff,0xffff,0xffff,0xffff,0xffff,0xffff,
  0xffff,0xffff,0xffdf,0xffff,0x8c51,0x0000,0x0020,0x0000,0x0020,0x0000,0x8c51,0xffff,0xffdf,0xffff,0xffff,0xffff,
  0xffff,0xffff,0xffff,0xffff,0xffff,0xffff,0xffff,0xffff,0xffff,0xffff,0xffff,0xffff,0xffff,0xffff,0xffff,0xffff,
  0xffff,0xffff,0xffff,0xffff,0xffff,0xffff,0xffff,0xffff,0xffff,0xffff,0xb6be,0x039e,0x03bf,0x03bf,0x03bf,0x03bf,
  0x03bf,0x03bf,0x035f,0x5d1e,0xffff,0x1bfd,0x23ff,0xefdf,0xffff,0xffff,0xffff,0xffff,0xffff,0xffff,0xffff,0xffff,
  0xffff,0xffff,0xffff,0xffff,0xffff,0xffff,0xffff,0xffff,0xffff,0xffff,0xffff,0xffff,0xffff,0xffff,0xffff,0xffff,
  0xc638,0x7bef,0x528a,0x4228,0x4228,0x528a,0x7bcf,0xc618,0xffff,0xffff,0xffff,0xffff,0xffff,0xffff,0xffff,0xffff,
  0xdedb,0xb5b6,0xbdd7,0xbdd7,0xbdd7,0xb5b6,0xdefb,0xffff,0xffdf,0xad55,0x5acb,0x4228,0x4a49,0x6b4d,0xb5b6,0xffff,
  0xffff,0xffff,0xffff,0xffff,0xffff,0xffff,0xffff,0xffff,0xffff,0xffff,0xffff,0xdedb,0x9492,0x630c,0x4a69,0x4a69,
  0x52aa,0x8430,0xce59,0xffff,0xffff,0xffff,0xffff,0xffff,0xffff,0xffff,0xffdf,0xbdf7,0xb5b6,0xbdd7,0xbdd7,0xb5b6,
  0xc618,0xffff,0xffff,0xdedb,0x7bef,0x528a,0x4a49,0x528a,0x8430,0xe73c,0xffff,0xffff,0xffff,0xf7be,0xbdd7,0xb5b6,
  0xbdd7,0xbdd7,0xbdd7,0xb596,0xe73c,0xffff,0xffff,0xffff,0xffff,0xffff,0xffff,0xffff,0xe71c,0xb5b6,0xbdd7,0xbdd7,
  0xbdd7,0xb5b6,0xbdd7,0xffdf,0xffff,0xffff,0xffff,0xffff,0xffff,0xbdf7,0x7bef,0x52aa,0x4a69,0x528a,0x632c,0x9cd3,
  0xe71c,0xffff,0xffff,0xffff,0xffff,0xffff,0xffdf,0xffff,0x8c51,0x0000,0x0020,0x0000,0x0020,0x0000,0x8c51,0xffff,
  0xffdf,0xffff,0xffff,0xffff,0xffff,0xffff,0xffff,0xef5d,0xa514,0x632c,0x528a,0x4a69,0x52aa,0x73ae,0xbdd7,0xffdf,
  0xffff,0xffff,0xffff,0xffff,0xffff,0xffff,0xffff,0xffff,0xffff,0xffff,0xffff,0xffff,0xffff,0xffff,0x85dd,0x037e,
  0x03bf,0x03bf,0x03bf,0x03bf,0x03bf,0x03bf,0x037f,0x345d,0xffff,0x551e,0x02fe,0x759d,0xffff,0xffff,0xffff,0xffff,
  0xffff,0xffff,0xffff,0xffff,0xffff,0xffff,0xffff,0xffff,0xffff,0xffff,0xffff,0xffff,0xffff,0xffff,0xffff,0xffff,
  0xffff,0xffff,0xbdd7,0x39c7,0x0000,0x0000,0x0000,0x0000,0x0000,0x0000,0x0000,0x0000,0x31a6,0xb596,0xffff,0xffff,
  0xffff,0xffff,0xffdf,0xffff,0x73ae,0x0000,0x0000,0x0000,0x0000,0x0000,0x9cf3,0xe71c,0x39c7,0x0000,0x0000,0x0000,
  0x0000,0x0000,0x0000,0x4228,0xdefb,0xffff,0xffff,0xffff,0xffff,0xffff,0xffff,0xffff,0xffff,0xe73c,0x5aeb,0x0841,
  0x0000,0x0000,0x0000,0x0000,0x0000,0x0000,0x0000,0x39c7,0xbdf7,0xffff,0xffff,0xffff,0xffff,0xffff,0xef5d,0x0841,
  0x0000,0x0000,0x0000,0x0000,0x2124,0xffff,0x8c51,0x0841,0x0000,0x0000,0x0000,0x0000,0x0000,0x10a2,0xa534,0xffff,
  0xffff,0xf7be,0x2104,0x0000,0x0000,0x0000,0x0000,0x0000,0x738e,0xffff,0xffdf,0xffff,0xffff,0xffff,0xffff,0xffff,
  0x5acb,0x0000,0x0000,0x0000,0x0000,0x0000,0x39c7,0xffdf,0xffff,0xffff,0xffff,0xb5b6,0x31a6,0x0000,0x0000,0x0000,
  0x0000,0x0000,0x0000,0x0000,0x0861,0x6b4d,0xef5d,0xffff,0xffff,0xffff,0xffdf,0xffff,0x8c51,0x0000,0x0020,0x0000,
  0x0020,0x0000,0x8c51,0xffff,0xffdf,0xffff,0xffff,0xffff,0xffff,0xf79e,0x7bcf,0x10a2,0x0000,0x0000,0x0000,0x0000,
  0x0000,0x0000,0x0000,0x2945,0xa514,0xffff,0xffff,0xffff,0xffff,0xffff,0xffff,0xffff,0xffff,0xffff,0xffff,0xffff,
  0xffff,0xffff,0x4cdd,0x037f,0x03bf,0x03bf,0x03bf,0x03bf,0x03bf,0x03bf,0x039f,0x1bdd,0xffff,0x7dbe,0x035f,0x0bbe,
  0xcf3f,0xffff,0xffff,0xffff,0xffff,0xffff,0xffff,0xffff,0xffff,0xffff,0xffff,0xffff,0xffff,0xffff,0xffff,0xffff,
  0xffff,0xffff,0xffff,0xffff,0xffff,0x8431,0x0000,0x0000,0x0000,0x0020,0x0020,0x0000,0x0000,0x0020,0x0020,0x0000,
  0x0000,0x0000,0x7bf0,0xffff,0xffff,0xffff,0xffdf,0xffff,0x7bef,0x0000,0x0020,0x0000,0x0020,0x0000,0x738e,0x2965,
  0x0000,0x0020,0x0020,0x0000,0x0000,0x0020,0x0020,0x0000,0x2104,0xe71c,0xffff,0xffff,0xffff,0xffff,0xffff,0xffff,
  0xce59,0x18e3,0x0000,0x0000,0x0020,0x0020,0x0020,0x0020,0x0020,0x0020,0x0000,0x0000,0x0000,0x9492,0xffff,0xffff,
  0xffff,0xffff,0xef5d,0x10a3,0x0000,0x0000,0x0020,0x0000,0x39e7,0x8c51,0x0000,0x0000,0x0020,0x0020,0x0020,0x0020,
  0x0020,0x0000,0x0000,0xc618,0xffff,0xffff,0x8c71,0x0000,0x0020,0x0000,0x0020,0x0000,0x2124,0xffdf,0xffff,0xffff,
  0xffff,0xffff,0xffff,0xf79e,0x18c3,0x0000,0x0020,0x0000,0x0020,0x0000,0xa534,0xffff,0xffdf,0xffff,0x7bef,0x0000,
  0x0000,0x0000,0x0020,0x0020,0x0020,0x0020,0x0020,0x0020,0x0000,0x0000,0x2124,0xdedb,0xffff,0xffff,0xffdf,0xffff,
  0x8c51,0x0000,0x0020,0x0000,0x0020,0x0000,0x8c51,0xffff,0xffdf,0xffff,0xffff,0xffff,0xe71c,0x31a6,0x0000,0x0000,
  0x0020,0x0020,0x0020,0x0020,0x0020,0x0020,0x0020,0x0000,0x0000,0x6b4d,0xffff,0xffff,0xffff,0xffff,0xffff,0xffff,
  0xffff,0xffff,0xffff,0xffff,0xffff,0xe7bf,0x1bfd,0x037f,0x03bf,0x03bf,0x03bf,0x03bf,0x03bf,0x03bf,0x039f,0x039e,
  0xe79f,0x9e3e,0x037f,0x037f,0x551d,0xffff,0xffff,0xffff,0xffff,0xffff,0xffff,0xffff,0xffff,0xffff,0xffff,0xffff,
  0xffff,0xffff,0xffff,0xffff,0xffff,0xffff,0xffff,0xffff,0x94b3,0x0000,0x0000,0x0020,0x0000,0x0000,0x0000,0x0000,
  0x0000,0x0000,0x0000,0x0000,0x0000,0x0020,0x0000,0x8c51,0xffff,0xffff,0xffdf,0xffff,0x7bef,0x0000,0x0020,0x0000,
  0x0000,0x0000,0x0000,0x0000,0x0020,0x0000,0x0000,0x0000,0x0000,0x0000,0x0000,0x0020,0x0000,0x4228,0xffff,0xffff,
  0xffff,0xffff,0xffff,0xdedb,0x10a2,0x0000,0x0020,0x0000,0x0000,0x0020,0x0000,0x0000,0x0000,0x0000,0x0000,0x0000,
  0x0020,0x0000,0xad55,0xffff,0xffdf,0xffff,0xef5d,0x10a2,0x0000,0x0000,0x0000,0x0000,0x0861,0x0020,0x0020,0x0020,
  0x0000,0x0000,0x0000,0x0000,0x0000,0x0020,0x0000,0x31a7,0xffff,0xffff,0xdefb,0x0841,0x0000,0x0000,0x0000,0x0000,
  0x0000,0xce79,0xffff,0xffff,0xffff,0xffff,0xffff,0xbdf7,0x0000,0x0000,0x0000,0x0000,0x0000,0x18c3,0xef7d,0xffff,
  0xffff,0x8c51,0x0000,0x0000,0x0000,0x0000,0x0000,0x0000,0x0000,0x0000,0x0000,0x0000,0x0000,0x0020,0x0000,0x2125,
  0xef7d,0xffff,0xffdf,0xffff,0x8c51,0x0000,0x0020,0x0000,0x0020,0x0000,0x8c51,0xffff,0xffdf,0xffff,0xffff,0xe71c,
  0x2965,0x0000,0x0020,0x0000,0x0000,0x0000,0x0000,0x0000,0x0000,0x0000,0x0000,0x0000,0x0020,0x0000,0x8c51,0xffff,
  0xffff,0xffff,0xffff,0xffff,0xffff,0xffff,0xffff,0xffff,0xffff,0xae9e,0x035d,0x039f,0x03bf,0x03bf,0x03bf,0x03bf,
  0x03bf,0x03bf,0x039f,0x039f,0xd75f,0xb6be,0x035e,0x03bf,0x03bd,0xcf3f,0xffff,0xffff,0xffff,0xffff,0xffff,0xffff,
  0xffff,0xffff,0xffff,0xffff,0xffff,0xffff,0xffff,0xffff,0xffff,0xffff,0xffff,0xdedb,0x0841,0x0000,0x0000,0x0000,
  0x0000,0x0000,0x0000,0x0000,0x0000,0x0000,0x0000,0x0000,0x0000,0x0000,0x0021,0x0020,0xd69a,0xffff,0xffdf,0xffff,
  0x7bef,0x0000,0x0020,0x0000,0x0000,0x0000,0x0000,0x0020,0x0000,0x0000,0x0000,0x0000,0x0000,0x0000,0x0000,0x0000,
  0x0020,0x0000,0xad55,0xffff,0xffdf,0xffff,0xffff,0x39e7,0x0000,0x0841,0x0000,0x0000,0x0000,0x0000,0x0020,0x0841,
  0x0000,0x0000,0x0000,0x0000,0x0020,0x0000,0x18c3,0xef7d,0xffff,0xffff,0xef5d,0x10a2,0x0000,0x0000,0x0000,0x0000,
  0x0000,0x0000,0x0000,0x0000,0x0000,0x0000,0x0000,0x0000,0x0000,0x0000,0x0000,0x0000,0xce79,0xffff,0xffff,0x528a,
  0x0000,0x0000,0x0000,0x0020,0x0000,0x7bcf,0xffff,0xffdf,0xffff,0xffff,0xffff,0x6b6d,0x0000,0x0020,0x0000,0x0020,
  0x0000,0x6b4d,0xffff,0xffff,0xce59,0x0020,0x0020,0x0000,0x0000,0x0000,0x0000,0x0000,0x0841,0x0000,0x0000,0x0000,
  0x0000,0x0000,0x0020,0x0000,0x6b6e,0xffff,0xffdf,0xffff,0x8c51,0x0000,0x0020,0x0000,0x0020,0x0000,0x8c51,0xffff,
  0xffdf,0xffff,0xffff,0x9cf3,0x0000,0x0000,0x0000,0x0000,0x0000,0x0000,0x0000,0x0000,0x0000,0x0000,0x0000,0x0000,
  0x0000,0x0000,0x1082,0xdefb,0xffff,0xffff,0xffff,0xffff,0xffff,0xffff,0xffff,0xffff,0xffff,0x755e,0x037f,0x03bf,
  0x039f,0x03bf,0x03bf,0x03bf,0x03bf,0x039f,0x03bf,0x037f,0xcf1f,0xc6de,0x037e,0x03bf,0x035f,0x655e,0xffff,0xffff,
  0xffff,0xffff,0xffff,0xffff,0xffff,0xffff,0xffff,0xffff,0xffff,0xffff,0xffff,0xffff,0xffff,0xffff,0xffff,0x630c,
  0x0000,0x0020,0x0000,0x0000,0x0000,0x0000,0x0000,0x2125,0x2945,0x0020,0x0000,0x0000,0x0000,0x0000,0x0020,0x0000,
  0x52aa,0xffff,0xffdf,0xffff,0x7bef,0x0000,0x0020,0x0000,0x0000,0x0000,0x0020,0x0000,0x1082,0x39c7,0x3186,0x0021,
  0x0000,0x0000,0x0000,0x0000,0x0020,0x0000,0x4a49,0xffff,0xffdf,0xffff,0xad75,0x0000,0x0000,0x0000,0x0000,0x0000,
  0x0000,0x8410,0xdedb,0xdefb,0xa534,0x10a2,0x0000,0x0000,0x0000,0x0020,0x0000,0x8c51,0xffff,0xffff,0xef5d,0x10a2,
  0x0000,0x0000,0x0000,0x0000,0x0000,0x0000,0x0000,0x2104,0x2104,0x0000,0x0000,0x0000,0x0000,0x0000,0x0020,0x0000,
  0x9492,0xffff,0xffff,0xa534,0x0000,0x0020,0x0000,0x0000,0x0000,0x3186,0xffff,0xffff,0xffff,0xffff,0xffdf,0x2965,
  0x0000,0x0000,0x0000,0x0000,0x0020,0xc639,0xffff,0xffff,0x4a69,0x0000,0x0020,0x0000,0x0000,0x0000,0x2124,0xb596,
  0xe71c,0xd69a,0x6b6d,0x0000,0x0000,0x0000,0x0000,0x0000,0x0861,0xe71c,0xffff,0xffff,0x8c51,0x0000,0x0020,0x0000,
  0x0020,0x0000,0x8c51,0xffff,0xffdf,0xffff,0xffff,0xffff,0xb5b6,0x2104,0x0000,0x0000,0x2124,0x9cd3,0xc638,0xc618,
  0x7bcf,0x0020,0x0000,0x0000,0x0000,0x0000,0x0000,0x7bef,0xffff,0xffff,0xffff,0xffff,0xffff,0xffff,0xffff,0xffff,
  0xefbf,0x23fd,0x03bf,0x03bf,0x03bf,0x03bf,0x03bf,0x03bf,0x03bf,0x039f,0x03bf,0x035e,0xcedf,0xd73f,0x037e,0x039f,
  0x039f,0x23dd,0xef9f,0xffff,0xffff,0xffff,0xffff,0xffff,0xffff,0xffff,0xffff,0xffff,0xffff,0xffff,0xffff,0xffff,
  0xffff,0xffff,0xef7d,0x10a2,0x0000,0x0000,0x0000,0x0000,0x0000,0x2104,0xbdf8,0xf7bf,0xffdf,0xce59,0x2965,0x0000,
  0x0000,0x0000,0x0000,0x0000,0x1082,0xef5d,0xffff,0xffff,0x7bef,0x0000,0x0020,0x0000,0x0000,0x0000,0x0000,0x4228,
  0xdefb,0xffff,0xffff,0xce59,0x2104,0x0000,0x0000,0x0000,0x0000,0x0000,0x0861,0xe73c,0xffff,0xffff,0x4a48,0x0000,
  0x0000,0x0000,0x0020,0x0000,0x7bcf,0xffff,0xffff,0xffff,0xffff,0xb596,0x0000,0x0000,0x0000,0x0000,0x0000,0x4208,
  0xffff,0xffff,0xef5d,0x10a2,0x0000,0x0000,0x0000,0x0000,0x0000,0x2104,0xb5b6,0xf7be,0xf7be,0xa535,0x0861,0x0000,
  0x0000,0x0000,0x0020,0x0000,0x6b6e,0xffff,0xffff,0xf79e,0x18e3,0x0000,0x0000,0x0000,0x0000,0x0020,0xd69a,0xffff,
  0xffdf,0xffff,0xc638,0x0000,0x0000,0x0000,0x0000,0x0000,0x3186,0xffff,0xffff,0xd6ba,0x0020,0x0000,0x0000,0x0000,
  0x0000,0x0841,0xd6ba,0xffff,0xffff,0xffff,0xffff,0x528a,0x0000,0x0000,0x0000,0x0020,0x0000,0xa514,0xffff,0xffff,
  0x8c51,0x0000,0x0020,0x0000,0x0020,0x0000,0x8c51,0xffff,0xffdf,0xffff,0xffff,0xffff,0xffff,0xef7d,0x5acb,0x2965,
  0xe73c,0xffff,0xffff,0xffff,0xffff,0x9cd3,0x0000,0x0000,0x0000,0x0020,0x0000,0x4a49,0xffff,0xffff,0xffff,0xffff,
  0xffff,0xffff,0xffff,0xffff,0xa67e,0x037e,0x03bf,0x03bf,0x03bf,0x03bf,0x03bf,0x03bf,0x03bf,0x039f,0x03bf,0x035e,
  0xc6be,0xe77f,0x0b9e,0x039f,0x03df,0x035e,0x9e3e,0xffff,0xffff,0xffff,0xffff,0xffff,0xffff,0xffff,0xffff,0xffff,
  0xffff,0xffff,0xffff,0xffff,0xffff,0xffff,0xb5b6,0x0000,0x0000,0x0000,0x0000,0x0000,0x0841,0xce59,0xffff,0xffff,
  0xffff,0xffff,0xdedb,0x1082,0x0000,0x0000,0x0000,0x0000,0x0000,0xa534,0xffff,0xffff,0x7bef,0x0000,0x0020,0x0000,
  0x0000,0x0000,0x18c3,0xef7d,0xffff,0xffff,0xffff,0xffff,0xbdf7,0x0000,0x0000,0x0000,0x0000,0x0000,0x0000,0xb5b6,
  0xffff,0xe73c,0x1082,0x0000,0x0000,0x0000,0x0000,0x0861,0xdefb,0xf7be,0xf7be,0xf7be,0xf7be,0xef7d,0x18c3,0x0000,
  0x0000,0x0000,0x0000,0x10a3,0xf79e,0xffff,0xef5d,0x10a2,0x0000,0x0000,0x0000,0x0000,0x0000,0xbdf7,0xffff,0xffff,
  0xffff,0xffff,0x6b4d,0x0000,0x0020,0x0000,0x0020,0x0000,0x6b4d,0xffff,0xffdf,0xffff,0x6b6d,0x0000,0x0020,0x0000,
  0x0020,0x0000,0x8c51,0xffff,0xf7be,0xffff,0x8c51,0x0000,0x0020,0x0000,0x0000,0x0000,0x9492,0xffff,0xffff,0x9cf3,
  0x0000,0x0020,0x0000,0x0000,0x0000,0x5acb,0xffff,0xf79e,0xf7be,0xf79e,0xffdf,0xa534,0x0000,0x0000,0x0000,0x0020,
  0x0000,0x738e,0xffff,0xffff,0x8c51,0x0000,0x0020,0x0000,0x0020,0x0000,0x8c51,0xffff,0xffdf,0xffff,0xffff,0xffff,
  0xffff,0xffff,0xffff,0xffff,0xffff,0xffff,0xf79e,0xef7d,0xf79e,0xd6ba,0x0841,0x0000,0x0000,0x0000,0x0000,0x2965,
  0xffff,0xffff,0xffff,0xffff,0xffff,0xffff,0xffff,0xffff,0x4cbe,0x037f,0x03bf,0x03bf,0x03bf,0x03bf,0x03bf,0x03bf,
  0x03bf,0x039f,0x03bf,0x035e,0xc6de,0xe79f,0x0b7f,0x039f,0x03df,0x035f,0x54de,0xffff,0xffff,0xffff,0xffff,0xffff,
  0xffff,0xffff,0xffff,0xffff,0xffff,0xffff,0xffff,0xffff,0xffdf,0xffff,0x8c71,0x0000,0x0020,0x0000,0x0000,0x0000,
  0x39e7,0xffff,0xffdf,0xffff,0xffff,0xffdf,0xffff,0x5acb,0x0000,0x0020,0x0000,0x0020,0x0000,0x8410,0xffff,0xffff,
  0x7bef,0x0000,0x0020,0x0000,0x0020,0x0000,0x738e,0xffff,0xffdf,0xffff,0xffff,0xffff,0xffff,0x2966,0x0000,0x0000,
  0x0000,0x0000,0x0000,0x9cd3,0xffff,0xc638,0x0000,0x0000,0x0000,0x0000,0x0000,0x0841,0x2945,0x2124,0x2124,0x2124,
  0x2124,0x2124,0x0841,0x0000,0x0000,0x0000,0x0000,0x0020,0xd69a,0xffff,0xef5d,0x10a2,0x0000,0x0000,0x0000,0x0000,
  0x2124,0xffdf,0xffff,0xffff,0xffdf,0xffff,0xad75,0x0000,0x0020,0x0000,0x0020,0x0000,0x6b4d,0xffff,0xffdf,0xffff,
  0xce79,0x0000,0x0000,0x0000,0x0000,0x0000,0x4208,0xffff,0xffff,0xffff,0x39c7,0x0000,0x0020,0x0000,0x0000,0x0861,
  0xe71c,0xffff,0xffff,0x5acb,0x0000,0x0020,0x0000,0x0000,0x0000,0x18c3,0x2945,0x2124,0x2124,0x2124,0x2945,0x18e3,
  0x0000,0x0000,0x0000,0x0020,0x0000,0x4a69,0xffff,0xffff,0x8c51,0x0000,0x0020,0x0000,0x0020,0x0000,0x8c51,0xffff,
  0xffdf,0xffff,0xffff,0xffff,0xffff,0xffff,0xffdf,0xb596,0x632c,0x31a6,0x2104,0x2104,0x2104,0x18c3,0x0000,0x0000,
  0x0000,0x0000,0x0000,0x2965,0xffff,0xffff,0xffff,0xffff,0xffff,0xffff,0xffff,0xc71e,0x037e,0x039f,0x039f,0x03df,
  0x039f,0x03bf,0x03bf,0x03bf,0x03bf,0x039f,0x03bf,0x037e,0xceff,0xe77f,0x0b7f,0x03bf,0x03be,0x039f,0x13bf,0xe77f,
  0xffff,0xffff,0xffff,0xffff,0xffff,0xffff,0xffff,0xffff,0xffff,0xffff,0xffff,0xffff,0xffdf,0xffff,0x7bcf,0x0000,
  0x0020,0x0000,0x0020,0x0000,0x73af,0xffff,0xffdf,0xffff,0xffff,0xffdf,0xffff,0x9492,0x0000,0x0020,0x0000,0x0020,
  0x0000,0x632c,0xffff,0xffff,0x7bef,0x0000,0x0020,0x0000,0x0020,0x0000,0xa534,0xffff,0xffdf,0xffff,0xffff,0xffff,
  0xffff,0x630c,0x0000,0x0020,0x0000,0x0020,0x0000,0x8430,0xffff,0xa514,0x0000,0x0020,0x0000,0x0000,0x0000,0x0000,
  0x0000,0x0000,0x0000,0x0000,0x0000,0x0000,0x0000,0x0000,0x0000,0x0000,0x0000,0x0000,0xce79,0xffff,0xef5d,0x10a2,
  0x0000,0x0000,0x0000,0x0000,0x3186,0xffff,0xffff,0xffff,0xffff,0xffff,0xbdd7,0x0000,0x0020,0x0000,0x0020,0x0000,
  0x6b4d,0xffff,0xffdf,0xffff,0xffff,0x39c7,0x0000,0x0000,0x0000,0x0000,0x0021,0xdedb,0xffff,0xdefb,0x0841,0x0000,
  0x0000,0x0020,0x0000,0x5acb,0xffff,0xffdf,0xffff,0x4208,0x0000,0x0000,0x0000,0x0000,0x0000,0x0000,0x0000,0x0000,
  0x0000,0x0000,0x0000,0x0000,0x0000,0x0000,0x0000,0x0020,0x0000,0x4228,0xffff,0xffff,0x8c51,0x0000,0x0020,0x0000,
  0x0020,0x0000,0x8c51,0xffff,0xffdf,0xffff,0xffff,0xffff,0xffff,0xad76,0x2965,0x0000,0x0000,0x0000,0x0000,0x0000,
  0x0000,0x0000,0x0000,0x0000,0x0000,0x0000,0x0000,0x2965,0xffff,0xffff,0xffff,0xffff,0xffff,0xffff,0xffff,0x651d,
  0x035f,0x03bf,0x039f,0x03bf,0x03bf,0x03bf,0x03bf,0x03bf,0x03bf,0x03bf,0x03bf,0x039f,0xd73f,0xcf3f,0x037e,0x03bf,
  0x03be,0x039f,0x035d,0xaede,0xffff,0xffff,0xffff,0xffff,0xffff,0xffff,0xffff,0xffff,0xffff,0xffff,0xffff,0xffff,
  0xffdf,0xffff,0x6b6e,0x0000,0x0020,0x0000,0x0020,0x0000,0x94b3,0xffff,0xffdf,0xffff,0xffff,0xffdf,0xffff,0xa514,
  0x0000,0x0020,0x0000,0x0020,0x0000,0x630c,0xffff,0xffff,0x7bef,0x0000,0x0020,0x0000,0x0020,0x0000,0xad75,0xffff,
  0xffff,0xffff,0xffff,0xffdf,0xffff,0x8410,0x0000,0x0020,0x0000,0x0020,0x0000,0x7bcf,0xffff,0x8430,0x0000,0x0020,
  0x0000,0x0000,0x0000,0x0000,0x0020,0x0020,0x0020,0x0020,0x0020,0x0020,0x0020,0x0000,0x0000,0x0020,0x0000,0x1082,
  0xe73c,0xffff,0xef5d,0x10a2,0x0000,0x0000,0x0000,0x0000,0x2965,0xffff,0xffff,0xffff,0xffff,0xffff,0xbdd7,0x0000,
  0x0000,0x0000,0x0020,0x0000,0x6b4d,0xffff,0xffdf,0xffdf,0xffff,0x9492,0x0000,0x0000,0x0000,0x0020,0x0000,0x94b2,
  0xffff,0x94b2,0x0000,0x0020,0x0000,0x0000,0x0000,0xb5b6,0xffff,0xffff,0xffff,0x3186,0x0000,0x0000,0x0000,0x0000,
  0x0000,0x0000,0x0020,0x0020,0x0020,0x0020,0x0020,0x0020,0x0000,0x0000,0x0000,0x0021,0x0000,0x630c,0xffff,0xffff,
  0x8c51,0x0000,0x0020,0x0000,0x0020,0x0000,0x8c51,0xffff,0xffdf,0xffff,0xffff,0xffff,0x8c51,0x0000,0x0000,0x0000,
  0x0020,0x0000,0x0000,0x0000,0x0020,0x0020,0x0000,0x0000,0x0000,0x0000,0x0000,0x2965,0xffff,0xffff,0xffff,0xffff,
  0xffff,0xffff,0xc71e,0x0b7e,0x03bf,0x03bf,0x03bf,0x03bf,0x03bf,0x03bf,0x03bf,0x03bf,0x03bf,0x03bf,0x039f,0x039f,
  0xdf7f,0xbede,0x035e,0x03bf,0x03de,0x039f,0x033e,0x7ddd,0xffff,0xffff,0xffff,0xffff,0xffff,0xffff,0xffff,0xffff,
  0xffff,0xffff,0xffff,0xffff,0xffdf,0xffff,0x73af,0x0000,0x0020,0x0000,0x0020,0x0000,0x8410,0xffff,0xffdf,0xffff,
  0xffff,0xffdf,0xffff,0x9cd3,0x0000,0x0020,0x0000,0x0020,0x0000,0x630c,0xffff,0xffff,0x7bef,0x0000,0x0020,0x0000,
  0x0020,0x0000,0xad55,0xffff,0xffdf,0xffff,0xffff,0xffdf,0xffff,0x6b6e,0x0000,0x0020,0x0000,0x0020,0x0000,0x8430,
  0xffff,0x8c71,0x0000,0x0020,0x0000,0x0000,0x0000,0x0000,0x0000,0x0000,0x0000,0x0000,0x0000,0x0000,0x0000,0x0000,
  0x0000,0x0000,0x0000,0x18c3,0xffdf,0xffff,0xef5d,0x10a2,0x0000,0x0000,0x0000,0x0000,0x2965,0xffff,0xffff,0xffff,
  0xffff,0xffff,0xbdf7,0x0000,0x0000,0x0000,0x0020,0x0000,0x6b4d,0xffff,0xffdf,0xffff,0xffff,0xe71c,0x0861,0x0000,
  0x0000,0x0020,0x0000,0x4208,0xffff,0x4a69,0x0000,0x0000,0x0000,0x0000,0x2124,0xffdf,0xffff,0xffff,0xffff,0x31a6,
  0x0000,0x0000,0x0000,0x0000,0x0000,0x0000,0x0000,0x0000,0x0000,0x0000,0x0000,0x0000,0x0000,0x0000,0x0000,0x0000,
  0x0000,0x8410,0xffff,0xffff,0x8c51,0x0000,0x0020,0x0000,0x0020,0x0000,0x8c51,0xffff,0xffdf,0xffff,0xffff,0xb596,
  0x0000,0x0000,0x0000,0x0000,0x0000,0x0000,0x0000,0x0000,0x0000,0x0000,0x0000,0x0000,0x0000,0x0000,0x0000,0x2965,
  0xffff,0xffff,0xffff,0xffff,0xffff,0xffff,0x54de,0x037f,0x03bf,0x03bf,0x03bf,0x03bf,0x03bf,0x03bf,0x03bf,0x03bf,
  0x03bf,0x03bf,0x039f,0x13be,0xf7bf,0xae9e,0x035e,0x03bf,0x03bf,0x03bf,0x035f,0x4cdd,0xffff,0xffff,0xffff,0xffff,
  0xffff,0xffff,0xffff,0xffff,0xffff,0xffff,0xffff,0xffff,0xffdf,0xffff,0x8c51,0x0000,0x0020,0x0000,0x0000,0x0000,
  0x528a,0xffff,0xffdf,0xffff,0xffff,0xffdf,0xffff,0x6b4d,0x0000,0x0020,0x0000,0x0020,0x0000,0x7bcf,0xffff,0xffff,
  0x7bef,0x0000,0x0020,0x0000,0x0020,0x0000,0x8430,0xffff,0xffdf,0xffff,0xffff,0xffff,0xffff,0x4208,0x0000,0x0000,
  0x0000,0x0000,0x0000,0x9cf3,0xffff,0xad75,0x0000,0x0020,0x0000,0x0000,0x0000,0x10a2,0x4a49,0x4a49,0x4228,0x4a49,
  0x4a49,0x4a49,0x4a69,0x528a,0x4228,0x4a49,0x4228,0x8410,0xffff,0xffff,0xef5d,0x10a2,0x0000,0x0000,0x0000,0x0000,
  0x2965,0xffff,0xffff,0xffff,0xffff,0xffff,0xbdf7,0x0000,0x0000,0x0000,0x0020,0x0000,0x6b4d,0xffff,0xffdf,0xffff,
  0xffff,0xffff,0x528a,0x0000,0x0020,0x0000,0x0000,0x10a2,0xd6ba,0x18c3,0x0000,0x0000,0x0020,0x0000,0x7bcf,0xffff,
  0xffdf,0xffff,0xffff,0x4229,0x0000,0x0000,0x0000,0x0000,0x0000,0x2965,0x4a49,0x4228,0x4228,0x4228,0x4a49,0x4228,
  0x52aa,0x4a49,0x4228,0x4a49,0x4a49,0xc618,0xffff,0xffff,0x8c51,0x0000,0x0020,0x0000,0x0020,0x0000,0x8c51,0xffff,
  0xffdf,0xffff,0xffff,0x31a6,0x0000,0x0000,0x0000,0x0000,0x0000,0x0000,0x0841,0x2104,0x2965,0x2124,0x0000,0x0000,
  0x0000,0x0000,0x0000,0x2965,0xffff,0xffff,0xffff,0xffff,0xffff,0xb6be,0x035e,0x03df,0x03bf,0x03bf,0x03bf,0x03bf,
  0x03bf,0x03bf,0x03bf,0x03bf,0x03bf,0x03bf,0x037f,0x241d,0xffff,0x8e1f,0x035e,0x03bf,0x03bf,0x03bf,0x037f,0x345d,
  0xf7ff,0xffff,0xffff,0xffff,0xffff,0xffff,0xffff,0xffff,0xffff,0xffff,0xffff,0xffff,0xffdf,0xffff,0xa534,0x0000,
  0x0020,0x0000,0x0000,0x0000,0x1082,0xe73c,0xffff,0xffdf,0xffdf,0xffff,0xf7be,0x18e3,0x0000,0x0000,0x0000,0x0000,
  0x0000,0x9cd3,0xffff,0xffff,0x7bef,0x0000,0x0020,0x0000,0x0000,0x0000,0x31a6,0xffff,0xffff,0xffdf,0xffdf,0xffff,
  0xdedb,0x0861,0x0000,0x0000,0x0000,0x0000,0x0000,0xb5b6,0xffff,0xce79,0x0020,0x0000,0x0000,0x0000,0x0000,0x2124,
  0xffff,0xffff,0xffff,0xffff,0xffff,0xffff,0xe73c,0xdedb,0xffff,0xffff,0xffff,0xffff,0xffff,0xffff,0xef5d,0x10a2,
  0x0000,0x0000,0x0000,0x0000,0x2965,0xffff,0xffff,0xffff,0xffff,0xffff,0xbdf7,0x0000,0x0000,0x0000,0x0020,0x0000,
  0x6b4d,0xffff,0xffdf,0xffff,0xffff,0xffff,0xb5b6,0x0000,0x0000,0x0000,0x0000,0x0000,0x4208,0x0020,0x0000,0x0000,
  0x0000,0x0000,0xd6ba,0xffff,0xffff,0xffdf,0xffff,0x73ae,0x0000,0x0020,0x0000,0x0020,0x0000,0x8410,0xffff,0xffff,
  0xffff,0xffff,0xffff,0xffff,0xce79,0xffff,0xffff,0xffff,0xffff,0xffff,0xffdf,0xffff,0x8c51,0x0000,0x0020,0x0000,
  0x0020,0x0000,0x9492,0xffff,0xffdf,0xffff,0xce59,0x0000,0x0000,0x0000,0x0000,0x0000,0x0020,0x8410,0xdefb,0xf7be,
  0xffff,0xdefb,0x0841,0x0000,0x0000,0x0000,0x0000,0x2965,0xffff,0xffff,0xffff,0xffff,0xefdf,0x2c3e,0x037f,0x03bf,
  0x03bf,0x03bf,0x03bf,0x03bf,0x03bf,0x03bf,0x03bf,0x03bf,0x03bf,0x0bbf,0x037f,0x44de,0xffff,0x759e,0x033f,0x03bf,
  0x039f,0x03be,0x039f,0x1bfd,0xe7bf,0xffff,0xffff,0xffff,0xffff,0xffff,0xffff,0xffff,0xffff,0xffff,0xffff,0xffff,
  0xffff,0xffff,0xe71c,0x0841,0x0000,0x0000,0x0000,0x0000,0x0000,0x4229,0xef5d,0xffff,0xffff,0xf79e,0x5acb,0x0000,
  0x0000,0x0000,0x0000,0x0000,0x0841,0xdedb,0xffff,0xffff,0x7bef,0x0000,0x0020,0x0000,0x0000,0x0000,0x0000,0x7bcf,
  0xffff,0xffff,0xffff,0xef7d,0x4208,0x0000,0x0000,0x0000,0x0000,0x0000,0x0841,0xe71c,0xffff,0xf7be,0x2124,0x0000,
  0x0000,0x0000,0x0020,0x0000,0x94b2,0xffff,0xffff,0xffff,0xffff,0xffff,0x4208,0x0020,0x8c71,0xffff,0xffff,0xffff,
  0xffff,0xffff,0xef5d,0x10a2,0x0000,0x0000,0x0000,0x0000,0x2965,0xffff,0xffff,0xffff,0xffff,0xffff,0xbdf7,0x0000,
  0x0000,0x0000,0x0020,0x0000,0x6b4d,0xffff,0xffdf,0xffff,0xffff,0xffff,0xf7be,0x2104,0x0000,0x0000,0x0000,0x0000,
  0x0000,0x0000,0x0000,0x0000,0x0000,0x4a49,0xffff,0xffff,0xffff,0xffff,0xffff,0xb5b6,0x0000,0x0000,0x0000,0x0000,
  0x0000,0x10a2,0xe73c,0xffff,0xffff,0xffff,0xffff,0xce79,0x0000,0x3186,0xc638,0xffff,0xffff,0xffff,0xffdf,0xffff,
  0x8c51,0x0000,0x0020,0x0000,0x0000,0x0000,0x5acb,0xe73c,0xef7e,0xffff,0xa514,0x0000,0x0020,0x0000,0x0000,0x0000,
  0x4a49,0xffff,0xffff,0xffff,0xffff,0xd69a,0x0020,0x0000,0x0000,0x0000,0x0000,0x2965,0xffff,0xffff,0xffff,0xffff,
  0x6d9d,0x033f,0x03df,0x03bf,0x03bf,0x03bf,0x03bf,0x03bf,0x03bf,0x03bf,0x03bf,0x03bf,0x03bf,0x03bf,0x035f,0x757e,
  0xffff,0x5cfe,0x035f,0x03bf,0x039f,0x03bf,0x039f,0x0bde,0xd77f,0xffff,0xffff,0xffff,0xffff,0xffff,0xffff,0xffff,
  0xffff,0xffff,0xffff,0xffff,0xffff,0xffff,0xffff,0x4a49,0x0000,0x0020,0x0000,0x0000,0x0000,0x0000,0x18e3,0x632c,
  0x632c,0x2124,0x0000,0x0000,0x0000,0x0000,0x0021,0x0000,0x4208,0xffff,0xffdf,0xffff,0x7bef,0x0000,0x0020,0x0000,
  0x0000,0x0000,0x0000,0x0000,0x4208,0x7bcf,0x6b4d,0x18e3,0x0000,0x0000,0x0000,0x0000,0x0020,0x0000,0x4228,0xffff,
  0xffdf,0xffff,0x73ae,0x0000,0x0020,0x0000,0x0000,0x0000,0x0020,0x8430,0xdedb,0xe73c,0xce59,0x4a69,0x0000,0x0000,
  0x0000,0x4228,0xd6ba,0xffff,0xffff,0xffff,0xef5d,0x10a2,0x0000,0x0000,0x0000,0x0000,0x2965,0xffff,0xffff,0xffff,
  0xffff,0xffff,0xbdf7,0x0000,0x0000,0x0000,0x0020,0x0000,0x6b4d,0xffff,0xffdf,0xffff,0xffff,0xffdf,0xffff,0x7bcf,
  0x0000,0x0020,0x0000,0x0000,0x0000,0x0000,0x0000,0x0020,0x0000,0xa514,0xffff,0xffdf,0xffff,0xffff,0xffff,0xef7d,
  0x18e3,0x0000,0x0000,0x0000,0x0000,0x0000,0x3186,0xb5b6,0xdefb,0xdefb,0xa534,0x18c3,0x0000,0x0000,0x0020,0x8410,
  0xf7be,0xffff,0xffdf,0xffff,0x8c51,0x0000,0x0020,0x0000,0x0000,0x0000,0x0000,0x1082,0x73af,0xffff,0x9cd3,0x0000,
  0x0020,0x0000,0x0000,0x0000,0x3186,0xe71c,0xffff,0xffff,0xd69a,0x39e7,0x0000,0x0000,0x0000,0x0000,0x0000,0x2965,
  0xffff,0xffff,0xffff,0xb6bf,0x0b5d,0x03be,0x03bf,0x039f,0x03bf,0x03bf,0x03bf,0x03bf,0x03bf,0x03bf,0x039f,0x039f,
  0x03bf,0x03bf,0x035e,0xa65e,0xffff,0x2bfd,0x039f,0x03bf,0x03bf,0x03bf,0x03bf,0x039e,0xcf1f,0xffff,0xffff,0xffff,
  0xffff,0xffff,0xffff,0xffff,0xffff,0xffff,0xffff,0xffff,0xffff,0xffff,0xffff,0xbdf7,0x0000,0x0020,0x0000,0x0000,
  0x0000,0x0000,0x0000,0x0000,0x0000,0x0000,0x0020,0x0000,0x0000,0x0000,0x0021,0x0000,0xb596,0xffff,0xffdf,0xffff,
  0x7bef,0x0000,0x0020,0x0000,0x0000,0x0000,0x0000,0x0020,0x0000,0x0000,0x0000,0x0000,0x0000,0x0000,0x0000,0x0000,
  0x0020,0x0000,0xa514,0xffff,0xffdf,0xffff,0xe71c,0x1082,0x0000,0x0000,0x0000,0x0000,0x0000,0x0000,0x0841,0x1082,
  0x0000,0x0000,0x0000,0x0000,0x0000,0x0000,0x0861,0xdefb,0xffff,0xffff,0xef5d,0x10a2,0x0000,0x0000,0x0000,0x0000,
  0x2965,0xffff,0xffff,0xffff,0xffff,0xffff,0xbdf7,0x0000,0x0000,0x0000,0x0020,0x0000,0x6b4d,0xffff,0xffdf,0xffff,
  0xffff,0xffff,0xffff,0xce79,0x0020,0x0000,0x0000,0x0000,0x0000,0x0000,0x0000,0x0000,0x18c3,0xf79e,0xffff,0xffff,
  0xffff,0xffff,0xffff,0xffff,0x9492,0x0000,0x0841,0x0000,0x0000,0x0000,0x0000,0x0000,0x0861,0x0861,0x0000,0x0000,
  0x0000,0x0020,0x0020,0x0000,0x5acb,0xffff,0xffdf,0xffff,0x9cd3,0x0000,0x0020,0x0000,0x0000,0x0000,0x0020,0x0000,
  0x632c,0xffff,0xad55,0x0000,0x0020,0x0000,0x0000,0x0000,0x0000,0x1082,0x31a6,0x2965,0x0020,0x0000,0x0000,0x0000,
  0x0000,0x0000,0x0000,0x2965,0xffff,0xffff,0xdf9f,0x23de,0x037f,0x03de,0x039f,0x039f,0x03bf,0x03bf,0x03bf,0x03bf,
  0x03bf,0x039f,0x039f,0x039f,0x039f,0x03bf,0x0b9e,0xdf5e,0xe79f,0x0b9e,0x03bf,0x03bf,0x03bf,0x03bf,0x03bf,0x037e,
  0xcefe,0xffff,0xffff,0xffff,0xffff,0xffff,0xffff,0xffff,0xffff,0xffff,0xffff,0xffff,0xffff,0xffff,0xffff,0xffff,
  0x6b4d,0x0000,0x0841,0x0000,0x0000,0x0000,0x0000,0x0020,0x0020,0x0020,0x0000,0x0000,0x0000,0x0020,0x0000,0x5aeb,
  0xffff,0xffff,0xffdf,0xffff,0x7bef,0x0000,0x0020,0x0000,0x0000,0x0000,0x0000,0x0000,0x0020,0x0020,0x0020,0x0000,
  0x0000,0x0000,0x0000,0x0020,0x0000,0x3186,0xffdf,0xffff,0xffff,0xffff,0xffff,0x9cf4,0x0000,0x0020,0x0020,0x0000,
  0x0000,0x0020,0x0000,0x0000,0x0000,0x0020,0x0000,0x0000,0x0020,0x0000,0x528a,0xffdf,0xffff,0xffff,0xef5d,0x10a2,
  0x0000,0x0000,0x0000,0x0000,0x2965,0xffff,0xffff,0xffff,0xffff,0xffff,0xbdf7,0x0000,0x0000,0x0000,0x0020,0x0000,
  0x6b4d,0xffff,0xffdf,0xffff,0xffff,0xffff,0xffff,0xffff,0x39e8,0x0000,0x0000,0x0000,0x0000,0x0000,0x0020,0x0000,
  0x632c,0xffff,0xffff,0xffff,0xffff,0xffff,0xffff,0xffff,0xffdf,0x4208,0x0000,0x0020,0x0000,0x0000,0x0020,0x0020,
  0x0000,0x0000,0x0020,0x0000,0x0000,0x0020,0x0020,0x0000,0xad55,0xffff,0xffdf,0xffff,0xc618,0x0000,0x0020,0x0000,
  0x0000,0x0000,0x0020,0x0000,0x6b6d,0xffff,0xef5d,0x10a2,0x0000,0x0000,0x0000,0x0000,0x0000,0x0000,0x0000,0x0000,
  0x0000,0x0000,0x0000,0x0000,0x0000,0x0000,0x0000,0x2965,0xffff,0xf7ff,0x4cbc,0x035f,0x03df,0x03bf,0x039f,0x03bf,
  0x03bf,0x03bf,0x03bf,0x03bf,0x03bf,0x039f,0x039f,0x039f,0x039f,0x037f,0x2c5d,0xffff,0xb6bf,0x037f,0x03df,0x03bf,
  0x03bf,0x03bf,0x03bf,0x039f,0xceff,0xffff,0xffff,0xffff,0xffff,0xffff,0xffff,0xffff,0xffff,0xffff,0xffff,0xffff,
  0xffff,0xffff,0xffff,0xffff,0xffdf,0x52aa,0x0000,0x0000,0x0020,0x0000,0x0000,0x0000,0x0000,0x0000,0x0000,0x0020,
  0x0000,0x0000,0x4a49,0xf7be,0xffff,0xffff,0xffdf,0xffff,0x7bef,0x0000,0x0020,0x0000,0x0000,0x0000,0x528a,0x0861,
  0x0000,0x0020,0x0000,0x0000,0x0000,0x0000,0x0020,0x0000,0x0861,0xd69a,0xffff,0xffff,0xffff,0xffff,0xffff,0xffff,
  0x8430,0x0000,0x0000,0x0020,0x0020,0x0000,0x0000,0x0000,0x0000,0x0000,0x0020,0x0000,0x0000,0x31a6,0xef7d,0xffff,
  0xffff,0xffff,0xef5d,0x10a3,0x0020,0x0020,0x0020,0x0020,0x3186,0xffff,0xffff,0xffff,0xffff,0xffff,0xbdf7,0x0020,
  0x0020,0x0020,0x0020,0x0020,0x6b4d,0xffff,0xffdf,0xffff,0xffff,0xffff,0xffdf,0xffff,0x94b2,0x0000,0x0020,0x0020,
  0x0020,0x0020,0x0020,0x0000,0xce59,0xffff,0xffff,0xffff,0xffff,0xffff,0xffff,0xffff,0xffff,0xef5d,0x39c7,0x0000,
  0x0000,0x0020,0x0000,0x0000,0x0000,0x0000,0x0000,0x0000,0x0020,0x0000,0x0000,0x8410,0xffff,0xffff,0xffff,0xffff,
  0xf7be,0x39e7,0x0000,0x0020,0x0020,0x0020,0x0020,0x0020,0x6b6d,0xffff,0xffff,0x9492,0x0000,0x0020,0x0020,0x0000,
  0x0000,0x0000,0x0020,0x0020,0x0000,0x2965,0x1082,0x0020,0x0020,0x0020,0x0020,0x3186,0xffdf,0x651d,0x02fe,0x037f,
  0x035e,0x033e,0x035d,0x037f,0x037f,0x037f,0x037f,0x039f,0x039e,0x039e,0x039e,0x039e,0x03be,0x033e,0x5d5d,0xffff,
  0x751c,0x035c,0x037e,0x035e,0x035f,0x035f,0x035f,0x033e,0xc6ff,0xffff,0xffff,0xffff,0xffff,0xffff,0xffff,0xffff,
  0xffff,0xffff,0xffff,0xffff,0xffff,0xffff,0xffff,0xffff,0xffff,0xffff,0x8410,0x0861,0x0000,0x0000,0x0000,0x0000,
  0x0000,0x0000,0x0000,0x0000,0x0861,0x7bcf,0xffdf,0xffff,0xffff,0xffff,0xffdf,0xffff,0x7bef,0x0000,0x0020,0x0000,
  0x0020,0x0000,0xad75,0xb5b6,0x0841,0x0000,0x0000,0x0000,0x0000,0x0000,0x0000,0x2124,0xc618,0xffff,0xffff,0xffff,
  0xffff,0xffff,0xffff,0xffff,0xffff,0xad75,0x2104,0x0000,0x0000,0x0000,0x0000,0x0000,0x0000,0x0000,0x0000,0x0000,
  0x630c,0xf79e,0xffff,0xffff,0xffff,0xffff,0xef5d,0x0020,0x0000,0x0000,0x0000,0x0000,0x2104,0xffff,0xffff,0xffff,
  0xffff,0xffff,0xbdd7,0x0000,0x0000,0x0000,0x0000,0x0000,0x630c,0xffff,0xffdf,0xffff,0xffff,0xffff,0xffff,0xffff,
  0xef5d,0x0841,0x0000,0x0000,0x0000,0x0000,0x0000,0x2965,0xffff,0xffff,0xffff,0xffff,0xffff,0xffff,0xffff,0xffff,
  0xffff,0xffff,0xf79e,0x6b6d,0x0020,0x0000,0x0000,0x0000,0x0000,0x0000,0x0000,0x0000,0x0000,0x18c3,0x9cf3,0xffff,
  0xffff,0xffff,0xffff,0xffff,0xffff,0xe71c,0x39e7,0x0000,0x0000,0x0000,0x0000,0x0000,0x630c,0xffff,0xffdf,0xffff,
  0x7bcf,0x0000,0x0000,0x0000,0x0000,0x0000,0x0000,0x0000,0x2965,0xbdf7,0x0000,0x0000,0x0000,0x0000,0x0000,0x2104,
  0xae5d,0x449c,0x551e,0x6d5d,0x85fd,0x8dfd,0x9e5d,0xbebf,0xcf1f,0xd73f,0xd73f,0xd75f,0xd75f,0xd77f,0xd77f,0xd75f,
  0xd77f,0xd73f,0xefbf,0xffff,0xdf5f,0xbede,0xb69e,0x961d,0x95dd,0x759e,0x551e,0x5cbc,0xdf5e,0xffff,0xffff,0xffff,
  0xffff,0xffff,0xffff,0xffff,0xffff,0xffff,0xffff,0xffff,0xffff,0xffff,0xffff,0xffff,0xffff,0xffff,0xffff,0xe71c,
  0x8430,0x4228,0x2124,0x1082,0x1082,0x2124,0x4208,0x8410,0xdefb,0xffff,0xffff,0xffff,0xffff,0xffff,0xffdf,0xffff,
  0x7bef,0x0000,0x0020,0x0000,0x0020,0x0000,0x94b2,0xffff,0xd6ba,0x6b4d,0x2945,0x18c3,0x18e4,0x39c7,0x8410,0xef7d,
  0xffff,0xffff,0xffff,0xffff,0xffff,0xffff,0xffff,0xffff,0xffff,0xffff,0xf79e,0x9cf3,0x528a,0x2945,0x1082,0x0841,
  0x18c3,0x3186,0x630c,0xc618,0xffff,0xffff,0xffff,0xffff,0xffff,0xffff,0xf79e,0x738e,0x632c,0x632c,0x632d,0x630c,
  0x8430,0xffff,0xffff,0xffff,0xffff,0xffff,0xd6ba,0x5aeb,0x630c,0x5aec,0x630c,0x5aeb,0xa514,0xffff,0xffff,0xffff,
  0xffff,0xffff,0xffff,0xffff,0xffff,0x8c71,0x632c,0x632d,0x632c,0x6b4d,0x630c,0xb5b6,0xffff,0xffff,0xffff,0xffff,
  0xffff,0xffff,0xffff,0xffff,0xffff,0xffff,0xffff,0xffff,0xd69a,0x73af,0x39e7,0x2104,0x0841,0x0841,0x2104,0x4208,
  0x8c51,0xe73c,0xffff,0xffff,0xffff,0xffff,0xffff,0xffff,0xffff,0xffff,0xffff,0xbdd7,0x8430,0x6b4d,0x632d,0x630c,
  0xad55,0xffff,0xffff,0xffff,0xffff,0xbdf7,0x52ab,0x2125,0x0841,0x0861,0x2945,0x6b6e,0xef7d,0xf79e,0x632c,0x5aec,
  0x630c,0x630c,0x5aeb,0x7bcf,0xffff,0xffff,0xffff,0xffff,0xffff,0xffff,0xf7ff,0xefdf,0xdf9f,0xd75f,0xcf3e,0xcf1e,
  0xc6fe,0xc6fe,0xcf1e,0xcf1e,0xcf3f,0xe79f,0xef9f,0xefbf,0xf7df,0xffff,0xffff,0xffff,0xffff,0xffff,0xffff,0xffff,
  0xffff,0xffff,0xffff,0xffff,0xffff,0xffff,0xffff,0xffff,0xffff,0xffff,0xffff,0xffff,0xffff,0xffff,0xffff,0xffff,
  0xffff,0xffff,0xffff,0xffff,0xffff,0xffff,0xffdf,0xef5d,0xef5d,0xffdf,0xffff,0xffff,0xffff,0xffff,0xffff,0xffff,
  0xffff,0xffff,0xffdf,0xffff,0x7bef,0x0000,0x0020,0x0000,0x0020,0x0000,0x9cd3,0xffff,0xffff,0xffff,0xffdf,0xef7d,
  0xf79e,0xffff,0xffff,0xffff,0xffff,0xffff,0xffff,0xffff,0xffff,0xffff,0xffff,0xffff,0xffff,0xffff,0xffff,0xffff,
  0xffff,0xffff,0xef5d,0xe71c,0xef7d,0xffff,0xffff,0xffff,0xffff,0xffff,0xffff,0xffff,0xffff,0xffff,0xffff,0xffff,
  0xffff,0xffff,0xffff,0xffff,0xffff,0xffff,0xffff,0xffff,0xffff,0xffff,0xffff,0xffff,0xffff,0xffff,0xffff,0xffff,
  0xffff,0xffff,0xffff,0xffff,0xffff,0xffff,0xffff,0xffff,0xffff,0xffff,0xffff,0xffff,0xffff,0xffff,0xffff,0xffff,
  0xffff,0xffff,0xffff,0xffff,0xffff,0xffff,0xffff,0xffff,0xffff,0xffff,0xffff,0xffff,0xffff,0xffff,0xffff,0xf7be,
  0xe73c,0xe73c,0xf7be,0xffff,0xffff,0xffff,0xffff,0xffff,0xffff,0xffff,0xffff,0xffff,0xffff,0xffff,0xffff,0xffff,
  0xffff,0xffff,0xffff,0xffff,0xffff,0xffff,0xffff,0xffff,0xffff,0xffff,0xffff,0xffdf,0xe71c,0xe73c,0xffdf,0xffff,
  0xffff,0xffff,0xffff,0xffff,0xffff,0xffff,0xffff,0xffff,0xae7d,0x447d,0x449e,0x347e,0x241d,0x13fd,0x13fe,0x0bde,
  0x0bbd,0x039d,0x037e,0x037e,0x037e,0x035e,0x037e,0x037e,0x039e,0x0bbe,0x13be,0x1bde,0x1bde,0x241f,0x345f,0x445e,
  0x4cbd,0x553d,0x653d,0xae5e,0xffff,0xffff,0xffff,0xffff,0xffff,0xffff,0xffff,0xffff,0xffff,0xffff,0xffff,0xffff,
  0xffff,0xffff,0xffff,0xffff,0xffff,0xffff,0xffff,0xffff,0xffdf,0xffff,0xffff,0xffff,0xffff,0xffff,0xffff,0xffdf,
  0xffff,0xffff,0xffff,0xffff,0xffff,0xffff,0xffdf,0xffff,0x7bef,0x0000,0x0020,0x0000,0x0020,0x0000,0x9cd3,0xffff,
  0xffdf,0xffff,0xffff,0xffff,0xffff,0xffff,0xffff,0xffff,0xffff,0xffff,0xffff,0xffff,0xffff,0xffff,0xffff,0xffff,
  0xffff,0xffff,0xffff,0xffff,0xffff,0xffff,0xffff,0xffff,0xffff,0xffff,0xffff,0xffff,0xffff,0xffff,0xffff,0xffff,
  0xffff,0xffff,0xffff,0xffff,0xffff,0xffff,0xffff,0xffff,0xffff,0xffff,0xffff,0xffff,0xffff,0xffff,0xffff,0xffff,
  0xffff,0xffff,0xffff,0xffff,0xffff,0xffff,0xffff,0xffff,0xffff,0xffff,0xffff,0xffff,0xffff,0xffff,0xffff,0xffff,
  0xffff,0xffff,0xffff,0xffff,0xffff,0xffff,0xffff,0xffff,0xffff,0xffff,0xffff,0xffff,0xffff,0xffff,0xffff,0xffff,
  0xffff,0xffdf,0xffff,0xffff,0xffff,0xffff,0xffff,0xffff,0xffdf,0xffff,0xffff,0xffff,0xffff,0xffff,0xffff,0xffff,
  0xffff,0xffff,0xffff,0xffff,0xffdf,0xffff,0xffff,0xffff,0xffff,0xffff,0xffff,0xffff,0xffff,0xffff,0xffff,0xffff,
  0xffff,0xffff,0xffff,0xffff,0xffff,0xffff,0xffff,0xffff,0xffff,0xffff,0xffff,0xffff,0xd75e,0x23fd,0x033f,0x039f,
  0x039f,0x037f,0x037f,0x039f,0x039f,0x03bf,0x03bf,0x03bf,0x03bf,0x03bf,0x03bf,0x03bf,0x03bf,0x03bf,0x03bf,0x03bf,
  0x039f,0x039f,0x037f,0x037f,0x039f,0x035f,0x02fd,0x9e3e,0xffff,0xffff,0xffff,0xffff,0xffff,0xffff,0xffff,0xffff,
  0xffff,0xffff,0xffff,0xffff,0xffff,0xffff,0xffff,0xffff,0xffff,0xffff,0xffff,0xffff,0xffff,0xffff,0xffff,0xffff,
  0xffff,0xffff,0xffff,0xffff,0xffff,0xffff,0xffff,0xffff,0xffff,0xffff,0xffdf,0xffff,0x7bef,0x0000,0x0020,0x0000,
  0x0020,0x0000,0x9cd3,0xffff,0xffdf,0xffff,0xffff,0xffff,0xffff,0xffff,0xffff,0xffff,0xffff,0xffff,0xffff,0xffff,
  0xffff,0xffff,0xffff,0xffff,0xffff,0xffff,0xffff,0xffff,0xffff,0xffff,0xffff,0xffff,0xffff,0xffff,0xffff,0xffff,
  0xffff,0xffff,0xffff,0xffff,0xffff,0xffff,0xffff,0xffff,0xffff,0xffff,0xffff,0xffff,0xffff,0xffff,0xffff,0xffff,
  0xffff,0xffff,0xffff,0xffff,0xffff,0xffff,0xffff,0xffff,0xffff,0xffff,0xffff,0xffff,0xffff,0xffff,0xffff,0xffff,
  0xffff,0xffff,0xffff,0xffff,0xffff,0xffff,0xffff,0xffff,0xffff,0xffff,0xffff,0xffff,0xffff,0xffff,0xffff,0xffff,
  0xffff,0xffff,0xffff,0xffff,0xffff,0xffff,0xffff,0xffff,0xffff,0xffff,0xffff,0xffff,0xffff,0xffff,0xffff,0xffff,
  0xffff,0xffff,0xffff,0xffff,0xffff,0xffff,0xffff,0xffff,0xffff,0xffff,0xffff,0xffff,0xffff,0xffff,0xffff,0xffff,
  0xffff,0xffff,0xffff,0xffff,0xffff,0xffff,0xffff,0xffff,0xffff,0xffff,0xffff,0xffff,0xffff,0xffff,0xffff,0xffff,
  0xffff,0xdf5f,0x345d,0x037e,0x039f,0x03bf,0x03bf,0x03bf,0x03bf,0x03bf,0x03bf,0x03bf,0x03bf,0x03bf,0x03bf,0x03bf,
  0x03bf,0x03bf,0x039f,0x039f,0x039f,0x03bf,0x03bf,0x03bf,0x037e,0x139e,0xa65e,0xffff,0xffff,0xffff,0xffff,0xffff,
  0xffff,0xffff,0xffff,0xffff,0xffff,0xffff,0xffff,0xffff,0xffff,0xffff,0xffff,0xffff,0xffff,0xffff,0xffff,0xffff,
  0xffff,0xffff,0xffff,0xffff,0xffff,0xffff,0xffff,0xffff,0xffff,0xffff,0xffff,0xffff,0xffff,0xffff,0xffdf,0xffff,
  0x7bef,0x0000,0x0020,0x0000,0x0020,0x0000,0x9cd3,0xffff,0xffdf,0xffff,0xffff,0xffff,0xffff,0xffff,0xffff,0xffff,
  0xffff,0xffff,0xffff,0xffff,0xffff,0xffff,0xffff,0xffff,0xffff,0xffff,0xffff,0xffff,0xffff,0xffff,0xffff,0xffff,
  0xffff,0xffff,0xffff,0xffff,0xffff,0xffff,0xffff,0xffff,0xffff,0xffff,0xffff,0xffff,0xffff,0xffff,0xffff,0xffff,
  0xffff,0xffff,0xffff,0xffff,0xffff,0xffff,0xffff,0xffff,0xffff,0xffff,0xffff,0xffff,0xffff,0xffff,0xffff,0xffff,
  0xffff,0xffff,0xffff,0xffff,0xffff,0xffff,0xffff,0xffff,0xffff,0xffff,0xffff,0xffff,0xffff,0xffff,0xffff,0xffff,
  0xffff,0xffff,0xffff,0xffff,0xffff,0xffff,0xffff,0xffff,0xffff,0xffff,0xffff,0xffff,0xffff,0xffff,0xffff,0xffff,
  0xffff,0xffff,0xffff,0xffff,0xffff,0xffff,0xffff,0xffff,0xffff,0xffff,0xffff,0xffff,0xffff,0xffff,0xffff,0xffff,
  0xffff,0xffff,0xffff,0xffff,0xffff,0xffff,0xffff,0xffff,0xffff,0xffff,0xffff,0xffff,0xffff,0xffff,0xffff,0xffff,
  0xffff,0xffff,0xffff,0xffff,0xffff,0xffff,0xf7ff,0x8dbd,0x1bfd,0x035e,0x035f,0x039f,0x03bf,0x03bf,0x03bf,0x03df,
  0x03bf,0x03bf,0x03bf,0x03bf,0x03bf,0x03bf,0x03bf,0x03bf,0x03bf,0x037f,0x035f,0x0b9e,0x5cfc,0xd73f,0xffff,0xffff,
  0xffff,0xffff,0xffff,0xffff,0xffff,0xffff,0xffff,0xffff,0xffff,0xffff,0xffff,0xffff,0xffff,0xffff,0xffff,0xffff,
  0xffff,0xffff,0xffff,0xffff,0xffff,0xffff,0xffff,0xffff,0xffff,0xffff,0xffff,0xffff,0xffff,0xffff,0xffff,0xffff,
  0xffff,0xffff,0xffdf,0xffff,0x7bef,0x0000,0x0021,0x0000,0x0021,0x0000,0x9cd3,0xffff,0xffdf,0xffff,0xffff,0xffff,
  0xffff,0xffff,0xffff,0xffff,0xffff,0xffff,0xffff,0xffff,0xffff,0xffff,0xffff,0xffff,0xffff,0xffff,0xffff,0xffff,
  0xffff,0xffff,0xffff,0xffff,0xffff,0xffff,0xffff,0xffff,0xffff,0xffff,0xffff,0xffff,0xffff,0xffff,0xffff,0xffff,
  0xffff,0xffff,0xffff,0xffff,0xffff,0xffff,0xffff,0xffff,0xffff,0xffff,0xffff,0xffff,0xffff,0xffff,0xffff,0xffff,
  0xffff,0xffff,0xffff,0xffff,0xffff,0xffff,0xffff,0xffff,0xffff,0xffff,0xffff,0xffff,0xffff,0xffff,0xffff,0xffff,
  0xffff,0xffff,0xffff,0xffff,0xffff,0xffff,0xffff,0xffff,0xffff,0xffff,0xffff,0xffff,0xffff,0xffff,0xffff,0xffff,
  0xffff,0xffff,0xffff,0xffff,0xffff,0xffff,0xffff,0xffff,0xffff,0xffff,0xffff,0xffff,0xffff,0xffff,0xffff,0xffff,
  0xffff,0xffff,0xffff,0xffff,0xffff,0xffff,0xffff,0xffff,0xffff,0xffff,0xffff,0xffff,0xffff,0xffff,0xffff,0xffff,
  0xffff,0xffff,0xffff,0xffff,0xffff,0xffff,0xffff,0xffff,0xffff,0xffff,0xffff,0xffff,0xe7bf,0x9e3e,0x4cfe,0x1bfe,
  0x0b7e,0x035e,0x035f,0x037f,0x037f,0x037f,0x039f,0x037f,0x037f,0x037f,0x037e,0x039e,0x13dd,0x3c7d,0x7dbe,0xcf3f,
  0xffff,0xffff,0xffff,0xffff,0xffff,0xffff,0xffff,0xffff,0xffff,0xffff,0xffff,0xffff,0xffff,0xffff,0xffff,0xffff,
  0xffff,0xffff,0xffff,0xffff,0xffff,0xffff,0xffff,0xffff,0xffff,0xffff,0xffff,0xffff,0xffff,0xffff,0xffff,0xffff,
  0xffff,0xffff,0xffff,0xffff,0xffff,0xffff,0xffdf,0xffff,0x7bcf,0x0000,0x0000,0x0000,0x0000,0x0000,0x94b2,0xffff,
  0xffdf,0xffff,0xffff,0xffff,0xffff,0xffff,0xffff,0xffff,0xffff,0xffff,0xffff,0xffff,0xffff,0xffff,0xffff,0xffff,
  0xffff,0xffff,0xffff,0xffff,0xffff,0xffff,0xffff,0xffff,0xffff,0xffff,0xffff,0xffff,0xffff,0xffff,0xffff,0xffff,
  0xffff,0xffff,0xffff,0xffff,0xffff,0xffff,0xffff,0xffff,0xffff,0xffff,0xffff,0xffff,0xffff,0xffff,0xffff,0xffff,
  0xffff,0xffff,0xffff,0xffff,0xffff,0xffff,0xffff,0xffff,0xffff,0xffff,0xffff,0xffff,0xffff,0xffff,0xffff,0xffff,
  0xffff,0xffff,0xffff,0xffff,0xffff,0xffff,0xffff,0xffff,0xffff,0xffff,0xffff,0xffff,0xffff,0xffff,0xffff,0xffff,
  0xffff,0xffff,0xffff,0xffff,0xffff,0xffff,0xffff,0xffff,0xffff,0xffff,0xffff,0xffff,0xffff,0xffff,0xffff,0xffff,
  0xffff,0xffff,0xffff,0xffff,0xffff,0xffff,0xffff,0xffff,0xffff,0xffff,0xffff,0xffff,0xffff,0xffff,0xffff,0xffff,
  0xffff,0xffff,0xffff,0xffff,0xffff,0xffff,0xffff,0xffff,0xffff,0xffff,0xffff,0xffff,0xffff,0xffff,0xffff,0xffff,
  0xffff,0xffff,0xffff,0xd7bf,0xb6fe,0x963d,0x653e,0x44bf,0x3c7f,0x345e,0x345e,0x3c7d,0x3cbd,0x551d,0x85dd,0xae9e,
  0xdf3e,0xffff,0xffff,0xffff,0xffff,0xffff,0xffff,0xffff,0xffff,0xffff,0xffff,0xffff,0xffff,0xffff,0xffff,0xffff,
  0xffff,0xffff,0xffff,0xffff,0xffff,0xffff,0xffff,0xffff,0xffff,0xffff,0xffff,0xffff,0xffff,0xffff,0xffff,0xffff,
  0xffff,0xffff,0xffff,0xffff,0xffff,0xffff,0xffff,0xffff,0xffff,0xffff,0xffff,0xffff,0x9cd3,0x3186,0x39c7,0x39c7,
  0x39c7,0x3186,0xb596,0xffff,0xffff,0xffff,0xffff,0xffff,0xffff,0xffff,0xffff,0xffff,0xffff,0xffff,0xffff,0xffff,
  0xffff,0xffff,0xffff,0xffff,0xffff,0xffff,0xffff,0xffff,0xffff,0xffff,0xffff,0xffff,0xffff,0xffff,0xffff,0xffff,
  0xffff,0xffff,0xffff,0xffff,0xffff,0xffff,0xffff,0xffff,0xffff,0xffff,0xffff,0xffff,0xffff,0xffff,0xffff,0xffff,
  0xffff,0xffff,0xffff,0xffff,0xffff,0xffff,0xffff,0xffff,0xffff,0xffff,0xffff,0xffff,0xffff,0xffff,0xffff,0xffff,
  0xffff,0xffff,0xffff,0xffff,0xffff,0xffff,0xffff,0xffff,0xffff,0xffff,0xffff,0xffff,0xffff,0xffff,0xffff,0xffff,
  0xffff,0xffff,0xffff,0xffff,0xffff,0xffff,0xffff,0xffff,0xffff,0xffff,0xffff,0xffff,0xffff,0xffff,0xffff,0xffff,
  0xffff,0xffff,0xffff,0xffff,0xffff,0xffff,0xffff,0xffff,0xffff,0xffff,0xffff,0xffff,0xffff,0xffff,0xffff,0xffff,
  0xffff,0xffff,0xffff,0xffff,0xffff,0xffff,0xffff,0xffff,0xffff,0xffff,0xffff,0xffff,0xffff,0xffff,0xffff,0xffff,
};

#define LOGO_GIGADEVICE_W 85
#define LOGO_GIGADEVICE_H 68
static const uint16_t logo_gigadevice_bits[5780] = {
  0xffff,0xffff,0xffff,0xffff,0xffff,0xffff,0xffff,0xffff,0xffff,0xffff,0xffff,0xffff,0xffff,0xffff,0xffff,0xffff,
  0xffff,0xffff,0xffff,0xffff,0xffff,0xffff,0xffff,0xffff,0xffff,0xffff,0xffff,0xffff,0xffff,0xffff,0xffff,0xffff,
  0xffff,0xffff,0xffff,0xffff,0xcf7f,0x9ede,0x7e1c,0x65bb,0x555b,0x455b,0x455a,0x557b,0x6ddc,0x867d,0xb71e,0xe7df,
  0xffff,0xffff,0xffff,0xffff,0xffff,0xffff,0xffff,0xffff,0xffff,0xffff,0xffff,0xffff,0xffff,0xffff,0xffff,0xffff,
  0xffff,0xffff,0xffff,0xffff,0xffff,0xffff,0xffff,0xffff,0xffff,0xffff,0xffff,0xffff,0xffff,0xffff,0xffff,0xffff,
  0xffff,0xffff,0xffff,0xffff,0xffff,0xffff,0xffff,0xffff,0xffff,0xffff,0xffff,0xffff,0xffff,0xffff,0xffff,0xffff,
  0xffff,0xffff,0xffff,0xffff,0xffff,0xffff,0xffff,0xffff,0xffff,0xffff,0xffff,0xffff,0xffff,0xffff,0xffff,0xffff,
  0xffff,0xffff,0xffff,0xffff,0xffff,0xffff,0xd73e,0x7dba,0x3c99,0x1418,0x0418,0x0419,0x047a,0x04bb,0x049b,0x047a,
  0x047a,0x047a,0x045a,0x0c9a,0x24fa,0x5ddb,0xaefd,0xffff,0xffff,0xffff,0xffff,0xffff,0xffff,0xffff,0xffff,0xffff,
  0xffff,0xffff,0xffff,0xffff,0xffff,0xffff,0xffff,0xffff,0xffff,0xffff,0xffff,0xffff,0xffff,0xffff,0xffff,0xffff,
  0xffff,0xffff,0xffff,0xffff,0xffff,0xffff,0xffff,0xffff,0xffff,0xffff,0xffff,0xffff,0xffff,0xffff,0xffff,0xffff,
  0xffff,0xffff,0xffff,0xffff,0xffff,0xffff,0xffff,0xffff,0xffff,0xffff,0xffff,0xffff,0xffff,0xffff,0xffff,0xffff,
  0xffff,0xffff,0xffff,0xffff,0xffff,0xffff,0xffff,0xffff,0xffff,0xc6fd,0x54b8,0x0b35,0x02f5,0x02f6,0x0316,0x0337,
  0x0356,0x0376,0x03d8,0x0c9a,0x04db,0x04ba,0x04db,0x04db,0x04ba,0x049a,0x047b,0x045a,0x34fa,0x969d,0xf7ff,0xffff,
  0xffff,0xffff,0xffff,0xffff,0xffff,0xffff,0xffff,0xffff,0xffff,0xffff,0xffff,0xffff,0xffff,0xffff,0xffff,0xffff,
  0xffff,0xffff,0xffff,0xffff,0xffff,0xffff,0xffff,0xffff,0xffff,0xffff,0xffff,0xffff,0xffff,0xffff,0xffff,0xffff,
  0xffff,0xffff,0xffff,0xffff,0xffff,0xffff,0xffff,0xffff,0xffff,0xffff,0xffff,0xffff,0xffff,0xffff,0xffff,0xffff,
  0xffff,0xffff,0xffff,0xffff,0xffff,0xffff,0xffff,0xffff,0xffff,0xffff,0xffff,0xffff,0xef9e,0x64f8,0x0335,0x02f6,
  0x0357,0x0357,0x0357,0x0356,0x0357,0x0357,0x0336,0x0336,0x0356,0x0c18,0x0cbb,0x04ba,0x04bb,0x04bb,0x04bb,0x04bb,
  0x04bb,0x049a,0x045a,0x3d19,0xbf1d,0xffff,0xffff,0xffff,0xffff,0xffff,0xffff,0xffff,0xffff,0xffff,0xffff,0xffff,
  0xffff,0xffff,0xffff,0xffff,0xffff,0xffff,0xffff,0xffff,0xffff,0xffff,0xffff,0xffff,0xffff,0xffff,0xffff,0xffff,
  0xffff,0xffff,0xffff,0xffff,0xffff,0xffff,0xffff,0xffff,0xffff,0xffff,0xffff,0xffff,0xffff,0xffff,0xffff,0xffff,
  0xffff,0xffff,0xffff,0xffff,0xffff,0xffff,0xffff,0xffff,0xffff,0xffff,0xffff,0xffff,0xffff,0xffff,0xffff,0xffff,
  0xbebc,0x2395,0x02f5,0x0357,0x0357,0x0356,0x0356,0x0356,0x0356,0x0356,0x0356,0x0356,0x0357,0x0356,0x0336,0x0bf8,
  0x0cbb,0x049a,0x04bb,0x04bb,0x04bb,0x04bb,0x04bb,0x04bb,0x04bb,0x0499,0x863a,0xffff,0xffff,0xffff,0xffff,0xffff,
  0xffff,0xffff,0xffff,0xffff,0xffff,0xffff,0xffff,0xffff,0xffff,0xffff,0xffff,0xffff,0xffff,0xffff,0xffff,0xffff,
  0xffff,0xffff,0xffff,0xffff,0xffff,0xffff,0xffff,0xffff,0xffff,0xffff,0xffff,0xffff,0xffff,0xffff,0xffff,0xffff,
  0xffff,0xffff,0xffff,0xffff,0xffff,0xffff,0xffff,0xffff,0xffff,0xffff,0xffff,0xffff,0xffff,0xffff,0xffff,0xffff,
  0xffff,0xffff,0xffff,0xffff,0x9dfb,0x0315,0x0338,0x0377,0x0336,0x0356,0x0356,0x0356,0x0356,0x0356,0x0356,0x0356,
  0x0356,0x0356,0x0356,0x0336,0x0336,0x0c19,0x0cbb,0x04bb,0x04bb,0x04bb,0x04bb,0x04bb,0x04bb,0x04ba,0x04dc,0x047a,
  0x8e3c,0xffff,0xffff,0xffff,0xffff,0xffff,0xffff,0xffff,0xffff,0xffff,0xffff,0xffff,0xffff,0xffff,0xffff,0xffff,
  0xffff,0xffff,0xffff,0xffff,0xffff,0xffff,0xffff,0xffff,0xffff,0xffff,0xffff,0xffff,0xffff,0xffff,0xffff,0xffff,
  0xffff,0xffff,0xffff,0xffff,0xffff,0xffff,0xffff,0xffff,0xffff,0xffff,0xffff,0xffff,0xffff,0xffff,0xffff,0xffff,
  0xffff,0xffff,0xffff,0xffff,0xffff,0xffff,0xffdf,0xffff,0x8dbb,0x02f5,0x0357,0x0378,0x0336,0x0335,0x0356,0x0356,
  0x0356,0x0356,0x0356,0x0356,0x0356,0x0356,0x0356,0x0356,0x0356,0x0336,0x0357,0x0c7b,0x04bb,0x04bb,0x04bb,0x04bb,
  0x04bb,0x049b,0x04b9,0x04ba,0x049d,0x0c59,0xbf1d,0xffff,0xffff,0xffff,0xffff,0xffff,0xffff,0xffff,0xffff,0xffff,
  0xffff,0xffff,0xffff,0xffff,0xffff,0xffff,0xffff,0xffff,0xffff,0xffff,0xffff,0xffff,0xffff,0xffff,0xffff,0xffff,
  0xffff,0xffff,0xffff,0xffff,0xffff,0xffff,0xffff,0xffff,0xffff,0xffff,0xffff,0xffff,0xffff,0xffff,0xffff,0xffff,
  0xffff,0xffff,0xffff,0xffff,0xffff,0xffff,0xffff,0xffff,0xffff,0xffff,0xffff,0xffff,0x95fb,0x02f4,0x0357,0x0356,
  0x0336,0x0356,0x0357,0x0356,0x0356,0x0356,0x0356,0x0356,0x0356,0x0356,0x0356,0x0356,0x0356,0x0356,0x0336,0x0336,
  0x03f8,0x04bb,0x04bb,0x04bb,0x04bb,0x04bb,0x04db,0x04bb,0x049a,0x04ba,0x049a,0x4539,0xffff,0xffff,0xffff,0xffff,
  0xffff,0xffff,0xffff,0xffff,0xffff,0xffff,0xffff,0xffff,0xffff,0xffff,0xffff,0xffff,0xffff,0xffff,0xffff,0xffff,
  0xffff,0xffff,0xffff,0xffff,0xffff,0xffff,0xffff,0xffff,0xffff,0xffff,0xffff,0xffff,0xffff,0xffff,0xffff,0xffff,
  0xffff,0xffff,0xffff,0xffff,0xffff,0xffff,0xffff,0xffff,0xffff,0xffff,0xffff,0xffff,0xffff,0xffff,0xffff,0xffff,
  0xbe9c,0x0315,0x0356,0x0356,0x0356,0x0356,0x0356,0x0356,0x0356,0x0356,0x0356,0x0356,0x0356,0x0356,0x0356,0x0356,
  0x0356,0x0356,0x0356,0x0336,0x0336,0x0397,0x0c9b,0x04bb,0x04bb,0x04bb,0x04bb,0x04bb,0x04bb,0x04bb,0x04bb,0x04bb,
  0x0499,0xcf1e,0xffff,0xffff,0xffff,0xffff,0xffff,0xffff,0xffff,0xffff,0xffff,0xffff,0xffff,0xffff,0xffff,0xffff,
  0xffff,0xffff,0xffff,0xffff,0xffff,0xffff,0xffff,0xffff,0xffff,0xffff,0xffff,0xffff,0xffff,0xffff,0xffff,0xffff,
  0xffff,0xffff,0xffff,0xffff,0xffff,0xffff,0xffff,0xffff,0xffff,0xffff,0xffff,0xffff,0xffff,0xffff,0xffff,0xffff,
  0xffff,0xffff,0xffff,0xffff,0xe77e,0x2375,0x0316,0x0358,0x0356,0x0356,0x0356,0x0356,0x0356,0x0356,0x0356,0x0356,
  0x0356,0x0356,0x0356,0x0356,0x0356,0x0356,0x0356,0x0356,0x0336,0x0357,0x0356,0x0c5a,0x04bb,0x04bb,0x04bb,0x04bb,
  0x04bb,0x04bb,0x04bb,0x04bb,0x04bb,0x047a,0x8e1c,0xffff,0xffff,0xffff,0xffff,0xffff,0xffff,0xffff,0xffff,0xffff,
  0xffff,0xffff,0xffff,0xffff,0xffff,0xffff,0xffff,0xffff,0xffff,0xffff,0xffff,0xffff,0xffff,0xffff,0xffff,0xffff,
  0xffff,0xffff,0xffff,0xffff,0xffff,0xffff,0xffff,0xffff,0xffff,0xffff,0xffff,0xffff,0xffff,0xffff,0xffff,0xffff,
  0xffff,0xffff,0xffff,0xffff,0xffff,0xffff,0xffff,0xffff,0xffff,0x64d8,0x02f7,0x0356,0x0357,0x0357,0x0356,0x0356,
  0x0356,0x0356,0x0356,0x0356,0x0356,0x0356,0x0356,0x0356,0x0356,0x0356,0x0356,0x0356,0x0356,0x0336,0x0356,0x0336,
  0x0439,0x04db,0x04bb,0x04bb,0x04bb,0x04bb,0x04bb,0x04bb,0x04bb,0x04bb,0x047b,0x5dbb,0xffff,0xffff,0xffff,0xffff,
  0xffff,0xffff,0xffff,0xffff,0xffff,0xffff,0xffff,0xffff,0xffff,0xffff,0xffff,0xffff,0xffff,0xffff,0xffff,0xffff,
  0xffff,0xffff,0xffff,0xffff,0xffff,0xffff,0xffff,0xffff,0xffff,0xffff,0xffff,0xffff,0xffff,0xffff,0xffff,0xffff,
  0xffff,0xffff,0xffff,0xffff,0xffff,0xffff,0xffff,0xffff,0xffff,0xffff,0xffff,0xffff,0xffff,0xc6bc,0x02f4,0x0357,
  0x0357,0x0356,0x0356,0x0356,0x0356,0x0356,0x0356,0x0356,0x0356,0x0356,0x0356,0x0356,0x0356,0x0356,0x0356,0x0356,
  0x0356,0x0356,0x0336,0x0356,0x0336,0x0419,0x04db,0x04bb,0x04bb,0x04bb,0x04bb,0x04bb,0x04bb,0x04bb,0x04bb,0x047b,
  0x4dba,0xffff,0xffff,0xffff,0xffff,0xffff,0xffff,0xffff,0xffff,0xffff,0xffff,0xffff,0xffff,0xffff,0xffff,0xffff,
  0xffff,0xffff,0xffff,0xffff,0xffff,0xffff,0xffff,0xffff,0xffff,0xffff,0xffff,0xffff,0xffff,0xffff,0xffff,0xffff,
  0xffff,0xffff,0xffff,0xffff,0xffff,0xffff,0xffff,0xffff,0xffff,0xffff,0xffff,0xffff,0xffff,0xffff,0xffff,0xffff,
  0xffff,0xffff,0x4457,0x0316,0x0356,0x0357,0x0336,0x0356,0x0356,0x0356,0x0356,0x0356,0x0356,0x0356,0x0356,0x0356,
  0x0356,0x0356,0x0356,0x0356,0x0356,0x0336,0x0356,0x0356,0x0356,0x0316,0x0439,0x04db,0x04bb,0x04bb,0x04bb,0x049b,
  0x04bb,0x04bb,0x04bb,0x04db,0x049b,0x55da,0xffff,0xffff,0xffff,0xffff,0xffff,0xffff,0xffff,0xffff,0xffff,0xffff,
  0xffff,0xffff,0xffff,0xffff,0xffff,0xffff,0xffff,0xffff,0xffff,0xffff,0xffff,0xffff,0xffff,0xffff,0xffff,0xffff,
  0xffff,0xffff,0xffff,0xffff,0xffff,0xffff,0xffff,0xffff,0xffff,0xffff,0xffff,0xffff,0xffff,0xffff,0xffff,0xffff,
  0xffff,0xffff,0xffff,0xffff,0xffff,0xffff,0xc6dd,0x0336,0x0356,0x0336,0x0336,0x0336,0x0356,0x0356,0x0356,0x0356,
  0x0356,0x0356,0x0356,0x0356,0x0356,0x0356,0x0356,0x0356,0x0356,0x0356,0x0336,0x0356,0x0356,0x0337,0x0336,0x0c7a,
  0x04bb,0x04bb,0x04bb,0x04bb,0x049b,0x04ba,0x04da,0x049b,0x04bb,0x047a,0x863c,0xffff,0xffff,0xffff,0xffff,0xffff,
  0xffff,0xffff,0xffff,0xffff,0xffff,0xffff,0xffff,0xffff,0xffff,0xffff,0xffff,0xffff,0xffff,0xffff,0xffff,0xffff,
  0xffff,0xffff,0xffff,0xffff,0xffff,0xffff,0xffff,0xffff,0xffff,0xffff,0xffff,0xffff,0xffff,0xffff,0xffff,0xffff,
  0xffff,0xffff,0xffff,0xffff,0xffff,0xffff,0xffff,0xffff,0xffff,0xffff,0xffff,0x6cf8,0x02f5,0x0356,0x0336,0x0336,
  0x0336,0x0356,0x0356,0x0356,0x0356,0x0356,0x0356,0x0356,0x0356,0x0356,0x0356,0x0356,0x0356,0x0356,0x0356,0x0336,
  0x0356,0x0356,0x0336,0x0377,0x0c9b,0x04bb,0x04bb,0x04bb,0x04bb,0x04bc,0x04bb,0x04b9,0x049b,0x049c,0x0c59,0xbf3e,
  0xffff,0xffff,0xffff,0xffff,0xffff,0xffff,0xffff,0xffff,0xffff,0xffff,0xffff,0xffff,0xffff,0xffff,0xffff,0xffff,
  0xffff,0xffff,0xffff,0xffff,0xffff,0xffff,0xffff,0xffff,0xffff,0xffff,0xffff,0xffff,0xffff,0xffff,0xffff,0xffff,
  0xffff,0xffff,0xffff,0xffff,0xffff,0xffff,0xffff,0xffff,0xffff,0xffff,0xffff,0xffff,0xffff,0xffff,0xffff,0xefbf,
  0x2395,0x0336,0x0356,0x0336,0x0336,0x0336,0x0356,0x0356,0x0356,0x0356,0x0356,0x0356,0x0356,0x0356,0x0356,0x0356,
  0x0356,0x0356,0x0356,0x0356,0x0336,0x0356,0x0357,0x0336,0x03f8,0x04db,0x04bb,0x04bb,0x04bb,0x04bb,0x04bb,0x049b,
  0x04ba,0x04fb,0x049a,0x4d39,0xffff,0xffff,0xffff,0xffff,0xffff,0xffff,0xffff,0xffff,0xffff,0xffff,0xffff,0xffff,
  0xffff,0xffff,0xffff,0xffff,0xffff,0xffff,0xffff,0xffff,0xffff,0xffff,0xffff,0xffff,0xffff,0xffff,0xffff,0xffff,
  0xffff,0xffff,0xffff,0xffff,0xffff,0xffff,0xffff,0xffff,0xffff,0xffff,0xffff,0xffff,0xffff,0xffff,0xffff,0xffff,
  0xffff,0xffff,0xffff,0xffff,0xbebd,0x0316,0x0357,0x0336,0x0336,0x0336,0x0336,0x0356,0x0356,0x0356,0x0356,0x0356,
  0x0356,0x0356,0x0356,0x0356,0x0356,0x0356,0x0356,0x0356,0x0356,0x0336,0x0356,0x0356,0x0356,0x0c7a,0x04da,0x04bb,
  0x04bb,0x04bb,0x04bb,0x04bb,0x049a,0x04bb,0x04db,0x1478,0xcf3e,0xffff,0xffff,0xffff,0xffff,0xffff,0xffff,0xffff,
  0xffff,0xffff,0xffff,0xffff,0xffff,0xffff,0xffff,0xffff,0xffff,0xffff,0xffff,0xffff,0xffff,0xffff,0xffff,0xffff,
  0xffff,0xffff,0xffff,0xffff,0xffff,0xffff,0xffff,0xffff,0xffff,0xffff,0xffff,0xffff,0xffff,0xffff,0xffff,0xffff,
  0xffff,0xffff,0xffff,0xffff,0xffff,0xffff,0xffff,0xffff,0xffff,0x85ba,0x02f6,0x0357,0x0336,0x0336,0x0336,0x0336,
  0x0356,0x0356,0x0356,0x0356,0x0356,0x0356,0x0356,0x0356,0x0356,0x0356,0x0356,0x0356,0x0356,0x0356,0x0336,0x0356,
  0x0336,0x0bb8,0x0cbb,0x04bb,0x04bb,0x04bb,0x04bb,0x04bb,0x04ba,0x04bb,0x049c,0x0459,0xa67d,0xffff,0xffff,0xffff,
  0xffff,0xffff,0xffff,0xffff,0xffff,0xffff,0xffff,0xffff,0xffff,0xffff,0xffff,0xffff,0xffff,0xffff,0xffff,0xffff,
  0xffff,0xffff,0xffff,0xffff,0xffff,0xffff,0xffff,0xffff,0xffff,0xffff,0xffff,0xffff,0xffff,0xffff,0xffff,0xffff,
  0xffff,0xffff,0xffff,0xffff,0xffff,0xffff,0xffff,0xffff,0xffff,0xffff,0xffff,0xffff,0xffff,0xffff,0x54d9,0x02f5,
  0x0357,0x0356,0x0356,0x0356,0x0356,0x0356,0x0356,0x0356,0x0356,0x0356,0x0356,0x0356,0x0356,0x0356,0x0356,0x0356,
  0x0356,0x0356,0x0356,0x0356,0x0356,0x0336,0x0c5a,0x04bb,0x04ba,0x04ba,0x04ba,0x04bb,0x04bb,0x049b,0x047a,0x14b8,
  0xa6bd,0xffff,0xffff,0xffff,0xffff,0xffff,0xffff,0xffff,0xffff,0xffff,0xffff,0xffff,0xffff,0xffff,0xffff,0xffff,
  0xffff,0xffff,0xffff,0xffff,0xffff,0xffff,0xffff,0xffff,0xffff,0xffff,0xffff,0xffff,0xffff,0xffff,0xffff,0xffff,
  0xffff,0xffff,0xffff,0xffff,0xffff,0xffff,0xffff,0xffff,0xffff,0xffff,0xffff,0xffff,0xffff,0xffff,0xffff,0xffff,
  0xffff,0xffff,0xffff,0x3c37,0x0316,0x0357,0x0356,0x0356,0x0356,0x0356,0x0356,0x0356,0x0356,0x0356,0x0356,0x0356,
  0x0356,0x0356,0x0356,0x0356,0x0356,0x0356,0x0356,0x0356,0x0356,0x0336,0x0357,0x04db,0x04fb,0x04bb,0x04bb,0x049a,
  0x047a,0x047a,0x049a,0x557b,0xd75e,0xffff,0xffff,0xffff,0xffff,0xffff,0xffff,0xffff,0xffff,0xffff,0xffff,0xffff,
  0xffff,0xffff,0xffff,0xffff,0xffff,0xffff,0xffff,0xffff,0xffff,0xffff,0xffff,0xffff,0xffff,0xffff,0xffff,0xffff,
  0xffff,0xffff,0xffff,0xffff,0xffff,0xffff,0xffff,0xffff,0xffff,0xffff,0xffff,0xffff,0xffff,0xffff,0xffff,0xffff,
  0xffff,0xffff,0xffff,0xffff,0xffff,0xffff,0xffff,0xffff,0x33d6,0x0316,0x0356,0x0356,0x0356,0x0356,0x0356,0x0356,
  0x0356,0x0356,0x0356,0x0356,0x0356,0x0356,0x0356,0x0356,0x0356,0x0356,0x0356,0x0356,0x0357,0x0356,0x0336,0x0377,
  0x049a,0x047a,0x047a,0x0c9a,0x24da,0x4d5a,0x7e5c,0xbf5e,0xffff,0xffff,0xffff,0xffff,0xffff,0xdf7e,0x763b,0x559a,
  0x7dfb,0xd77e,0xffff,0xffff,0xffff,0xffff,0xffff,0xffff,0xffff,0xffff,0xffff,0xffff,0xffff,0xffff,0xffff,0xffff,
  0xffff,0xffff,0xffff,0xffff,0xffff,0xffff,0xffff,0xffff,0xffff,0xffff,0xffff,0xffff,0xffff,0xffff,0xffff,0xffff,
  0xffff,0xffff,0xffff,0xffff,0xffff,0xffff,0xffff,0xffff,0xffff,0xffff,0xffff,0xffff,0xf7df,0x23b6,0x0337,0x0356,
  0x0356,0x0356,0x0356,0x0356,0x0356,0x0356,0x0356,0x0356,0x0356,0x0356,0x0356,0x0356,0x0356,0x0356,0x0356,0x0356,
  0x0356,0x0336,0x0316,0x0356,0x13f6,0x6dbb,0x965c,0xb6fd,0xd75e,0xefdf,0xffff,0xffff,0xffff,0xffff,0xffff,0xffff,
  0xffff,0xbf3e,0x1c98,0x0479,0x04ba,0x047a,0x1499,0xb6fd,0xffff,0xffff,0xffff,0xffff,0xffff,0xffff,0xffff,0xffff,
  0xffff,0xffff,0xffff,0xffff,0xffff,0xffff,0xffff,0xffff,0xffff,0xffff,0xffff,0xffff,0xffff,0xffff,0xffff,0xffff,
  0xffff,0xffff,0xffff,0xffff,0xffff,0xffff,0xffff,0xffff,0xffff,0xffff,0xffff,0xffff,0xffff,0xffff,0xffff,0xffff,
  0xffff,0xf7df,0x23b6,0x0337,0x0356,0x0356,0x0356,0x0356,0x0356,0x0356,0x0356,0x0356,0x0356,0x0356,0x0336,0x0356,
  0x0356,0x0336,0x0336,0x0336,0x0336,0x0356,0x03b7,0x0bf9,0x045a,0x355a,0xffff,0xffff,0xffff,0xffff,0xffff,0xffff,
  0xffff,0xffff,0xffff,0xffff,0xffff,0xf7ff,0x351a,0x047a,0x0cbb,0x04bb,0x04db,0x04bb,0x2cfa,0xefdf,0xffff,0xffff,
  0xffff,0xffff,0xffff,0xffff,0xffff,0xffff,0xffff,0xffff,0xffff,0xffff,0xffff,0xffff,0xffff,0xffff,0xffff,0xffff,
  0xffff,0xffff,0xffff,0xffff,0xffff,0xffff,0xffff,0xffff,0xffff,0xffff,0xffff,0xffff,0xffff,0xffff,0xffff,0xffff,
  0xffff,0xffff,0xffff,0xffff,0xffff,0xffff,0xffff,0x2bf7,0x0316,0x0356,0x0356,0x0356,0x0356,0x0356,0x0356,0x0356,
  0x0356,0x0356,0x0336,0x0336,0x0356,0x0356,0x0357,0x0336,0x0336,0x0bb8,0x0c5a,0x0cbb,0x04da,0x04bb,0x1cda,0xefbf,
  0xffff,0xffff,0xffff,0xffff,0xffff,0xffff,0xffff,0xffff,0xffff,0xffff,0xd75e,0x0499,0x04bb,0x04bb,0x04bb,0x04bb,
  0x04ba,0x047a,0xc73e,0xffff,0xffff,0xffff,0xffff,0xffff,0xffff,0xffff,0xffff,0xffff,0xffff,0xffff,0xffff,0xffff,
  0xffff,0xffff,0xffff,0xffff,0xffff,0xffff,0xffff,0xffff,0xffff,0xffff,0xffff,0xffff,0xffff,0xffff,0xffff,0xffff,
  0xffff,0xffff,0xffff,0xffff,0xffff,0xffff,0xffff,0xffff,0xffff,0xffff,0xffff,0xffff,0x3c37,0x0315,0x0357,0x0356,
  0x0356,0x0356,0x0356,0x0356,0x0356,0x0356,0x0356,0x0356,0x0356,0x0337,0x0336,0x0336,0x03b7,0x0c5a,0x0cbb,0x04bb,
  0x049a,0x04da,0x049b,0x0479,0xbf3d,0xffff,0xffff,0xffff,0xffff,0xffff,0xffff,0xffff,0xffff,0xffff,0xffff,0xb6fd,
  0x0479,0x04bb,0x04bb,0x04bb,0x04bb,0x04db,0x047a,0xc71e,0xffff,0xffff,0xffff,0xffff,0xffff,0xffff,0xffff,0xffff,
  0xffff,0xffff,0xffff,0xffff,0xffff,0xffff,0xffff,0xffff,0xffff,0xffff,0xffff,0xffff,0xffff,0xffff,0xffff,0xffff,
  0xffff,0xffff,0xffff,0xffff,0xffff,0xffff,0xffff,0xffff,0xffff,0xffff,0xffff,0xffff,0xffff,0xffff,0xffff,0xffff,
  0xffff,0x5cd8,0x02f5,0x0357,0x0356,0x0356,0x0356,0x0356,0x0356,0x0356,0x0356,0x0356,0x0356,0x0357,0x0336,0x0356,
  0x0c39,0x04db,0x04bb,0x04bb,0x04bb,0x04bb,0x04bb,0x04bb,0x045a,0x5dfb,0xffff,0xffff,0xffff,0xffff,0xffff,0xffff,
  0xffff,0xffff,0xffff,0xffff,0x867d,0x047a,0x04bb,0x04bb,0x04bb,0x04bb,0x04bb,0x149a,0xdf7e,0xffff,0xffff,0xffff,
  0xffff,0xffff,0xffff,0xffff,0xffff,0xffff,0xffff,0xffff,0xffff,0xffff,0xffff,0xffff,0xffff,0xffff,0xffff,0xffff,
  0xffff,0xffff,0xffff,0xffff,0xffff,0xffff,0xffff,0xffff,0xffff,0xffff,0xffff,0xffff,0xffff,0xffff,0xffff,0xffff,
  0xffff,0xffff,0xffff,0xffff,0xffff,0xffff,0x85ba,0x02f5,0x0357,0x0356,0x0356,0x0356,0x0356,0x0356,0x0356,0x0356,
  0x0356,0x0357,0x0336,0x03b7,0x0c9a,0x04db,0x04ba,0x04bb,0x04bb,0x04bb,0x04bb,0x04bb,0x04db,0x049c,0x0cb9,0xd79e,
  0xffff,0xffff,0xffff,0xffff,0xffff,0xffff,0xffff,0xffff,0xffff,0x55ba,0x047b,0x04bb,0x04bb,0x04bb,0x04bb,0x049b,
  0x2c98,0xf7df,0xffff,0xffff,0xffff,0xffff,0xffff,0xffff,0xffff,0xffff,0xffff,0xffff,0xffff,0xffff,0xffff,0xffff,
  0xffff,0xffff,0xffff,0xffff,0xffff,0xffff,0xffff,0xffff,0xffff,0xffff,0xffff,0xffff,0xffff,0xffff,0xffff,0xffff,
  0xffff,0xffff,0xffff,0xffff,0xffff,0xffff,0xffff,0xffff,0xffff,0xffff,0xffff,0xb6bd,0x0316,0x0356,0x0336,0x0357,
  0x0357,0x0336,0x0336,0x0356,0x0356,0x0356,0x0316,0x03b8,0x0cbb,0x04db,0x04da,0x04bb,0x049b,0x04bb,0x04bb,0x04bb,
  0x049b,0x04bb,0x04bc,0x0499,0x4d7a,0xf7ff,0xffff,0xffff,0xffff,0xffff,0xffff,0xffff,0xffff,0xefbf,0x1cd9,0x04bb,
  0x04bb,0x049b,0x049a,0x04fb,0x043a,0x5cd8,0xffff,0xffff,0xffff,0xffff,0xffff,0xffff,0xffff,0xffff,0xffff,0xffff,
  0xffff,0xffff,0xffff,0xffff,0xffff,0xffff,0xffff,0xffff,0xffff,0xffff,0xffff,0xffff,0xffff,0xffff,0xffff,0xffff,
  0xffff,0xffff,0xffff,0xffff,0xffff,0xffff,0xffff,0xffff,0xffff,0xffff,0xffff,0xffff,0xffff,0xffff,0xffff,0xffff,
  0xefbf,0x1b96,0x0337,0x0356,0x0356,0x0357,0x0336,0x0336,0x0336,0x0356,0x0336,0x0bb8,0x0cbb,0x04bb,0x04bb,0x04bb,
  0x04bb,0x04bb,0x04bb,0x04bb,0x04bb,0x04ba,0x04bb,0x04bb,0x04bb,0x0459,0x75fc,0xffff,0xffff,0xffff,0xffff,0xffff,
  0xffff,0xffff,0xa6bd,0x0459,0x04bb,0x049b,0x04ba,0x04bb,0x0cbb,0x0337,0xa61b,0xffff,0xffff,0xffff,0xffff,0xffff,
  0xffff,0xffff,0xffff,0xffff,0xffff,0xffff,0xffff,0xffff,0xffff,0xffff,0xffff,0xffff,0xffff,0xffff,0xffff,0xffff,
  0xffff,0xffff,0xffff,0xffff,0xffff,0xffff,0xffff,0xffff,0xffff,0xffff,0xffff,0xffff,0xffff,0xffff,0xffff,0xffff,
  0xffff,0xffff,0xffff,0xffff,0xffff,0xffff,0x6cf8,0x02f6,0x0357,0x0335,0x0336,0x0357,0x0356,0x0337,0x0336,0x03b7,
  0x0cbb,0x049b,0x04bb,0x04bb,0x04bb,0x04bb,0x04bb,0x04bb,0x04bb,0x04bb,0x04ba,0x04ba,0x049b,0x049b,0x04db,0x045a,
  0x65bc,0xefdf,0xffff,0xffff,0xffff,0xffff,0xffff,0x3d7b,0x0479,0x0cb9,0x04ba,0x04fb,0x0c9b,0x0357,0x1355,0xe79e,
  0xffff,0xffff,0xffff,0xffff,0xffff,0xffff,0xffff,0xffff,0xffff,0xffff,0xffff,0xffff,0xffff,0xffff,0xffff,0xffff,
  0xffff,0xffff,0xffff,0xffff,0xffff,0xffff,0xffff,0xffff,0xffff,0xffff,0xffff,0xffff,0xffff,0xffff,0xffff,0xffff,
  0xffff,0xffff,0xffff,0xffff,0xffff,0xffff,0xffff,0xffff,0xffff,0xffff,0xffff,0xc6bc,0x0315,0x0357,0x0335,0x0336,
  0x0357,0x0356,0x0336,0x0357,0x0c9a,0x04db,0x04bb,0x04bb,0x04bb,0x04bb,0x04bb,0x04bb,0x04bb,0x04bb,0x04bb,0x04bb,
  0x04bb,0x049b,0x049b,0x04bb,0x04fb,0x0479,0x34da,0x9e9d,0xf7bf,0xffff,0xffff,0xc73e,0x049a,0x04bb,0x04da,0x049a,
  0x0bd9,0x0357,0x02f5,0x5cd7,0xffff,0xffff,0xffff,0xffff,0xffff,0xffff,0xffff,0xffff,0xffff,0xffff,0xffff,0xffff,
  0xffff,0xffff,0xffff,0xffff,0xffff,0xffff,0xffff,0xffff,0xffff,0xffff,0xffff,0xffff,0xffff,0xffff,0xffff,0xffff,
  0xffff,0xffff,0xffff,0xffff,0xffff,0xffff,0xffff,0xffff,0xffff,0xffff,0xffff,0xffff,0xffff,0xffff,0xffff,0xffff,
  0xffff,0x4436,0x0317,0x0357,0x0b35,0x0337,0x0337,0x0356,0x0c59,0x04db,0x04ba,0x04bb,0x04bb,0x04bb,0x04bb,0x04bb,
  0x04bb,0x04bb,0x04bb,0x04bb,0x049b,0x049b,0x04bb,0x04ba,0x04bb,0x04ba,0x04db,0x049b,0x0479,0x2cd9,0x5dbb,0x965c,
  0x3cba,0x0418,0x0bf8,0x0399,0x0357,0x0337,0x0b57,0x0315,0xc6fd,0xffff,0xffff,0xffff,0xffff,0xffff,0xffff,0xffff,
  0xffff,0xffff,0xffff,0xffff,0xffff,0xffff,0xffff,0xffff,0xffff,0xffff,0xffff,0xffff,0xffff,0xffff,0xffff,0xffff,
  0xffff,0xffff,0xffff,0xffff,0xffff,0xffff,0xffff,0xffff,0xffff,0xffff,0xffff,0xffff,0xffff,0xffff,0xffff,0xffff,
  0xffff,0xffff,0xffff,0xffff,0xffff,0xffff,0xb69c,0x0316,0x0357,0x0356,0x0336,0x0316,0x03d8,0x04db,0x04ba,0x04bb,
  0x04bb,0x04bb,0x04bb,0x04bb,0x04bb,0x04bb,0x04bb,0x04bb,0x04bb,0x049b,0x049b,0x04bb,0x04ba,0x04ba,0x04bb,0x049b,
  0x049b,0x04db,0x04bb,0x049b,0x03d8,0x0317,0x0356,0x0336,0x0317,0x0336,0x0357,0x02f5,0x5cb7,0xffff,0xffff,0xffff,
  0xffff,0xffff,0xffff,0xffff,0xffff,0xffff,0xffff,0xffff,0xffff,0xffff,0xffff,0xffff,0xffff,0xffff,0xffff,0xffff,
  0xffff,0xffff,0xffff,0xffff,0xffff,0xffff,0xffff,0xffff,0xffff,0xffff,0xffff,0xffff,0xffff,0xffff,0xffff,0xffff,
  0xffff,0xffff,0xffff,0xffff,0xffff,0xffff,0xffff,0xffff,0xffff,0xffff,0xffff,0xffff,0x54b8,0x02f6,0x0377,0x0337,
  0x0336,0x047a,0x04bb,0x049b,0x04bb,0x04bb,0x04bb,0x04bb,0x04bb,0x04bb,0x04bb,0x04bb,0x04bb,0x04bb,0x04bb,0x04bb,
  0x04bb,0x04bb,0x04bb,0x04bb,0x04bb,0x04bb,0x04bb,0x04bb,0x0c9a,0x0376,0x0356,0x0337,0x0357,0x0356,0x0337,0x0357,
  0x1334,0xdf3d,0xffff,0xffff,0xffff,0xffff,0xffff,0xffff,0xffff,0xffff,0xffff,0xffff,0xffff,0xffff,0xffff,0xffff,
  0xffff,0xffff,0xffff,0xffff,0xffff,0xffff,0xffff,0xffff,0xffff,0xffff,0xffff,0xffff,0xffff,0xffff,0xffff,0xffff,
  0xffff,0xffff,0xffff,0xffff,0xffff,0xffff,0xffff,0xffff,0xffff,0xffff,0xffff,0xffff,0xffff,0xffff,0xffff,0xffff,
  0xffff,0xe77e,0x1b76,0x0337,0x0357,0x0397,0x04bb,0x049b,0x04bb,0x04bb,0x04bb,0x04bb,0x04bb,0x04bb,0x04bb,0x04bb,
  0x04bb,0x04bb,0x04bb,0x04bb,0x04bb,0x04bb,0x04bb,0x04bb,0x049b,0x04bb,0x04db,0x04bb,0x0c9b,0x0377,0x0336,0x0336,
  0x0336,0x0356,0x0356,0x0359,0x02f6,0x95b9,0xffff,0xffff,0xffff,0xffff,0xffff,0xffff,0xffff,0xffff,0xffff,0xffff,
  0xffff,0xffff,0xffff,0xffff,0xffff,0xffff,0xffff,0xffff,0xffff,0xffff,0xffff,0xffff,0xffff,0xffff,0xffff,0xffff,
  0xffff,0xffff,0xffff,0xffff,0xffff,0xffff,0xffff,0xffff,0xffff,0xffff,0xffff,0xffff,0xffff,0xffff,0xffff,0xffff,
  0xffff,0xffff,0xffff,0xffff,0xffff,0xffff,0xffff,0xb67c,0x0316,0x0336,0x0c39,0x04bb,0x049b,0x04bb,0x04bb,0x04bb,
  0x04bb,0x04bb,0x04bb,0x04bb,0x04bb,0x04bb,0x04bb,0x04bb,0x04bb,0x04bb,0x04bb,0x04bb,0x04bb,0x04bb,0x049b,0x04bb,
  0x0cbb,0x0397,0x0336,0x0357,0x0336,0x0356,0x0356,0x0b57,0x02f5,0x5478,0xffff,0xffff,0xffff,0xffff,0xffff,0xffff,
  0xffff,0xffff,0xffff,0xffff,0xffff,0xffff,0xffff,0xffff,0xffff,0xffff,0xffff,0xffff,0xffff,0xffff,0xffff,0xffff,
  0xffff,0xffff,0xffff,0xffff,0xffff,0xffff,0xffff,0xffff,0xffff,0xffff,0xffff,0xffff,0xffff,0xffff,0xffff,0xffff,
  0xffff,0xffff,0xffff,0xffff,0xffff,0xffff,0xffff,0xffff,0xffff,0xffff,0xffff,0xffff,0xffff,0x8dba,0x02f4,0x0c9a,
  0x04bb,0x049a,0x049b,0x04bb,0x04bb,0x04bb,0x04bb,0x04bb,0x04bb,0x04bb,0x04bb,0x04bb,0x04bb,0x04bb,0x04bb,0x04bb,
  0x04bb,0x04bb,0x04bb,0x04bb,0x0c7a,0x0397,0x0336,0x0336,0x0356,0x0356,0x0336,0x0357,0x02f6,0x3c16,0xf7be,0xffff,
  0xffff,0xffff,0xffff,0xffff,0xffff,0xffff,0xffff,0xffff,0xffff,0xffff,0xffff,0xffff,0xffff,0xffff,0xffff,0xffff,
  0xffff,0xffff,0xffff,0xffff,0xffff,0xffff,0xffff,0xffff,0xffff,0xffff,0xffff,0xffff,0xffff,0xffff,0xffff,0xffff,
  0xffff,0xffff,0xffff,0xffff,0xffff,0xffff,0xffff,0xffff,0xffff,0xffff,0xffff,0xffff,0xffff,0xffff,0xffff,0xffff,
  0xffff,0xffff,0xffff,0x7dbb,0x0479,0x04ba,0x04bb,0x049b,0x049a,0x049b,0x049c,0x04bc,0x04bb,0x04ba,0x049b,0x049b,
  0x04bb,0x04bb,0x04bb,0x04bb,0x04bb,0x04bb,0x04db,0x04db,0x0c59,0x0377,0x0337,0x0357,0x0336,0x0356,0x0357,0x0b56,
  0x02f5,0x33f7,0xe79f,0xffff,0xffff,0xffff,0xffff,0xffff,0xffff,0xffff,0xffff,0xffff,0xffff,0xffff,0xffff,0xffff,
  0xffff,0xffff,0xffff,0xffff,0xffff,0xffff,0xffff,0xffff,0xffff,0xffff,0xffff,0xffff,0xffff,0xffff,0xffff,0xffff,
  0xffff,0xffff,0xffff,0xffff,0xffff,0xffff,0xffff,0xffff,0xffff,0xffff,0xffff,0xffff,0xffff,0xffff,0xffff,0xffff,
  0xffff,0xffff,0xffff,0xffff,0xffff,0xffff,0xffff,0xffff,0xffff,0x8e5c,0x0459,0x049b,0x04bb,0x04da,0x04ba,0x04ba,
  0x04bb,0x04bb,0x04bb,0x04bb,0x04bb,0x04bb,0x04bb,0x04bb,0x04ba,0x04bb,0x0cbb,0x0c9a,0x03d8,0x0336,0x0336,0x0336,
  0x0355,0x0356,0x0356,0x0377,0x02f6,0x4436,0xe79e,0xffff,0xffff,0xffff,0xffff,0xffff,0xffff,0xffff,0xffff,0xffff,
  0xffff,0xffff,0xffff,0xffff,0xffff,0xffff,0xffff,0xffff,0xffff,0xffff,0xffff,0xffff,0xffff,0xffff,0xffff,0xffff,
  0xffff,0xffff,0xffff,0xffff,0xffff,0xffff,0xffff,0xffff,0xffff,0xffff,0xffff,0xffff,0xffff,0xffff,0xffff,0xffff,
  0xffff,0xffff,0xffff,0xffff,0xffff,0xffff,0xffff,0xffff,0xffff,0xffff,0xffff,0xffff,0xffff,0xffff,0xffff,0xaedd,
  0x1cba,0x047a,0x04fb,0x04fb,0x04ba,0x04ba,0x04bb,0x04bb,0x04bb,0x04bb,0x04bb,0x04bb,0x04db,0x0cbb,0x0c7a,0x0bf9,
  0x0356,0x0317,0x0337,0x0356,0x0356,0x0357,0x0357,0x0337,0x0316,0x6d18,0xf7df,0xffff,0xffff,0xffff,0xffff,0xffff,
  0xffff,0xffff,0xffff,0xffff,0xffff,0xffff,0xffff,0xffff,0xffff,0xffff,0xffff,0xffff,0xffff,0xffff,0xffff,0xffff,
  0xffff,0xffff,0xffff,0xffff,0xffff,0xffff,0xffff,0xffff,0xffff,0xffff,0xffff,0xffff,0xffff,0xffff,0xffff,0xffff,
  0xffff,0xffff,0xffff,0xffff,0xffff,0xffff,0xffff,0xffff,0xffff,0xffff,0xffff,0xffff,0xffff,0xffff,0xffff,0xffff,
  0xffff,0xffff,0xffff,0xffff,0xffff,0xdf9e,0x5d3a,0x03f8,0x043a,0x0c9b,0x0cbb,0x04db,0x0cdb,0x0cbb,0x0c9b,0x0c9a,
  0x0c5a,0x0419,0x03b7,0x0356,0x0336,0x0336,0x0336,0x0356,0x0377,0x0357,0x0318,0x02d6,0x2bd6,0xb67c,0xffff,0xffff,
  0xffff,0xffff,0xffff,0xffff,0xffff,0xffff,0xffff,0xffff,0xffff,0xffff,0xffff,0xffff,0xffff,0xffff,0xffff,0xffff,
  0xffff,0xffff,0xffff,0xffff,0xffff,0xffff,0xffff,0xffff,0xffff,0xffff,0xffff,0xffff,0xffff,0xffff,0xffff,0xffff,
  0xffff,0xffff,0xffff,0xffff,0xffff,0xffff,0xffff,0xffff,0xffff,0xffff,0xffff,0xffff,0xffff,0xffff,0xffff,0xffff,
  0xffff,0xffff,0xffff,0xffff,0xffff,0xffff,0xffff,0xffff,0xffff,0xffff,0xffff,0xffff,0xb69c,0x4c56,0x0355,0x0357,
  0x0377,0x0b97,0x03b8,0x0397,0x0377,0x0336,0x0336,0x0336,0x0356,0x0357,0x0357,0x0356,0x0336,0x0316,0x02f5,0x2b95,
  0x8d9a,0xf7df,0xffff,0xffff,0xffff,0xffff,0xffff,0xffff,0xffff,0xffff,0xffff,0xffff,0xffff,0xffff,0xffff,0xffff,
  0xffff,0xffff,0xffff,0xffff,0xffff,0xffff,0xffff,0xffff,0xffff,0xffff,0xffff,0xffff,0xffff,0xffff,0xffff,0xffff,
  0xffff,0xffff,0xffff,0xffff,0xffff,0xffff,0xffff,0xffff,0xffff,0xffff,0xffff,0xffff,0xffff,0xffff,0xffff,0xffff,
  0xffff,0xffff,0xffff,0xffff,0xffff,0xffff,0xffff,0xffff,0xffff,0xffff,0xffff,0xffff,0xffff,0xffff,0xffff,0xffff,
  0xffff,0xffff,0xffff,0xc6fd,0x6d39,0x2bb6,0x02f5,0x02d5,0x02d5,0x02f6,0x0317,0x0317,0x0317,0x0316,0x02f6,0x02f5,
  0x0315,0x1b76,0x5477,0xa63b,0xefbf,0xffff,0xffff,0xffff,0xffff,0xffff,0xffff,0xffff,0xffff,0xffff,0xffff,0xffff,
  0xffff,0xffff,0xffff,0xffff,0xffff,0xffff,0xffff,0xffff,0xffff,0xffff,0xffff,0xffff,0xffff,0xffff,0xffff,0xffff,
  0xffff,0xffff,0xffff,0xffff,0xffff,0xffff,0xffff,0xffff,0xffff,0xffff,0xffff,0xffff,0xffff,0xffff,0xffff,0xffff,
  0xffff,0xffff,0xffff,0xffff,0xffff,0xffff,0xffff,0xffff,0xffff,0xffff,0xffff,0xffff,0xffff,0xffff,0xffff,0xffff,
  0xffff,0xffff,0xffff,0xffff,0xffff,0xffff,0xffff,0xffff,0xffff,0xffff,0xf7ff,0xc71d,0x9e1b,0x7539,0x5c97,0x4c36,
  0x4436,0x4456,0x4c77,0x64f8,0x85ba,0xaebc,0xe79e,0xffff,0xffff,0xffff,0xffff,0xffff,0xffff,0xffff,0xffff,0xffff,
  0xffff,0xffff,0xffff,0xffff,0xffff,0xffff,0xffff,0xffff,0xffff,0xffff,0xffff,0xffff,0xffff,0xffff,0xffff,0xffff,
  0xffff,0xffff,0xffff,0xffff,0xffff,0xffff,0xffff,0xffff,0xffff,0xffff,0xffff,0xffff,0xffff,0xffff,0xffff,0xffff,
  0xffff,0xffff,0xffff,0xffff,0xffff,0xffff,0xffff,0xffff,0xffff,0xffff,0xffff,0xffff,0xffff,0xffff,0xffff,0xffff,
  0xffff,0xffff,0xffff,0xffff,0xffff,0xffff,0xffff,0xffff,0xffff,0xffff,0xffff,0xffff,0xffff,0xffff,0xffff,0xffff,
  0xffff,0xffff,0xffff,0xffff,0xffff,0xffff,0xffff,0xffff,0xffff,0xffff,0xffff,0xffff,0xffff,0xffff,0xffff,0xffff,
  0xffff,0xffff,0xffff,0xffff,0xffff,0xffff,0xffff,0xffff,0xffff,0xffff,0xffff,0xffff,0xffff,0xffff,0xffff,0xffff,
  0xffff,0xffff,0xffff,0xffff,0xffff,0xffff,0xffff,0xffff,0xffff,0xffff,0xffff,0xffff,0xffff,0xffff,0xffff,0xffff,
  0xffff,0xffff,0xffff,0xffff,0xffff,0xffff,0xffff,0xffff,0xffff,0xffff,0xffff,0xffff,0xffff,0xffff,0xffff,0xffff,
  0xffff,0xffff,0xffff,0xffff,0xffff,0xffff,0xffff,0xffff,0xffff,0xffff,0xffff,0xffff,0xffff,0xffff,0xffff,0xffff,
  0xffff,0xffff,0xffff,0xffff,0xffff,0xffff,0xffff,0xffff,0xffff,0xffff,0xffff,0xffff,0xffff,0xffff,0xffff,0xffff,
  0xffff,0xffff,0xffff,0xffff,0xffff,0xffff,0xffff,0xffff,0xffff,0xffff,0xffff,0xffff,0xffff,0xffff,0xffff,0xffff,
  0xffff,0xffff,0xffff,0xffff,0xffff,0xffff,0xffff,0xffff,0xffff,0xffff,0xffff,0xffff,0xffff,0xffff,0xffff,0xffff,
  0xffff,0xffff,0xffff,0xffff,0xffff,0xffff,0xffff,0xffff,0xffff,0xffff,0xffff,0xffff,0xffff,0xffff,0xffff,0xffff,
  0xffff,0xffff,0xffff,0xffff,0xffff,0xffff,0xffff,0xffff,0xffff,0xffff,0xffff,0xffff,0xffff,0xffff,0xffff,0xffff,
  0xffff,0xffff,0xffff,0xffff,0xffff,0xffff,0xffff,0xffff,0xffff,0xffff,0xffff,0xffff,0xffff,0xffff,0xffff,0xffff,
  0xffff,0xffff,0xffff,0xffff,0xffff,0xffff,0xffff,0xffff,0xffff,0xffff,0xffff,0xffff,0xffff,0xffff,0xffff,0xffff,
  0xffff,0xffff,0xffff,0xffff,0xffff,0xffff,0xffff,0xffff,0xffff,0xffff,0xffff,0xffff,0xffff,0xffff,0xffff,0xffff,
  0xffff,0xffff,0xffff,0xffff,0xffff,0xffff,0xffff,0xffff,0xffff,0xffff,0xffff,0xffff,0xffff,0xffff,0xffff,0xffff,
  0xffff,0xffff,0xffff,0xffff,0xffff,0xffff,0xffff,0xffff,0xffff,0xffff,0xffff,0xffff,0xffff,0xffff,0xffff,0xffff,
  0xffff,0xffff,0xffff,0xffff,0xffff,0xffff,0xffff,0xffff,0xffff,0xffff,0xffff,0xffff,0xffff,0xffff,0xffff,0xffff,
  0xffff,0xffff,0xffff,0xffff,0xffff,0xffff,0xffff,0xffff,0xffff,0xffff,0xffff,0xffff,0xffff,0xffff,0xffff,0xffff,
  0xffff,0xffff,0xffff,0xffff,0xffff,0xffff,0xffff,0xffff,0xffff,0xffff,0xffff,0xffff,0xffff,0xffff,0xffff,0xffff,
  0xffff,0xffff,0xffff,0xffff,0xffff,0xffff,0xffff,0xffff,0xffff,0xffff,0xffff,0xffff,0xffff,0xffff,0xffff,0xffff,
  0xffff,0xffff,0xffff,0xffff,0xffff,0xffff,0xffff,0xffff,0xffff,0xffff,0xffff,0xffdf,0xffdf,0xffff,0xffff,0xffff,
  0xffff,0xffff,0xffff,0xffff,0xffff,0xffff,0xffff,0xffff,0xffff,0xffff,0xffff,0xffff,0xffff,0xffff,0xffff,0xffff,
  0xffff,0xffff,0xffff,0xffff,0xffff,0xffff,0xffff,0xffff,0xffff,0xffff,0xffff,0xffff,0xffff,0xffff,0xffff,0xffff,
  0xffff,0xffff,0xffff,0xffff,0xffff,0xffff,0xffff,0xffff,0xffff,0xffff,0xffff,0xffff,0xffff,0xffff,0xffff,0xffff,
  0xffff,0xffdf,0xffff,0xffff,0xffff,0xffff,0xffff,0xffff,0xffff,0xffff,0xffff,0xffff,0xffff,0xffff,0xffff,0xffff,
  0xffff,0xffff,0xffff,0xffff,0xffff,0xffff,0xffff,0xffff,0xffff,0xffff,0xffff,0xffff,0xffff,0xffff,0xffff,0xffff,
  0xffff,0xffff,0xffff,0xffff,0xffff,0xffff,0xffff,0xffff,0xffff,0xffff,0xffff,0xffff,0xffff,0xffff,0xffff,0xffff,
  0xffff,0xffff,0xffff,0xffff,0xffff,0xffff,0xffff,0xffff,0xffff,0xffff,0xffff,0xffff,0xffff,0xffff,0xffff,0xffff,
  0xffff,0xffff,0xffff,0xffff,0xffff,0xffff,0xffff,0xffff,0xffff,0xffff,0xffff,0xffff,0xffff,0xffff,0xffff,0xffff,
  0xffff,0xffff,0xffff,0xffff,0xffff,0xffff,0xffff,0xffff,0xffff,0xffff,0xffff,0xffff,0xffff,0xffff,0xffff,0xffff,
  0xffff,0xffff,0xffff,0xffff,0xffff,0xffff,0xffff,0xffff,0xffff,0xffff,0xffff,0xffff,0xef7d,0xc618,0xbdf7,0xc618,
  0xc618,0xbdf7,0xbdd7,0xf7be,0xe73c,0x840f,0x8410,0xe71c,0xffff,0xffff,0xffff,0xffff,0xffff,0xffff,0xffff,0xffff,
  0xffff,0xffff,0xffff,0xffff,0xffff,0xffff,0xffff,0xffff,0xffff,0xffff,0xffff,0xffff,0xce59,0xbdd7,0xc618,0xc618,
  0xc618,0xbdf7,0xdedb,0xffff,0xffff,0xffff,0xffff,0xffff,0xffff,0xffff,0xffff,0xffff,0xffff,0xffff,0xffff,0xffff,
  0xffff,0xffff,0xffff,0xffff,0xffff,0xffff,0xffff,0xffff,0xffff,0xffff,0xc5f8,0x7baf,0x9492,0xffdf,0xffff,0xffff,
  0xffff,0xffff,0xffff,0xffff,0xffff,0xffff,0xffff,0xffff,0xffff,0xffff,0xffff,0xffff,0xffff,0xffff,0xffff,0xffff,
  0xad55,0x3144,0x1861,0x0820,0x0820,0x1020,0x0820,0x0000,0xdedb,0xd6ba,0x0000,0x0000,0xc638,0xffff,0xffff,0xffff,
  0xffff,0xffff,0xffff,0xffff,0xffff,0xffff,0xffff,0xffff,0xffff,0xffff,0xffff,0xffff,0xffff,0xffff,0xffff,0xffff,
  0xffff,0x41c7,0x1020,0x1041,0x0820,0x0820,0x1020,0x20c2,0x734d,0xf7be,0xffff,0xffff,0xffff,0xffff,0xffff,0xffff,
  0xffff,0xffff,0xffff,0xffff,0xffff,0xffff,0xffff,0xffff,0xffff,0xffff,0xffff,0xffff,0xffff,0xffdf,0xffff,0x8410,
  0x0000,0x2104,0xf7be,0xffff,0xffff,0xffff,0xffff,0xffff,0xffff,0xffff,0xffff,0xffff,0xffff,0xffff,0xffff,0xffff,
  0xffff,0xffff,0xffff,0xffff,0xb575,0x1882,0x1061,0x3144,0x5a8a,0x5a8a,0x5aaa,0x5aaa,0x528a,0xe73c,0xe73c,0x5a8a,
  0x5269,0xdedb,0xffff,0xffff,0xffff,0xffff,0xffff,0xffff,0xffff,0xffff,0xffff,0xffff,0xffff,0xffff,0xffff,0xffff,
  0xffff,0xffff,0xffff,0xffff,0xffff,0xffff,0x4a28,0x1861,0x39a6,0x5aaa,0x5aaa,0x41e7,0x1882,0x0820,0x630b,0xffff,
  0xffff,0xffff,0xffff,0xffff,0xffff,0xffff,0xffff,0xffff,0xffff,0xffff,0xffff,0xffff,0xffff,0xffff,0xffff,0xffff,
  0xffff,0xffff,0xffff,0xffff,0xad55,0x4a28,0x6b4d,0xf7be,0xffff,0xffff,0xffff,0xffff,0xffff,0xffff,0xffff,0xffff,
  0xffff,0xffff,0xffff,0xffff,0xffff,0xffff,0xffff,0xffff,0xffff,0x41c6,0x1861,0x39c6,0xdedb,0xffff,0xffff,0xffff,
  0xffff,0xffff,0xffff,0xffdf,0xffff,0xffff,0xffff,0xffff,0xffff,0xffff,0xf79e,0xef5d,0xef5d,0xef5d,0xef3c,0xef5d,
  0xffff,0xffff,0xffff,0xffff,0xef5d,0xef5d,0xef5d,0xef5c,0xe73c,0xf7be,0xffff,0x4a48,0x0800,0x83ef,0xffff,0xffff,
  0xffdf,0x7bae,0x1881,0x1881,0xce59,0xffff,0xffff,0xffff,0xf7be,0xef5d,0xef3c,0xffdf,0xffff,0xffff,0xffdf,0xe73c,
  0xef3c,0xffdf,0xffff,0xffff,0xffff,0xffdf,0xef3c,0xe73c,0xffff,0xffdf,0xffff,0xffff,0xffff,0xffff,0xffff,0xffff,
  0xef5d,0xef3c,0xef5d,0xe73c,0xf7be,0xffff,0xffff,0xffff,0xef5d,0xef3d,0xef7d,0xffff,0xffff,0xffff,0x20e3,0x1041,
  0x9cd3,0xffff,0xffdf,0xffff,0xffff,0xffff,0xffdf,0xffff,0xd679,0x41c6,0x738e,0xe73c,0xffff,0xf7be,0x7bae,0x3165,
  0x2904,0x2904,0x2924,0x28e3,0x4a28,0xffdf,0xffff,0xc5f7,0x4a28,0x2924,0x2924,0x2924,0x3144,0x18c2,0xad34,0xffff,
  0x4a28,0x0800,0x83ce,0xffff,0xffdf,0xffff,0xf77e,0x3144,0x1040,0x9cb2,0xffff,0xf7be,0x8410,0x3985,0x2924,0x2924,
  0x41a6,0xa4f3,0xffff,0xef5d,0x39a6,0x18a2,0xad55,0xffff,0xffdf,0xffff,0xa4d3,0x1882,0x39c7,0xffdf,0x9cb2,0x41e7,
  0x9492,0xffdf,0xffff,0xe6fb,0x62eb,0x3144,0x2904,0x2904,0x2924,0xdeba,0xffff,0xbdd7,0x4a08,0x3124,0x2904,0x2944,
  0x630b,0xe73c,0xffff,0x20c3,0x1061,0xad55,0xffff,0xffff,0xffff,0xffff,0xffdf,0xffdf,0xffff,0xd69a,0x1861,0x0820,
  0xce59,0xffff,0x62eb,0x0800,0x1881,0x2903,0x2903,0x20e3,0x1861,0x39a6,0xffff,0xc638,0x18a2,0x1020,0x20e3,0x2903,
  0x2903,0x20c2,0x0820,0xa514,0xffff,0x4a28,0x0800,0x83cf,0xffff,0xffdf,0xffff,0xf79e,0x39a6,0x0820,0x9471,0xffff,
  0x736d,0x0800,0x1061,0x20e3,0x20e3,0x1061,0x0820,0x9cd3,0xffff,0x5289,0x0000,0x734d,0xffff,0xffdf,0xffff,0x62cb,
  0x0000,0x62eb,0xffff,0x8c51,0x0000,0x3144,0xffbe,0xf79e,0x41e7,0x0800,0x18a2,0x2924,0x18c2,0x4207,0xffff,0xc638,
  0x18a2,0x1020,0x20c3,0x2903,0x1881,0x0820,0x4207,0xef7d,0x20c3,0x1061,0xad34,0xffff,0xffff,0xffff,0xffff,0xffff,
  0xffff,0xffff,0xd69a,0x20c2,0x18a2,0xdedb,0xd6ba,0x1061,0x20a2,0xa4f3,0xe73c,0xef3c,0x7bcf,0x0820,0x49e7,0xffff,
  0x62eb,0x0820,0x5249,0xdedb,0xef5c,0xd679,0x2944,0x0841,0xa534,0xffff,0x4a28,0x0800,0x83cf,0xffff,0xffdf,0xffff,
  0xf79e,0x3985,0x0800,0x9cd3,0xef5d,0x18a2,0x18a2,0x9cb2,0xef7d,0xef7d,0x8410,0x1041,0x3165,0xffdf,0x9492,0x0800,
  0x41c7,0xf7be,0xffff,0xef7d,0x3965,0x1020,0x9cd3,0xffff,0x8c51,0x1040,0x41a6,0xffff,0xa4f3,0x0820,0x3144,0xc5f7,
  0xef5d,0xe71c,0xef5d,0xffff,0x62cb,0x0820,0x5289,0xe71c,0xf79e,0xce38,0x2944,0x0840,0x9cd2,0x20c3,0x1061,0xad34,
  0xffff,0xffdf,0xffff,0xd6ba,0x8c30,0xc618,0xffdf,0xd69a,0x20a2,0x1881,0xdedb,0xb596,0x1040,0x3124,0xef5d,0xffff,
  0xffff,0x8c30,0x0800,0x4207,0xffdf,0x4a28,0x0800,0x840f,0xffff,0xffff,0xef7d,0x3144,0x1020,0xa514,0xffff,0x4a28,
  0x0800,0x83cf,0xffff,0xffdf,0xffff,0xf79e,0x39a6,0x0800,0xa4f3,0xce79,0x1061,0x20c2,0xbdd7,0xdeba,0xdeda,0xad34,
  0x18a2,0x20c2,0xe6fb,0xd699,0x1881,0x20a2,0xce59,0xffff,0xbdf7,0x1881,0x20c3,0xd69a,0xffff,0x8c71,0x0820,0x39a6,
  0xffff,0x840f,0x0800,0x4a28,0xffff,0xffff,0xffff,0xffff,0xffff,0x4a08,0x0820,0x7bae,0xdedb,0xd69a,0xdedb,0x41e7,
  0x1041,0x734d,0x20c3,0x1061,0xad34,0xffff,0xffdf,0xffff,0xc618,0x0800,0x1082,0xdefb,0xdedb,0x18a2,0x1881,0xdedb,
  0xb5b6,0x1040,0x3124,0xe71c,0xffff,0xffff,0x8410,0x0800,0x4207,0xffdf,0x4a28,0x0800,0x83cf,0xffff,0xffff,0xe73c,
  0x3144,0x1020,0xa514,0xffff,0x4a28,0x0800,0x83cf,0xffff,0xffdf,0xffff,0xf79e,0x39a6,0x0800,0xa4f3,0xd679,0x1061,
  0x20c2,0x1061,0x1061,0x1061,0x1061,0x1881,0x1881,0xd69a,0xffdf,0x3985,0x0820,0x9492,0xffff,0x8430,0x0800,0x41e7,
  0xffbe,0xffff,0x9471,0x0820,0x39a6,0xffff,0x8c10,0x0800,0x4a27,0xffff,0xffff,0xffff,0xffff,0xffff,0x4a07,0x1881,
  0x18a2,0x1061,0x1061,0x1061,0x1882,0x1020,0x6b2c,0x20c3,0x1041,0xad55,0xffff,0xf7be,0xffff,0xc618,0x18a2,0x20c3,
  0xdefb,0xdedb,0x18a2,0x1881,0xdedb,0xb5b6,0x1040,0x3124,0xe71c,0xffff,0xffff,0x8410,0x0800,0x4207,0xffdf,0x4a28,
  0x0800,0x83cf,0xffff,0xffff,0xe73c,0x3144,0x1020,0xa514,0xffff,0x4a28,0x0800,0x83cf,0xffff,0xffdf,0xffff,0xf7be,
  0x39a6,0x0800,0x9cf3,0xd679,0x1061,0x20e3,0x41e7,0x4207,0x41e7,0x41e7,0x41e7,0x41e7,0xd6ba,0xffff,0x6b0c,0x0800,
  0x62eb,0xffff,0x5269,0x0800,0x7b8e,0xffff,0xffff,0x9471,0x0820,0x39a6,0xffff,0x8c10,0x0800,0x4a28,0xffff,0xffff,
  0xffff,0xffff,0xffff,0x4a07,0x1061,0x3185,0x4208,0x41e7,0x4207,0x4a08,0x39a6,0x840f,0x20e3,0x1041,0x840f,0xffff,
  0xffff,0xffff,0xd69a,0x1881,0x18c3,0xdefb,0xdedb,0x18a2,0x1881,0xdedb,0xb596,0x1041,0x3124,0xef5d,0xffff,0xffff,
  0x8c30,0x0800,0x4207,0xffdf,0x4a28,0x0800,0x83ef,0xffff,0xffff,0xef7d,0x3144,0x1020,0xa514,0xffff,0x4a28,0x0800,
  0x83ef,0xffff,0xffff,0xffff,0xdeba,0x28e3,0x1040,0xb596,0xce79,0x1061,0x20e3,0xe71c,0xffff,0xffff,0xffff,0xffff,
  0xffff,0xffdf,0xffff,0xa4f3,0x0820,0x39a6,0xdedb,0x2945,0x1040,0xb555,0xffff,0xffff,0x9471,0x0820,0x39a6,0xffff,
  0x8410,0x0800,0x4a28,0xffff,0xffff,0xffff,0xffff,0xffff,0x4a28,0x0800,0x8c50,0xffff,0xffff,0xffff,0xffff,0xffff,
  0xffff,0x5aaa,0x1041,0x2904,0x9cd3,0xdefb,0xe71b,0xb596,0x18a2,0x20c3,0xdefb,0xdedb,0x20a2,0x18a1,0xdeba,0xdedb,
  0x1881,0x20a2,0x9492,0xdefb,0xe6fc,0x7bae,0x0820,0x41e7,0xffff,0x6b0c,0x0800,0x4a08,0xd679,0xe71b,0xce59,0x3144,
  0x1040,0xa534,0xffff,0x4a28,0x0820,0x738d,0xe6fb,0xdefb,0xc638,0x4a28,0x1881,0x20c2,0xe73c,0xe71c,0x20c2,0x1882,
  0x8c50,0xe6fb,0xdefb,0xe6fb,0xdefb,0xef5d,0xffff,0xffff,0xd69a,0x20a2,0x28e3,0x6b4d,0x20c3,0x28e3,0xe6fb,0xffff,
  0xffff,0x9471,0x0820,0x39a6,0xffff,0xa514,0x1000,0x2924,0xb5b6,0xe6fb,0xdefb,0xdedb,0xf7be,0x62eb,0x0800,0x4a28,
  0xd69a,0xe6fb,0xdefb,0xdefb,0xe71b,0xffff,0xdedb,0x3186,0x0820,0x1020,0x20a2,0x20a2,0x20a2,0x18a2,0x1081,0xdefb,
  0xd6ba,0x1061,0x1861,0xce59,0xffff,0x734d,0x0800,0x1061,0x18c2,0x18a2,0x20c2,0x1881,0x41c7,0xffff,0xd69a,0x20c3,
  0x1020,0x1882,0x20a2,0x20a2,0x20a2,0x0800,0xa513,0xffff,0x41e7,0x1061,0x20a2,0x20a2,0x20a2,0x1861,0x1020,0x1041,
  0x9cd3,0xffff,0xffff,0x7bef,0x0800,0x1041,0x20a2,0x20a2,0x20c2,0x0841,0x9cf3,0xffff,0xffff,0xffdf,0x41e7,0x1020,
  0x1882,0x0800,0x5249,0xffff,0xffdf,0xffff,0x9451,0x0800,0x3986,0xffdf,0xf79e,0x4a08,0x0800,0x1081,0x18c2,0x18a2,
  0x18c2,0xe6fb,0xd69a,0x18c2,0x0820,0x1882,0x20a2,0x20a2,0x1041,0x5269,0xffdf,0xffff,0xe71c,0x6b2c,0x41c7,0x39a6,
  0x3986,0x39a6,0x39a6,0x3185,0xe71c,0xdefb,0x3185,0x3165,0xd679,0xffff,0xffdf,0x8c30,0x39c7,0x3185,0x3986,0x3144,
  0x1862,0x41e7,0xffdf,0xffff,0xce59,0x5a8a,0x39a6,0x39a6,0x39a6,0x39a6,0x2924,0xad55,0xffff,0x5aaa,0x3165,0x39a6,
  0x3986,0x39a6,0x39a6,0x5269,0xb596,0xffff,0xffff,0xffff,0xffff,0x9492,0x41e7,0x39a6,0x39a6,0x3986,0x39a6,0xdefb,
  0xffff,0xffdf,0xffff,0xce59,0x4228,0x31a6,0x4a49,0xd6ba,0xffff,0xffdf,0xffff,0x9cd3,0x2904,0x526a,0xf7be,0xffff,
  0xef5d,0x6b6d,0x39a6,0x39a6,0x3165,0x5aca,0xffff,0xffff,0xc638,0x5289,0x39a6,0x39a6,0x41a6,0x2924,0x94b2,0xffff,
  0xffff,0xffff,0xffff,0xffdf,0xffdf,0xffdf,0xffdf,0xffde,0xffbe,0xffff,0xffff,0xf7be,0xf7be,0xffff,0xffff,0xffff,
  0xffff,0xffff,0xffff,0xffff,0x8430,0x0820,0x41e7,0xffff,0xffff,0xffff,0xffff,0xf7de,0xffdf,0xffdf,0xffdf,0xf7be,
  0xffff,0xffff,0xffdf,0xf7be,0xffdf,0xffdf,0xffdf,0xffde,0xffff,0xffff,0xffff,0xffff,0xffff,0xffff,0xffff,0xffff,
  0xffde,0xffdf,0xffdf,0xffdf,0xffff,0xffff,0xffff,0xffff,0xffff,0xffff,0xf7be,0xffff,0xffff,0xffff,0xffff,0xffff,
  0xffdf,0xf7be,0xf7be,0xffff,0xffff,0xffff,0xffff,0xffdf,0xffdf,0xf7be,0xffff,0xffff,0xffff,0xffff,0xffff,0xffdf,
  0xffdf,0xffdf,0xffdf,0xffff,0xffff,0xffff,0xffff,0xffff,0xffff,0xffff,0xffff,0xffff,0xffff,0xffff,0xffff,0xffff,
  0xffff,0xffff,0xffff,0xffff,0xf79e,0xc5f7,0xce38,0xce59,0xbdd7,0x41e7,0x0800,0x6b2c,0xffff,0xffff,0xffff,0xffff,
  0xffff,0xffff,0xffff,0xffff,0xffff,0xffff,0xffff,0xffff,0xffff,0xffff,0xffff,0xffff,0xffff,0xffff,0xffff,0xffff,
  0xffff,0xffff,0xffff,0xffff,0xffff,0xffff,0xffff,0xffff,0xffff,0xffff,0xffff,0xffff,0xffff,0xffff,0xffff,0xffff,
  0xffff,0xffff,0xffff,0xffff,0xffff,0xffff,0xffff,0xffff,0xffff,0xffff,0xffff,0xffff,0xffff,0xffff,0xffff,0xffff,
  0xffff,0xffff,0xffff,0xffff,0xffff,0xffff,0xffff,0xffff,0xffff,0xffff,0xffff,0xffff,0xffff,0xffff,0xffff,0xffff,
  0xffff,0xffff,0xffff,0xffff,0xffff,0xffff,0xffff,0xffff,0xffff,0xef7d,0x2904,0x0820,0x1061,0x1040,0x1020,0x3144,
  0xdedb,0xffff,0xffff,0xffff,0xffff,0xffff,0xffff,0xffff,0xffff,0xffff,0xffff,0xffff,0xffff,0xffff,0xffff,0xffff,
  0xffff,0xffff,0xffff,0xffff,0xffff,0xffff,0xffff,0xffff,0xffff,0xffff,0xffff,0xffff,0xffff,0xffff,0xffff,0xffff,
  0xffff,0xffff,0xffff,0xffff,0xffff,0xffff,0xffff,0xffff,0xffff,0xffff,0xffff,0xffff,0xffff,0xffff,0xffff,0xffff,
  0xffff,0xffff,0xffff,0xffff,0xffff,0xffff,0xffff,0xffff,0xffff,0xffff,0xffff,0xffff,0xffff,0xffff,0xffff,0xffff,
  0xffff,0xffff,0xffff,0xffff,0xffff,0xffff,0xffff,0xffff,0xffff,0xffff,0xffff,0xffff,0xffff,0xffff,0xffff,0x7bcf,
  0x39c7,0x4a08,0x4208,0x6b0c,0xdedb,0xffff,0xffff,0xffff,0xffff,0xffff,0xffff,0xffff,0xffff,0xffff,0xffff,0xffff,
  0xffff,0xffff,0xffff,0xffff,0xffff,0xffff,0xffff,0xffff,0xffff,0xffff,0xffff,0xffff,0xffff,0xffff,0xffff,0xffff,
  0xffff,0xffff,0xffff,0xffff,0xffff,0xffff,0xffff,0xffff,0xffff,0xffff,0xffff,0xffff,0xffff,0xffff,0xffff,0xffff,
  0xffff,0xffff,0xffff,0xffff,0xffff,0xffff,0xffff,0xffff,0xffff,0xffff,0xffff,0xffff,0xffff,0xffff,0xffff,0xffff,
  0xffff,0xffff,0xffff,0xffff,
};

#define LOGO_SPARK_W 60
#define LOGO_SPARK_H 42
static const uint16_t logo_spark_bits[2520] = {
  0xffff,0xffff,0xffff,0xffff,0xffff,0xffff,0xffff,0xffff,0xffff,0xffff,0xffff,0xffff,0xffff,0xffff,0xffff,0xffff,
  0xffff,0xffff,0xffff,0xffff,0xec71,0xf208,0xfc71,0xfe38,0xffbe,0xffff,0xffff,0xffff,0xffff,0xffff,0xffff,0xffff,
  0xffff,0xffff,0xffff,0xffff,0xffff,0xffff,0xffff,0xffff,0xffff,0xffff,0xffff,0xffff,0xffff,0xffff,0xffff,0xffff,
  0xffff,0xffff,0xffff,0xffff,0xffff,0xffff,0xffff,0xffff,0xffff,0xffff,0xffff,0xffff,0xffff,0xffff,0xffff,0xffff,
  0xffff,0xffff,0xffff,0xffff,0xffff,0xffff,0xffff,0xffff,0xffff,0xffff,0xffff,0xffff,0xffff,0xffff,0xffff,0xffff,
  0xff7d,0xf104,0xf000,0xf061,0xf165,0xf34c,0xfd75,0xff7d,0xffff,0xffff,0xffff,0xffff,0xffff,0xffff,0xffff,0xffff,
  0xffff,0xffff,0xffff,0xffff,0xffff,0xffff,0xffff,0xffff,0xffff,0xffff,0xffff,0xffff,0xffff,0xffff,0xffff,0xffff,
  0xffff,0xffff,0xffff,0xffff,0xffff,0xffff,0xffff,0xffff,0xffff,0xffff,0xffff,0xffff,0xffff,0xffff,0xffff,0xffff,
  0xffff,0xffff,0xffff,0xffff,0xffff,0xffff,0xffff,0xffff,0xffff,0xffff,0xffff,0xffdf,0xffff,0xf535,0xf000,0xf081,
  0xf040,0xf000,0xe800,0xf0e3,0xf2eb,0xf596,0xffdf,0xffff,0xffff,0xffff,0xffff,0xffff,0xffff,0xffff,0xffff,0xffff,
  0xffff,0xffff,0xffff,0xffff,0xffff,0xffff,0xffff,0xffff,0xffff,0xffff,0xffff,0xffff,0xffff,0xffff,0xffff,0xffff,
  0xffff,0xffff,0xffff,0xffff,0xffff,0xffff,0xffff,0xffff,0xffff,0xffff,0xffff,0xffff,0xffff,0xffff,0xffff,0xffff,
  0xffff,0xffff,0xffff,0xffff,0xffff,0xffff,0xffff,0xffff,0xffff,0xff9e,0xf0e3,0xf040,0xf0a1,0xe8c1,0xe8a1,0xe860,
  0xe800,0xe820,0xf165,0xf451,0xff3c,0xffff,0xffff,0xffff,0xffff,0xffff,0xffff,0xffff,0xffff,0xffff,0xffff,0xffff,
  0xffff,0xffff,0xffff,0xffff,0xffff,0xffff,0xffff,0xffff,0xffff,0xffff,0xffff,0xffff,0xffff,0xffff,0xffff,0xffff,
  0xffff,0xffff,0xffff,0xffff,0xffff,0xffff,0xffff,0xffff,0xffff,0xffff,0xffff,0xffff,0xffff,0xffff,0xffff,0xffff,
  0xffff,0xffff,0xffff,0xffff,0xffff,0xffff,0xf228,0xf000,0xf081,0xe881,0xe881,0xe881,0xe8a1,0xe8a1,0xe840,0xe800,
  0xe8c3,0xf3cf,0xff3c,0xffff,0xffff,0xffff,0xffff,0xffff,0xffff,0xffff,0xffff,0xffff,0xffff,0xffff,0xffff,0xffff,
  0xffff,0xffff,0xffff,0xffff,0xffff,0xffff,0xffff,0xffff,0xffff,0xffff,0xffff,0xffff,0xffff,0xffff,0xffff,0xffff,
  0xffff,0xffff,0xffff,0xffff,0xffff,0xffff,0xffff,0xffff,0xffff,0xffff,0xffff,0xffff,0xffff,0xffff,0xffff,0xffff,
  0xffff,0xffff,0xf2ca,0xf000,0xf081,0xe881,0xe881,0xe881,0xe881,0xe881,0xe881,0xe8a1,0xe860,0xf000,0xe8e3,0xf471,
  0xffff,0xffff,0xffff,0xffff,0xffff,0xffff,0xffff,0xffff,0xffff,0xffff,0xffff,0xffff,0xffff,0xffff,0xffff,0xffff,
  0xffff,0xffff,0xffff,0xffff,0xffff,0xffff,0xffff,0xffff,0xffff,0xffff,0xffff,0xffff,0xffff,0xffff,0xffff,0xffff,
  0xffff,0xffff,0xffff,0xffff,0xffff,0xffff,0xffff,0xffff,0xffff,0xffff,0xffff,0xffff,0xffff,0xffff,0xea49,0xf000,
  0xf081,0xe861,0xe881,0xe881,0xe881,0xe881,0xe881,0xe881,0xe881,0xe8a1,0xf060,0xf000,0xf1c7,0xfe79,0xffff,0xffff,
  0xffff,0xffff,0xffff,0xffff,0xffff,0xffff,0xffff,0xffff,0xffff,0xffff,0xffff,0xffff,0xffff,0xffff,0xffff,0xffff,
  0xffff,0xffff,0xffff,0xffff,0xffff,0xffff,0xffff,0xffff,0xffff,0xffff,0xffff,0xffff,0xffff,0xffff,0xffff,0xffff,
  0xffff,0xffff,0xffff,0xffff,0xffff,0xffff,0xffff,0xffff,0xffff,0xff9e,0xf0e3,0xf040,0xe881,0xe881,0xe881,0xe881,
  0xe881,0xe881,0xe881,0xe881,0xe881,0xe881,0xe8a1,0xe8c1,0xf020,0xf061,0xf4f3,0xffff,0xffff,0xffff,0xffff,0xffff,
  0xffff,0xffff,0xffff,0xffff,0xffff,0xffff,0xffff,0xffff,0xffff,0xffff,0xffff,0xffff,0xffff,0xffff,0xffff,0xffff,
  0xffff,0xffff,0xffff,0xffff,0xffff,0xffff,0xffff,0xffff,0xffff,0xffff,0xffff,0xffff,0xffff,0xffff,0xffff,0xffff,
  0xffff,0xffff,0xffff,0xffdf,0xffff,0xf514,0xf000,0xf081,0xe860,0xe880,0xe881,0xe881,0xe881,0xe881,0xe881,0xe881,
  0xe881,0xe881,0xe881,0xe881,0xe8a1,0xf080,0xf000,0xf3ef,0xffff,0xffff,0xffff,0xffff,0xffff,0xffff,0xffff,0xffff,
  0xffff,0xffff,0xffff,0xffff,0xffff,0xffff,0xffff,0xffff,0xffff,0xffff,0xffff,0xffff,0xffff,0xffff,0xffff,0xffff,
  0xffff,0xffff,0xffff,0xffff,0xffff,0xffff,0xffff,0xffff,0xffff,0xffff,0xffff,0xffff,0xffff,0xffff,0xffff,0xffff,
  0xffbe,0xf124,0xf020,0xe881,0xe881,0xe881,0xe881,0xe881,0xe881,0xe881,0xe881,0xe881,0xe881,0xe881,0xe881,0xe8a1,
  0xe881,0xe8a1,0xe8a1,0xe800,0xf40f,0xffff,0xffff,0xffff,0xffff,0xffff,0xffff,0xffff,0xffff,0xffff,0xffff,0xffff,
  0xffff,0xffff,0xffff,0xffff,0xffff,0xffff,0xffff,0xffff,0xffff,0xffff,0xffff,0xffff,0xffff,0xffff,0xffff,0xffff,
  0xffff,0xffff,0xffff,0xffff,0xffff,0xffff,0xffff,0xffff,0xffff,0xffff,0xffdf,0xffff,0xf30c,0xf000,0xf081,0xe881,
  0xe881,0xe881,0xe881,0xe881,0xe8a1,0xe8a1,0xe881,0xe881,0xe881,0xe881,0xe881,0xe881,0xe881,0xe881,0xe881,0xf0a1,
  0xe800,0xf513,0xffff,0xffff,0xffff,0xffff,0xffff,0xffff,0xffff,0xffff,0xffff,0xffff,0xffff,0xffff,0xffff,0xffff,
  0xffff,0xffff,0xffff,0xffff,0xffff,0xffff,0xffff,0xffff,0xffff,0xffff,0xffff,0xffff,0xffff,0xffff,0xffff,0xffff,
  0xffff,0xffff,0xffff,0xffff,0xffff,0xffdf,0xffff,0xf410,0xf000,0xf061,0xe861,0xe881,0xe881,0xe880,0xe881,0xe881,
  0xe881,0xe881,0xe881,0xe881,0xe881,0xe881,0xe881,0xe881,0xe881,0xe881,0xe881,0xe881,0xf060,0xf0a2,0xff1c,0xffff,
  0xffff,0xffff,0xffff,0xffff,0xffff,0xffff,0xffff,0xffff,0xffff,0xffff,0xffff,0xffff,0xffff,0xffff,0xffff,0xffff,
  0xffff,0xffff,0xffff,0xffff,0xffff,0xffff,0xffff,0xffff,0xffff,0xffff,0xffff,0xffff,0xffff,0xffff,0xffff,0xffff,
  0xffff,0xffff,0xf410,0xf000,0xf081,0xe881,0xe881,0xe881,0xe881,0xe881,0xe881,0xe881,0xe881,0xe881,0xe881,0xe881,
  0xe881,0xe881,0xe881,0xe881,0xe881,0xe881,0xe881,0xe881,0xe8a1,0xf000,0xf34d,0xffff,0xffff,0xffff,0xffff,0xffff,
  0xffff,0xffff,0xffff,0xffff,0xffff,0xffff,0xffff,0xffff,0xffff,0xffff,0xffff,0xffff,0xffff,0xffff,0xffff,0xffff,
  0xffff,0xffff,0xffff,0xffff,0xffff,0xffff,0xffff,0xffff,0xffff,0xffff,0xffff,0xffff,0xffff,0xf32d,0xf000,0xf081,
  0xe881,0xe881,0xe881,0xe881,0xe8a1,0xe8a1,0xe881,0xe881,0xe881,0xe8a1,0xe881,0xe881,0xe881,0xe881,0xe881,0xe881,
  0xe881,0xe880,0xe881,0xe881,0xe881,0xf060,0xe8a2,0xff5d,0xffff,0xffff,0xffff,0xffff,0xffff,0xffff,0xffff,0xffff,
  0xffff,0xffff,0xffff,0xffff,0xffff,0xffff,0xffff,0xffff,0xffff,0xffff,0xffff,0xffff,0xffff,0xffff,0xffff,0xffff,
  0xffff,0xffff,0xffff,0xffff,0xffff,0xffdf,0xffff,0xff5d,0xea28,0xe800,0xe881,0xe881,0xe881,0xe881,0xe881,0xe881,
  0xe881,0xe8a1,0xe8a1,0xe8a1,0xe881,0xe881,0xe881,0xe8a1,0xe881,0xe881,0xe881,0xe881,0xe881,0xe881,0xe881,0xe881,
  0xe881,0xf0a1,0xf000,0xf555,0xffff,0xffdf,0xffff,0xf595,0xf555,0xffff,0xffff,0xffff,0xffff,0xffff,0xffff,0xffff,
  0xffff,0xffff,0xffff,0xffff,0xffff,0xffff,0xffff,0xffff,0xffff,0xffff,0xffff,0xffff,0xffff,0xffff,0xffff,0xffff,
  0xffdf,0xffff,0xf618,0xf104,0xf000,0xe8a1,0xe881,0xe881,0xe881,0xe881,0xe881,0xe881,0xe881,0xe881,0xe881,0xe881,
  0xe881,0xe881,0xe881,0xe8a1,0xe881,0xe881,0xe881,0xe881,0xe881,0xe881,0xe881,0xe881,0xe881,0xe8a1,0xf000,0xf3ef,
  0xffff,0xffbe,0xffff,0xeb6d,0xf000,0xf2ca,0xfedb,0xffff,0xffff,0xffff,0xffff,0xffff,0xffff,0xffff,0xffff,0xffff,
  0xffff,0xffff,0xffff,0xffff,0xffff,0xffff,0xffff,0xffff,0xffff,0xffff,0xffff,0xffff,0xffff,0xf4d3,0xe841,0xf020,
  0xf0a1,0xe881,0xe881,0xe881,0xe881,0xe881,0xe881,0xe8a1,0xe881,0xe881,0xe8a1,0xe8a1,0xe881,0xe881,0xe881,0xe881,
  0xe881,0xe881,0xe881,0xe881,0xe881,0xe881,0xe881,0xe881,0xe881,0xe8a1,0xf000,0xf36d,0xffff,0xffff,0xff1c,0xe8e3,
  0xf040,0xf000,0xf082,0xf492,0xffff,0xffff,0xffff,0xffff,0xffff,0xffff,0xffff,0xffff,0xffff,0xffff,0xffff,0xffff,
  0xffff,0xffff,0xffff,0xffff,0xffff,0xffff,0xffff,0xffff,0xf3af,0xf000,0xf061,0xe881,0xe881,0xe881,0xe881,0xe881,
  0xe881,0xe881,0xe8a1,0xe8a1,0xe8a1,0xe8a1,0xe8a1,0xe8a1,0xe8a1,0xe8a1,0xe881,0xe881,0xe881,0xe880,0xe880,0xe881,
  0xe881,0xe881,0xe881,0xe881,0xe881,0xf0a1,0xf000,0xf430,0xffff,0xf5f7,0xe924,0xf020,0xf081,0xe8a1,0xe860,0xe800,
  0xf28a,0xff7d,0xffff,0xffff,0xffff,0xffff,0xffff,0xffff,0xffff,0xffff,0xffff,0xffff,0xffff,0xffff,0xffff,0xffff,
  0xffff,0xffff,0xffff,0xf32c,0xe800,0xe861,0xe881,0xe881,0xe881,0xe881,0xe881,0xe881,0xe881,0xe8a1,0xe881,0xe881,
  0xe881,0xe881,0xe881,0xe881,0xe8a1,0xe881,0xe881,0xe881,0xe880,0xe880,0xe881,0xe881,0xe881,0xe881,0xe881,0xe8a1,
  0xe8a1,0xf0a1,0xf040,0xf36d,0xf30c,0xe820,0xe820,0xe881,0xe881,0xe881,0xe881,0xe8a1,0xe800,0xe944,0xfe9a,0xffff,
  0xffdf,0xffff,0xffff,0xffff,0xffff,0xffff,0xffff,0xffff,0xffff,0xffff,0xffdf,0xffff,0xffdf,0xffff,0xebae,0xe800,
  0xf081,0xe881,0xe881,0xe881,0xe881,0xe881,0xe881,0xe881,0xe881,0xe881,0xe8a1,0xe8a1,0xe881,0xe881,0xe881,0xe881,
  0xe881,0xe880,0xe880,0xe880,0xe880,0xe881,0xe881,0xe881,0xe881,0xe881,0xe881,0xe8a1,0xe8a1,0xe8a1,0xe8a1,0xe840,
  0xe800,0xe881,0xe8a1,0xe881,0xe881,0xe881,0xe881,0xe881,0xe8a1,0xf040,0xe8a2,0xf618,0xffff,0xffff,0xffff,0xffff,
  0xffff,0xffff,0xffff,0xffdf,0xffff,0xfe18,0xe966,0xfe9a,0xffff,0xf5d7,0xe800,0xf061,0xe861,0xe881,0xe881,0xe881,
  0xe881,0xe881,0xe881,0xe881,0xe881,0xe881,0xe8a1,0xe8a1,0xe881,0xe881,0xe881,0xe881,0xe881,0xe881,0xe880,0xe880,
  0xe880,0xe881,0xe881,0xe881,0xe881,0xe881,0xe881,0xe8a1,0xe8a1,0xe8a1,0xe881,0xe8a1,0xe8a1,0xe881,0xe881,0xe881,
  0xe881,0xe881,0xe881,0xe881,0xe881,0xe8a1,0xe840,0xe881,0xfe59,0xffff,0xffff,0xffff,0xffff,0xffff,0xffdf,0xffff,
  0xf555,0xf041,0xf000,0xf104,0xfe38,0xf249,0xf000,0xe881,0xe881,0xe881,0xe881,0xe881,0xe881,0xe881,0xe881,0xe881,
  0xe881,0xe8a1,0xe881,0xe8a1,0xe881,0xe881,0xe881,0xe881,0xe881,0xe081,0xe081,0xe881,0xe081,0xe881,0xe880,0xe881,
  0xe881,0xe881,0xe881,0xe881,0xe881,0xe881,0xe881,0xe881,0xe880,0xe881,0xe881,0xe881,0xe881,0xe881,0xe881,0xe881,
  0xe880,0xe880,0xe8a1,0xe840,0xe8e3,0xff1c,0xffff,0xffff,0xffff,0xffff,0xffff,0xf555,0xf020,0xf060,0xe8a1,0xf040,
  0xf061,0xf081,0xe861,0xe881,0xe881,0xe881,0xe881,0xe880,0xe881,0xe881,0xe881,0xe881,0xe881,0xe881,0xe881,0xe881,
  0xe881,0xe881,0xe081,0xe881,0xe880,0xe060,0xe080,0xe080,0xe081,0xe081,0xe880,0xe881,0xe880,0xe881,0xe880,0xe881,
  0xe881,0xe881,0xe881,0xe881,0xe881,0xe881,0xe881,0xe881,0xe881,0xe881,0xe881,0xe881,0xe881,0xe880,0xe880,0xe8a1,
  0xf000,0xea08,0xffdf,0xffff,0xffff,0xffff,0xf5b6,0xf020,0xf060,0xe881,0xe881,0xe8a1,0xe881,0xe881,0xe881,0xe881,
  0xe881,0xe881,0xe881,0xe881,0xe881,0xe081,0xe881,0xe881,0xe881,0xe881,0xe881,0xe881,0xe881,0xe881,0xe880,0xe881,
  0xe881,0xe880,0xe881,0xe881,0xe881,0xe880,0xe880,0xe880,0xe881,0xe881,0xe881,0xe881,0xe881,0xe881,0xe881,0xe881,
  0xe881,0xe881,0xe881,0xe881,0xe881,0xe881,0xe881,0xe881,0xe881,0xe881,0xe881,0xe881,0xe8a1,0xe800,0xf4d3,0xffff,
  0xffff,0xff1c,0xe882,0xf040,0xe881,0xe881,0xe881,0xe881,0xe881,0xe881,0xe881,0xe881,0xe881,0xe881,0xe881,0xe881,
  0xe881,0xe881,0xe881,0xe881,0xe881,0xe881,0xe881,0xe881,0xe881,0xe881,0xe881,0xe840,0xe860,0xe881,0xe881,0xe881,
  0xe881,0xe881,0xe881,0xe881,0xe881,0xe881,0xe881,0xe881,0xe881,0xe081,0xe081,0xe081,0xe081,0xe880,0xe081,0xe081,
  0xe081,0xe081,0xe081,0xe881,0xe881,0xe881,0xe880,0xe880,0xe881,0xf040,0xe944,0xff9e,0xffff,0xea8a,0xf000,0xf081,
  0xe881,0xe881,0xe881,0xe881,0xe881,0xe881,0xe881,0xe881,0xe881,0xe881,0xe881,0xe881,0xe881,0xe881,0xe881,0xe881,
  0xe881,0xe880,0xe880,0xe881,0xe881,0xf020,0xf000,0xf104,0xf0a2,0xf040,0xe860,0xe881,0xe881,0xe881,0xe881,0xe881,
  0xe881,0xe881,0xe881,0xe881,0xe881,0xe881,0xe081,0xe081,0xe081,0xe081,0xe881,0xe081,0xe081,0xe081,0xe081,0xe081,
  0xe881,0xe880,0xe880,0xe880,0xe880,0xe881,0xe800,0xf534,0xf5d7,0xf020,0xf061,0xe881,0xe881,0xe881,0xe881,0xe881,
  0xe881,0xe881,0xe881,0xe881,0xe881,0xe881,0xe881,0xe881,0xe881,0xe881,0xe881,0xe881,0xe881,0xe881,0xe8a1,0xf040,
  0xf000,0xf186,0xf4d3,0xff9e,0xf1c7,0xf000,0xe861,0xe860,0xe860,0xe880,0xe881,0xe881,0xe881,0xe881,0xe881,0xe881,
  0xe881,0xe881,0xe881,0xe881,0xe881,0xe881,0xe881,0xe881,0xe081,0xe080,0xe080,0xe880,0xe880,0xe880,0xe880,0xe880,
  0xe880,0xe881,0xf000,0xf2cb,0xeacb,0xf000,0xe881,0xe881,0xe881,0xe881,0xe881,0xe881,0xe881,0xe881,0xe881,0xe881,
  0xe881,0xe880,0xe881,0xe881,0xe881,0xe881,0xe881,0xe881,0xe881,0xf081,0xf000,0xf104,0xf4d3,0xffdf,0xffff,0xffff,
  0xf2ec,0xf000,0xf081,0xf061,0xe880,0xe880,0xe880,0xe881,0xe881,0xe881,0xe881,0xe881,0xe881,0xe881,0xe881,0xe881,
  0xe881,0xe881,0xe881,0xe881,0xe881,0xe080,0xe880,0xe880,0xe880,0xe880,0xe880,0xe880,0xe880,0xe881,0xf040,0xe985,
  0xe965,0xf020,0xe881,0xe881,0xe881,0xe881,0xe881,0xe880,0xe880,0xe881,0xe881,0xe881,0xe881,0xe881,0xe881,0xe881,
  0xe881,0xe881,0xe8a1,0xe8a1,0xf080,0xf000,0xf30c,0xff5d,0xffff,0xffff,0xffdf,0xffff,0xf618,0xf000,0xf861,0xf061,
  0xf081,0xe881,0xe881,0xe881,0xe881,0xe881,0xe881,0xe881,0xe881,0xe881,0xe881,0xe881,0xe881,0xe881,0xe881,0xe881,
  0xe881,0xe881,0xe881,0xe880,0xe880,0xe880,0xe880,0xe881,0xe881,0xe881,0xf040,0xf104,0xf124,0xf020,0xf081,0xe881,
  0xe881,0xe880,0xe880,0xe880,0xe880,0xe880,0xe881,0xe881,0xe881,0xe881,0xe881,0xe881,0xe881,0xe881,0xe8a1,0xf060,
  0xf041,0xf4f3,0xffff,0xffff,0xffdf,0xffff,0xffff,0xffff,0xffff,0xf30c,0xf000,0xf0a1,0xf081,0xf081,0xe881,0xe881,
  0xe881,0xe881,0xe880,0xe881,0xe881,0xe881,0xe881,0xe881,0xe881,0xe881,0xe881,0xe881,0xe881,0xe881,0xe881,0xe881,
  0xe881,0xe880,0xe881,0xe881,0xe881,0xe881,0xf020,0xe965,0xf228,0xf000,0xf081,0xe881,0xe881,0xe881,0xe881,0xe880,
  0xe880,0xe881,0xe881,0xe881,0xe881,0xe881,0xe881,0xe880,0xe880,0xe881,0xf060,0xf040,0xfd96,0xffff,0xffdf,0xffff,
  0xffff,0xffff,0xffff,0xffff,0xffff,0xff9e,0xf1e8,0xf000,0xf081,0xf081,0xe860,0xe881,0xe881,0xe881,0xe880,0xe880,
  0xe880,0xe880,0xe881,0xe881,0xe881,0xe881,0xe881,0xe881,0xe881,0xe881,0xe881,0xe881,0xe881,0xe881,0xe881,0xe881,
  0xe881,0xe881,0xe800,0xeaeb,0xf471,0xf000,0xf081,0xe881,0xe881,0xe881,0xe880,0xe880,0xe880,0xe880,0xe880,0xe881,
  0xe881,0xe881,0xe880,0xe880,0xe880,0xf081,0xf000,0xf4d3,0xffff,0xffdf,0xffff,0xffff,0xffff,0xffff,0xffff,0xffff,
  0xffff,0xffff,0xffbe,0xf2eb,0xf000,0xf000,0xf081,0xe881,0xe881,0xe881,0xe881,0xe881,0xe880,0xe880,0xe881,0xe881,
  0xe881,0xe881,0xe881,0xe8a1,0xe881,0xe881,0xe881,0xe881,0xe881,0xe880,0xe880,0xe880,0xe880,0xe881,0xe800,0xf596,
  0xff5d,0xf0e3,0xf040,0xe861,0xe860,0xe880,0xe881,0xe881,0xe881,0xe881,0xe881,0xe881,0xe881,0xe881,0xe880,0xe880,
  0xe881,0xf000,0xf248,0xffff,0xffdf,0xffff,0xffff,0xffff,0xffff,0xffff,0xffff,0xffff,0xffff,0xffff,0xffff,0xffff,
  0xf575,0xf186,0xf000,0xf000,0xf040,0xf081,0xe881,0xe881,0xe880,0xe880,0xe880,0xe881,0xe881,0xe881,0xe881,0xe881,
  0xe881,0xe881,0xe881,0xe881,0xe881,0xe880,0xe880,0xe880,0xe881,0xf020,0xe9a6,0xffdf,0xffff,0xf4b2,0xf000,0xf081,
  0xe860,0xe881,0xe881,0xe880,0xe881,0xe881,0xe881,0xe881,0xe881,0xe881,0xe881,0xe881,0xe881,0xe800,0xf5d7,0xffff,
  0xffff,0xffff,0xffff,0xffff,0xffff,0xffff,0xffff,0xffff,0xffff,0xffff,0xffff,0xffff,0xffff,0xffff,0xf575,0xea6a,
  0xe882,0xf000,0xf000,0xf040,0xe881,0xe880,0xe880,0xe880,0xe881,0xe881,0xe881,0xe881,0xe881,0xe881,0xe881,0xe881,
  0xe881,0xe881,0xe880,0xe881,0xf081,0xf000,0xf5d7,0xffff,0xffff,0xffff,0xf2aa,0xf800,0xf081,0xf060,0xe860,0xe860,
  0xe880,0xe881,0xe881,0xe881,0xe881,0xe881,0xe881,0xe881,0xe860,0xe903,0xff9e,0xffff,0xffff,0xffff,0xffff,0xffff,
  0xffff,0xffff,0xffff,0xffff,0xffff,0xffff,0xffff,0xffff,0xffff,0xffff,0xffff,0xffff,0xf71c,0xf535,0xf2cb,0xf0a2,
  0xf000,0xf060,0xe860,0xe860,0xe860,0xe860,0xe880,0xe881,0xe881,0xe880,0xe880,0xe860,0xe860,0xe860,0xe881,0xf0a1,
  0xf000,0xf410,0xffff,0xffff,0xffff,0xffff,0xffde,0xf28a,0xf000,0xf061,0xf081,0xf060,0xe860,0xe881,0xe880,0xe880,
  0xe880,0xe881,0xe881,0xe881,0xe840,0xe964,0xffdf,0xffff,0xffff,0xffff,0xffff,0xffff,0xffff,0xffff,0xffff,0xffff,
  0xffff,0xffff,0xffff,0xffff,0xffff,0xffff,0xffff,0xffff,0xffff,0xffff,0xffff,0xff3c,0xf3ae,0xf000,0xf040,0xe860,
  0xe860,0xe860,0xe880,0xe881,0xe880,0xe860,0xe860,0xe860,0xe860,0xe881,0xf040,0xf000,0xf3cf,0xffff,0xffff,0xffff,
  0xffff,0xffff,0xffff,0xffff,0xf3ae,0xf000,0xf000,0xf081,0xe881,0xe881,0xe881,0xe880,0xe860,0xe881,0xe881,0xe881,
  0xe860,0xe881,0xff3c,0xffff,0xffff,0xffff,0xffff,0xffff,0xffff,0xffff,0xffff,0xffff,0xffff,0xffff,0xffff,0xffff,
  0xffff,0xffff,0xffff,0xffff,0xffff,0xffff,0xffff,0xffff,0xffff,0xf3ef,0xf000,0xf081,0xe860,0xe860,0xe860,0xe880,
  0xe860,0xe860,0xe860,0xe881,0xf081,0xf000,0xf061,0xf4d3,0xffff,0xffff,0xffff,0xffff,0xffff,0xffff,0xffff,0xffff,
  0xffff,0xf5d7,0xf1a6,0xf000,0xf000,0xf081,0xe8a1,0xe881,0xe881,0xe881,0xe881,0xe880,0xe881,0xf000,0xf492,0xffff,
  0xffdf,0xffff,0xffff,0xffff,0xffff,0xffff,0xffff,0xffff,0xffff,0xffff,0xffff,0xffff,0xffff,0xffff,0xffff,0xffff,
  0xffff,0xffff,0xffff,0xffdf,0xffff,0xf5b6,0xf000,0xf081,0xe860,0xe860,0xe860,0xe880,0xe881,0xe8a1,0xf060,0xf000,
  0xf000,0xf28a,0xfebb,0xffff,0xffff,0xffff,0xffff,0xffff,0xffff,0xffff,0xffff,0xffff,0xffff,0xffff,0xffff,0xf534,
  0xe9e7,0xe800,0xf000,0xe820,0xe861,0xe881,0xe881,0xe881,0xe881,0xe860,0xe8a2,0xfefb,0xffff,0xffdf,0xffff,0xffff,
  0xffff,0xffff,0xffff,0xffff,0xffff,0xffff,0xffff,0xffff,0xffff,0xffff,0xffff,0xffff,0xffff,0xffff,0xffdf,0xffff,
  0xffff,0xe9e7,0xf000,0xe881,0xe881,0xe881,0xe881,0xe860,0xf020,0xf000,0xf040,0xf269,0xfdf7,0xffff,0xffff,0xffff,
  0xffff,0xffff,0xffff,0xffff,0xffff,0xffff,0xffff,0xffff,0xffff,0xffff,0xffff,0xffff,0xffff,0xf618,0xf34d,0xf104,
  0xe800,0xe800,0xe800,0xe820,0xe860,0xe8a1,0xf020,0xf1a6,0xff7d,0xffff,0xffff,0xffff,0xffff,0xffff,0xffff,0xffff,
  0xffff,0xffff,0xffff,0xffff,0xffff,0xffff,0xffff,0xffff,0xffff,0xffff,0xffff,0xff9e,0xea8a,0xf000,0xf081,0xe860,
  0xe820,0xe800,0xe800,0xf020,0xf186,0xf3cf,0xfe9a,0xffff,0xffff,0xffff,0xffff,0xffff,0xffff,0xffff,0xffff,0xffff,
  0xffff,0xffff,0xffff,0xffff,0xffff,0xffff,0xffff,0xffff,0xffff,0xffff,0xffff,0xffbe,0xf618,0xf410,0xf249,0xf104,
  0xf041,0xf000,0xf000,0xf000,0xf104,0xfe38,0xffff,0xffff,0xffff,0xffff,0xffff,0xffff,0xffff,0xffff,0xffff,0xffff,
  0xffff,0xffff,0xffff,0xffff,0xffff,0xffdf,0xf534,0xe8c3,0xf000,0xf000,0xf000,0xf081,0xf145,0xf2aa,0xf492,0xfe9a,
  0xffff,0xffff,0xffff,0xffff,0xffff,0xffff,0xffff,0xffff,0xffff,0xffff,0xffff,0xffff,0xffff,0xffff,0xffff,0xffff,
  0xffff,0xffff,0xffff,0xffff,0xffff,0xffff,0xffdf,0xffff,0xffff,0xffff,0xffff,0xff9e,0xfe59,0xfd14,0xf3cf,0xf2cb,
  0xf186,0xf145,0xf4d3,0xffdf,0xffff,0xffff,0xffff,0xffff,0xffff,0xffff,0xffff,0xffff,0xffff,0xffff,0xffff,0xffff,
  0xf679,0xf2ec,0xf124,0xf208,0xf34d,0xf451,0xfd96,0xfedb,0xffdf,0xffff,0xffff,0xffff,0xffff,0xffdf,0xffff,0xffff,
  0xffff,0xffff,0xffff,0xffff,0xffff,0xffff,0xffff,0xffff,
};

#endif